사업년도,과제명,연구책임자명,주관기관명,학문단,총연구기간,보고서구분
2023,돼지열병(아프리카 돼지열병 바이러스)의 viral protease와 cell attachment protein의 분자구조규명 및 억제제 발굴,안재우,포항공과대학교,생명과학단,2020-06-01 ~ 2023-03-15,결과보고서
2023,PEX13 기전 연구를 통한 퍼옥시좀 선택적 자식작용 조절 연구,조두신,경북대학교,생명과학단,2020-06-01 ~ 2023-03-31,결과보고서
2023,Culex pipiens complex에 속하는 한국산 빨간집모기와 지하집모기 간의 계통학적 연구,최광식,경북대학교,생명과학단,2020-06-01 ~ 2023-05-31,결과보고서
2023,국내의 하천 특성을 고려한 어도시스템 개발 및 검증,이영재,경북대학교,공학단,2020-06-01 ~ 2023-05-31,결과보고서
2023,도인 및 계혈등의 전신경화증 치료효능과 작용기전 연구,노종성,대구한의대학교,의약학단,2020-06-01 ~ 2023-05-31,결과보고서
2023,식물의 유성생식에서 지질방울의 역할: 환경스트레스 내성과 생식력 보존,황재웅,대구경북과학기술원,생명과학단,2020-06-01 ~ 2023-05-31,결과보고서
2023,증강현실 기반의 실시간 대화형 보철물 디자인 시스템,마이항나,경북대학교,의약학단,2020-06-01 ~ 2023-05-31,결과보고서
2023,Streptomyces 균주의 탄소원에 따른 global regulator의 활성화를 활용한 신규항생물질 생산 최적화,권윤,경북대학교,의약학단,2020-06-01 ~ 2023-05-31,결과보고서
2023,인체 내 비타민 D 활성 예측을 위한 대사체 바이오마커 발굴,권미리,경북대학교,의약학단,2020-06-01 ~ 2023-05-31,결과보고서
2023,고효율 퓨란계 재생 플라스틱 생산을 위한 단백질 공학 연구,김상우,경북대학교,생명과학단,2020-06-01 ~ 2023-05-31,결과보고서
2023,수전해용 인화 루테늄 삼원계 합금 촉매 합성,칸티카비라즈,경북대학교,자연과학단,2020-06-01 ~ 2023-05-31,결과보고서
2023,태양광 연료 생산을 위한 고효율 델라포사이트 복합 광소재 개발,최승요,경북대학교,공학단,2020-06-01 ~ 2023-05-31,결과보고서
2023,비만에 의한 만성신장질환 악화에서 지질 대사 관련 RNF20 조절을 통한 신보호 효과 규명,김유진,경북대학교,의약학단,2020-06-01 ~ 2023-05-31,결과보고서
2023,콜라겐 유발 인간 혈소판 응집에 대한 국내 토착 곤충의 억제효과 규명,신정해,경북대학교,생명과학단,2020-06-01 ~ 2023-05-31,결과보고서
2023,호르몬 저항성 전립선암의 신규 항암 표적유전자 발굴 및 분자 조절기전 연구,정지학,경북대학교,의약학단,2020-06-01 ~ 2023-05-31,결과보고서
2023,건설현장용 로봇에 적용 가능한 실외 영상기반 SLAM 기술 개발,만달소우멘,경북대학교,공학단,2020-06-01 ~ 2023-05-31,결과보고서
2023,다종 활성산소 동시 발생용 전자순환 시스템 개발,양소영,경북대학교,ICT·융합연구단,2020-06-01 ~ 2023-05-31,결과보고서
2023,스트레스와 치주균-유래 외막소포체에 의한 치조골 소실 기전 규명,인혜정,경북대학교,의약학단,2020-06-01 ~ 2023-05-31,결과보고서
2023,심전도 신호의 직선근사화에 기반한 기준점 검출 및 부정맥 분류 기법 연구,이승민,경북대학교,ICT·융합연구단,2020-06-01 ~ 2023-05-31,결과보고서
2023,혈뇌장벽누출에 대한 성상교세포 유래 분비 단백질의 생물학적 표지자 발굴 및 치매 조기진단 마커로의 활용성 연구,김종헌,경북대학교,의약학단,2020-06-01 ~ 2023-05-31,결과보고서
2023,초등교육공간 활성화를 위한 사용자 중심의 시지각 평가기법 개발연구,박선명,경북대학교,ICT·융합연구단,2020-06-01 ~ 2023-05-31,결과보고서
2023,정밀 측정 실험 과 인공지능기술을 통한 입자 물리학의 개척,ANDRES,경북대학교,자연과학단,2020-06-01 ~ 2023-05-31,결과보고서
2023,종양 표적 펩타이드 및 PD-L1 차단 펩타이드로 구성된 이중 펩타이드의 비유전공학적 표지를 통한 폐암에 대한 T 세포 치료기술 개발,GOWRIRANGASWAMYGU-NASSEKARAN,경북대학교,의약학단,2020-06-01 ~ 2023-05-31,결과보고서
2023,논에서 벼 대체작물 참깨의 안정적인 생산을 위한 광합성세균과 바이오차의 활용 연구,강상모,경북대학교,생명과학단,2020-06-01 ~ 2023-05-31,결과보고서
2023,축산용 완전혼합 발효사료(TMF) 제조공정 개발 및 최적 배합비율과 품질관리에 대한 연구,우승민,경북대학교,생명과학단,2020-06-01 ~ 2023-05-31,결과보고서
2023,일차섬모 세포소기관 신규 조절인자의 기전 규명에 기반한 섬모이상질환 제어 기술 개발,배지은,경북대학교,생명과학단,2020-06-01 ~ 2023-05-31,결과보고서
2023,3D프린팅 기반 마이크로인큐베이터 시스템을 이용한 Xenopus 기관발생에서의 Mixer 기능 연구,채정필,경북대학교,생명과학단,2020-06-01 ~ 2023-05-31,결과보고서
2023,비침습적 약물의존 생체지표 발굴을 위한 다중-오믹스-네트워크 분석연구,장원준,계명대학교,의약학단,2020-06-01 ~ 2023-05-31,결과보고서
2023,이소시트르산 탈수소효소 2에 의한 갈색지방세포의 발생 및 분화 조절 기전 규명,이재호,계명대학교,의약학단,2020-06-01 ~ 2023-05-31,결과보고서
2023,사용성평가 검증기반 다감각 피드백제어 가상현실재활훈련시스템 개발,조상우,계명대학교,ICT·융합연구단,2020-06-01 ~ 2023-05-31,결과보고서
2023,IoT 지원 물리적 인터넷 허브를 위한 분산 지능형 포그 컴퓨팅 구조,tran dang hoa,금오공과대학교,ICT·융합연구단,2020-06-01 ~ 2023-05-31,결과보고서
2023,영상 기반 3차원 골절 모델링을 통한 골절 수술 내비게이션,하호건,대구경북과학기술원,ICT·융합연구단,2020-06-01 ~ 2023-05-31,결과보고서
2023,In Vitro 혈맥 시스템을 통한 맥상(脈象) 및 병증(病證) 표준화 연구,송지청,대구한의대학교,의약학단,2017-06-01 ~ 2023-05-31,결과보고서
2023,초저전력 개인맞춤형 체내 글루코스 검출 시스템에 관한 연구,이경수,포항공과대학교,ICT·융합연구단,2020-06-01 ~ 2023-05-31,결과보고서
2023,파킨슨병 치료용 성장인자 단백질의 전달을 위한 양친매성 고분자 코아세르베이트 기반 혈관-뇌-장벽 투과 나노운반체의 개발 및 신경세포에서 운반체의 실시간 이동경로 추적,DE RANJIT,포항공과대학교,자연과학단,2020-06-01 ~ 2023-05-31,결과보고서
2023,딥러닝학습기반 제약 클러스터링,이혜선,포항공과대학교,ICT·융합연구단,2020-06-01 ~ 2023-05-31,결과보고서
2023,연속단계 효소화학적 반응을 위한 다중모드 나노바이오-하이브리드-촉매물질 개발 연구,KUMARI NITEE,포항공과대학교,자연과학단,2020-06-01 ~ 2023-05-31,결과보고서
2023,공간정보를 활용한 식물 다양성 조사 방법 최적화,조기환,영남대학교,생명과학단,2020-06-01 ~ 2023-05-31,결과보고서
2023,글로벌 금융시스템에서 네트워크 속성이 자본유출입과 거시경제에 미치는 영향에 관한 금융·컴퓨터공학 측면의 융·복합 연구,정덕종,포항공과대학교,ICT·융합연구단,2020-06-01 ~ 2023-05-31,결과보고서
2023,효율적인 자율주행 모방학습을 위한 크라우드소싱 기반 고위험 예제 시뮬레이션,송진영,대구경북과학기술원,ICT·융합연구단,2020-06-01 ~ 2023-05-31,결과보고서
2023,점탄성 환경과 상호 작용하는 액티브 입자에 대한 일반 랑제방 동역학 해석학적 연구,DURANG XAVIER,포항공과대학교,자연과학단,2020-06-01 ~ 2023-05-31,결과보고서
2023,강유전체 하프니아 기반 슈퍼스팁 스위칭 소자 메커니즘 규명 및 다중 Vth를 이용한 대면적 멀티레벨 로직 회로 구현,황현준,포항공과대학교,ICT·융합연구단,2020-06-01 ~ 2023-05-31,결과보고서
2023,멤브레인 비가역적 오염 제어 핵심 파울링 단백질체 탐색,정희정,포항공과대학교,ICT·융합연구단,2020-06-01 ~ 2023-05-31,결과보고서
2023,등각 블록을 이용한 게이지/중력 쌍대성 이론에 대한 연구,NISHIDA MITSUHIRO,포항공과대학교,자연과학단,2020-06-01 ~ 2023-05-31,결과보고서
2023,3D 프린팅 기법을 이용한 단백질 감지용 분자각인 하이드로겔 개발,양진철,경북대학교,공학단,2021-06-01 ~ 2023-05-31,결과보고서
2023,알츠하이머 병에서 아밀로이드 베타 올리고머로 인한 Parkin과 소포체 스트레스의 역할의 연구,감민경,경북대학교,생명과학단,2021-06-01 ~ 2023-05-31,결과보고서
2023,위상자성체 고압상에서의 거대 홀효과 연구,SUSILO RESTA AGUNG,포항공과대학교,자연과학단,2021-06-01 ~ 2023-05-31,결과보고서
2023,"여성 공감형 생활공간으로서의 도시 공공공간 실현 방안 연구-도시공간에 대한 사회,정서적 기능과 장소,환경적 가치제고",김묘정,경북대학교,공학단,2021-06-01 ~ 2023-05-31,결과보고서
2023,GluN2B 발현제어를 통한 코카인 중독에서 침묵 시냅스의 기능성 규명,김현진,포항공과대학교,생명과학단,2021-06-01 ~ 2023-05-31,결과보고서
2023,신약재창출에 이용되는 당뇨병치료제의 세포사멸기전에 관한 연구,장지훈,영남대학교,의약학단,2020-06-01 ~ 2023-05-31,결과보고서
2023,기계학습을 이용한 광전자 장치용 안정한 페로브스카이트 개발 전략,김보형,포항공과대학교,공학단,2020-06-01 ~ 2023-05-31,결과보고서
2023,IGF-1 수용체의 편향 활성제를 통한 당뇨병 치료제 개발,윤나오,포항공과대학교,생명과학단,2020-06-01 ~ 2023-05-31,결과보고서
2023,다중자극-반응형 생물직교성 나노반응기 촉매 개발,KUMAR AMIT,포항공과대학교,자연과학단,2020-06-01 ~ 2023-05-31,결과보고서
2023,단백질 복합체 내부 비정형 단백질 부분의 힘 분광학 관측,차민권,포항공과대학교,자연과학단,2021-06-01 ~ 2023-05-31,결과보고서
2023,Drop-in 앵커리지를 활용한 하이브리드 FRP 앵커의 급속내진보강기법 개발,장준호,계명대학교,공학단,2018-06-01 ~ 2023-05-31,결과보고서
2023,퍼블릭 블록체인 네트워크 모니터링과 분석을 통한 네트워크 성능 개선,주홍택,계명대학교,ICT·융합연구단,2018-06-01 ~ 2023-05-31,결과보고서
2023,유전체 불안정성 조절을 통한 세포독성 항암제 효율 증진 연구,장혜령,한동대학교,생명과학단,2018-06-01 ~ 2023-05-31,결과보고서
2023,나노구조를 가진 전극표면에서의 이온성 액체 거동에 관한 이론적 연구,강인석,포항공과대학교,공학단,2017-06-01 ~ 2023-05-31,결과보고서
2023,탄화규소의 접합 및 투명 세라믹스 제조,윤당혁,영남대학교,공학단,2018-06-01 ~ 2023-05-31,결과보고서
2023,유전적 광학 이미징 센서를 이용한 통증억제제의 개발,윤동호,경북대학교,의약학단,2018-06-01 ~ 2023-05-31,결과보고서
2023,병원 환경에서의 다중 행위자 기반 화재 피난-구조 성능평가 모델 개발,권지훈,계명대학교,공학단,2018-06-01 ~ 2023-05-31,결과보고서
2023,3차원 장기 전체 조직병리진단을 위한 자동 연속절편 광음향 현미경 개발,전만식,경북대학교,ICT·융합연구단,2018-06-01 ~ 2023-05-31,결과보고서
2023,저비용/친환경 재료 기반 고온/고출력 반도체 다이 본딩 기술 개발,안성진,금오공과대학교,공학단,2018-06-01 ~ 2023-05-31,결과보고서
2023,소방특화형 Bigdata구축을 통한 소방력 최적배치 시스템 개발,이지수,경일대학교,공학단,2018-06-01 ~ 2023-05-31,결과보고서
2023,시공간 구조를 가지는 다양한 통계적 물리모형 분석을 위한 연구,김용구,경북대학교,자연과학단,2018-06-01 ~ 2023-05-31,결과보고서
2023,대규모 재난시 도시공간에서의 피난특성 분석을 통한 국내형 Assembly Point 지정기법 개발,김화영,경일대학교,공학단,2018-06-01 ~ 2023-05-31,결과보고서
2023,멀티오믹스를 활용한 약물의존 네트워크 분석 연구,이수연,계명대학교,의약학단,2018-06-01 ~ 2023-05-31,결과보고서
2023,쉬프 염기(Schiff Base) 리간드를 기반으로 하는 산화-환원 금속착화합물 및 NO-분비 금속착화합물의 개발,이홍인,경북대학교,자연과학단,2018-06-01 ~ 2023-05-31,결과보고서
2023,양자장론과 기하학,김희철,포항공과대학교,자연과학단,2018-06-01 ~ 2023-05-31,결과보고서
2023,애기장대의 GRF-GIF 전사인자 복합체와 잎 성장 및 암술 발달 조절 전사인자간의 상호작용에 관한 연구,김정회,경북대학교,생명과학단,2018-06-01 ~ 2023-05-31,결과보고서
2023,아토초 테라와트 엑스선 자유전자레이저 개발,강흥식,포항공과대학교,자연과학단,2021-03-01 ~ 2023-03-31,결과보고서
2023,고방사성 습식 제염 원천 기반기술 개발,최상준,경북대학교,공학단,2018-07-18 ~ 2023-06-30,결과보고서
2023,PD-L1 억제 및 면역활성 세포사멸의 이중 기능을 가진 펩타이드 암면역치료제 개발,smriti gurung,경북대학교,의약학단,2021-06-01 ~ 2023-05-04,결과보고서
2023,연성 물질을 이용한 다양한 나노/마이크로 구조체 합성 및 응용 분야로의 활용,이희영,금오공과대학교,공학단,2018-06-01 ~ 2023-05-31,결과보고서
2023,제약성분을 포함한 다성분계 상거동과 반용매 결정화,여상도,경북대학교,공학단,2017-06-01 ~ 2023-05-31,결과보고서
2023,행렬해석학의 기본적인 부등식들과 분해들,이은영,경북대학교,자연과학단,2018-06-01 ~ 2023-05-31,결과보고서
2023,환경 변화에 강인한 표적 검출 및 식별을 위한 다중표적정보 융합 딥러닝 아키텍처 연구,김성호,영남대학교,ICT·융합연구단,2018-06-01 ~ 2023-05-31,결과보고서
2023,극지세균의 빛에 의한 산화적 스트레스 대응기작 연구,이창우,대구대학교,자연과학단,2018-06-01 ~ 2023-05-31,결과보고서
2023,태양 흑점의 남북 비대칭적 분포와 태양 자기장,장헌영,경북대학교,자연과학단,2018-06-01 ~ 2023-05-31,결과보고서
2023,활성질소(NO)신호 수용체인산화효소의 리독스기반 단백질변형에 의한 식물생장최적화 연구,윤병욱,경북대학교,생명과학단,2020-06-01 ~ 2023-05-31,결과보고서
2023,5G 차량 인터넷을 위한 엣지 네트워크 리소스 관리의 핵심 기술 연구,펑리메이,경북대학교,ICT·융합연구단,2020-06-01 ~ 2023-05-31,결과보고서
2023,자가응혈기전을 강화하는 분말형 조직점착성 지혈미립자의 개발,권오형,금오공과대학교,ICT·융합연구단,2020-06-01 ~ 2023-05-31,결과보고서
2023,폐선암의 병리학적 아형에 따른 종양미세환경과 미생물군집체 분석을 통한 치료 및 예후 예측 바이오마커 발굴,정지윤,경북대학교,의약학단,2020-06-01 ~ 2023-05-31,결과보고서
2023,진행성 방광암의 새로운 치료 타깃으로서 Pyruvate dehydrogenase kinase 4 (PDK4) 유전자의 기전과 예후 인자로서의 가치 탐구,하윤석,경북대학교,의약학단,2020-06-01 ~ 2023-05-31,결과보고서
2023,한국형 마비말장애(Dysarthrias) 감별진단 검사도구 개발 및 임상적 유용성 검증,하지완,대구대학교,의약학단,2020-06-01 ~ 2023-05-31,결과보고서
2023,전기화학적 에너지저장 성능 제고를 위한 MXene 기반 새로운 나노구조체/다원소 금속황화합물 복합체 개발,심재진,영남대학교,공학단,2020-06-01 ~ 2023-05-31,결과보고서
2023,자료기반 실시간 홍수예측 및 홍수 위험도 평가,김병현,경북대학교,공학단,2020-06-01 ~ 2023-05-31,결과보고서
2023,버그 리포트 빅데이터 최적 분류에 따른 앙상블 러닝 기반의 자동화된 소프트웨어 버그 해결 기술 연구,서영석,영남대학교,ICT·융합연구단,2020-06-01 ~ 2023-05-31,결과보고서
2023,GLDC에 의한 대사 reprogramming에 의해 조절되는 항암제 내성 기전 규명,김진영,계명대학교,의약학단,2020-06-01 ~ 2023-05-31,결과보고서
2023,투명한 초소수성 물질이 코팅된 태양전지와 마찰전기 나노발전기로 전천후 자가발전하는 실시간 환경모니터링이 가능한 무선제어형 3D 프린팅 생체모방형 군집 소금쟁이 드론 로봇,김봉환,대구가톨릭대학교,ICT·융합연구단,2020-06-01 ~ 2023-05-31,결과보고서
2023,협동 로봇의 고난도 정밀 작업 수행을 위한 강건하고 직관적인 손동작 인식 기술,손정우,금오공과대학교,공학단,2020-06-01 ~ 2023-05-31,결과보고서
2023,대칭공간과 블라쉬케다양체,김영호,경북대학교,자연과학단,2020-06-01 ~ 2023-05-31,결과보고서
2023,자성입자 회전패턴 기반의 다중 바이오마커 검출 플랫폼 개발,한영기,경북대학교,ICT·융합연구단,2020-06-01 ~ 2023-05-31,결과보고서
2023,ZnO 표면 아래 수소 원자의 표면 반응,김창민,경북대학교,자연과학단,2020-06-01 ~ 2023-05-31,결과보고서
2023,나노/마이크로 패턴된 전극 표면으로부터 전기중합된 분자각인 고분자 박막을 이용한 단백질 감지용 확장 게이트 전계효과 트랜지스터형 바이오센서 개발,박진영,경북대학교,공학단,2020-06-01 ~ 2023-05-31,결과보고서
2023,탄소나노소재/그래핀 퀀텀닷/나노실리콘 복합체의 합성·특성 분석 및 리튬이차전지 음극재로의 응용,이창섭,계명대학교,자연과학단,2020-06-01 ~ 2023-05-31,결과보고서
2023,동종 및 이종접합을 갖는 눈사람 모양의 나노입자 합성과 응용,손상호,경북대학교,자연과학단,2019-06-01 ~ 2023-05-31,결과보고서
2023,혈류역학 지수 추출을 위한 도플러 초음파 센서 모듈 개발,엄지용,금오공과대학교,ICT·융합연구단,2019-06-01 ~ 2023-05-31,결과보고서
2023,침샘의 기능적 재생을 위한 중요 신호전달체계의 탐색 및 기능분석 연구,정재광,경북대학교,의약학단,2019-06-01 ~ 2023-05-31,결과보고서
2023,메커니즘기반 모델을 이용한 다층복합제형 제조공정 변동성이 품질에 미치는 물리화학적 기전 연구,최두형,대구가톨릭대학교,의약학단,2020-06-01 ~ 2023-05-31,결과보고서
2023,수치 해석법을 이용한 자기소자의 동적손실 해석법 연구,백승훈,계명대학교,ICT·융합연구단,2020-06-01 ~ 2023-05-31,결과보고서
2023,유방암 doxorubicin 저항성에 있어서 스핑고지질 대사 연관 유전자와 염증조절복합체의 연관성 규명,김신,계명대학교,의약학단,2021-06-01 ~ 2023-05-31,결과보고서
2023,국부 항복 전류를 이용한 선택적인 저항성 접촉 형성 방법 개발,함성호,경북대학교,ICT·융합연구단,2020-06-01 ~ 2023-05-31,결과보고서
2023,3차원 다공성 나노구조를 이용한 label-free SERS(Surface-enhanced Raman spectroscopy) 기반 화학 및 생체의학센서의 구현,조찬섭,경북대학교,ICT·융합연구단,2020-06-01 ~ 2023-05-31,결과보고서
2023,엣지 컴퓨팅을 위한 에너지 고효율 어프록시메이트 뉴로모픽 코어 연구,김용태,경북대학교,ICT·융합연구단,2019-06-01 ~ 2023-05-31,결과보고서
2023,뇌의 계산모델에 기초한 상지재활 중 운동-감각 협응기능의 정량적 평가시스템 개발,김재효,한동대학교,ICT·융합연구단,2020-06-01 ~ 2023-05-31,결과보고서
2023,유도모터의 온라인 턴쇼트 고장모델 및 턴쇼트 고장진단알고리즘 개발,구본관,경북대학교,ICT·융합연구단,2020-06-01 ~ 2023-05-31,결과보고서
2023,드론의 열화상 동영상을 이용한 조난자 수색과 인식,염석원,대구대학교,ICT·융합연구단,2020-06-01 ~ 2023-05-31,결과보고서
2023,DYT1 dystonia 유래 유도만능줄기세포에서 분화된 비정상 도파민신경세포에 대한 치료법 모델 연구,송창현,대구한의대학교,의약학단,2020-06-01 ~ 2023-05-31,결과보고서
2023,저전력 스마트 웨어러블 디바이스를 위한 Hybrid CMOS 내장회로 개발,정훈주,금오공과대학교,ICT·융합연구단,2020-06-01 ~ 2023-05-31,결과보고서
2023,이산화 티타늄 박막 연구,박영춘,한동대학교,공학단,2020-06-01 ~ 2023-05-31,결과보고서
2023,초미세먼지 중 함유 나노금속(화합물)의 접촉성 알레르기성 피부염 유발관련 대체시험법을 활용한 안전성 평가,허용,대구가톨릭대학교,생명과학단,2020-06-01 ~ 2023-05-31,결과보고서
2023,음악 정보 분석 기반의 음악을 이해하는 인공지능과 개인형 악기 튜터 응용에 대한 연구,이석진,경북대학교,ICT·융합연구단,2020-06-01 ~ 2023-05-31,결과보고서
2023,"수자원환경, 환경공정에서의 미세입자 이군집 응집 기작 및 동역학 연구와 3차원 미세입자-응집체 거동 예측 모델 개발",이병준,경북대학교,ICT·융합연구단,2020-06-01 ~ 2023-05-31,결과보고서
2023,근육-갈색지방-장내미생물 간 총체적 연계성 분석을 통한 근감소성 비만 제어용 천연물 소재의 효능평가,권은영,경북대학교,생명과학단,2020-06-01 ~ 2023-05-31,결과보고서
2023,피리딘을 포함하는 공액구조 고분자를 기반으로 하는 고분자 신소재,제갈영순,경일대학교,자연과학단,2020-06-01 ~ 2023-05-31,결과보고서
2023,암모니아 및 미세먼지 제거용 초소형 바이오필터 개발,이상훈,계명대학교,ICT·융합연구단,2020-06-01 ~ 2023-05-31,결과보고서
2023,후성유전체분석기반 미세먼지 유발 폐암발생 기전 및 생체지표 발굴 연구,김동선,경북대학교,의약학단,2020-06-01 ~ 2023-05-31,결과보고서
2023,새로운 사일롤 유도체 합성 및 전기화학적 특성,박영태,계명대학교,자연과학단,2020-06-01 ~ 2023-05-31,결과보고서
2023,고위험 신생아 간호 실습교육 향상을 위한 서비스 디자인,구현영,대구가톨릭대학교,의약학단,2020-06-01 ~ 2023-05-31,결과보고서
2023,조기아동기 건강불평등이 학령기 및 청소년기 건강에 미치는 영향을 줄이기 위한 정책적 개입 시기 추정 연구,박진욱,계명대학교,의약학단,2020-06-01 ~ 2023-05-31,결과보고서
2023,차세대 에지 머신러닝을 위한 무선 통신 기술 개발,강재모,경북대학교,ICT·융합연구단,2020-06-01 ~ 2023-05-31,결과보고서
2023,자동차용 센서 판독 집적회로를 위한 고해상도 저전력 CMOS 아날로그-디지털 변환기의 개발,장영찬,금오공과대학교,ICT·융합연구단,2020-06-01 ~ 2023-05-31,결과보고서
2023,과불소기를 포함한 키랄 유기 화합물의 비대칭 합성법 개발,조창우,경북대학교,자연과학단,2020-06-01 ~ 2023-05-31,결과보고서
2023,3차원 자기 공명 전력 전송 기술을 이용한 뇌 이식 기기의 무선 충전 및 위치 추적 시스템,최준림,경북대학교,ICT·융합연구단,2020-06-01 ~ 2023-05-31,결과보고서
2023,TBM터널공사 중 실시간 기계데이터 모니터링 시스템의 개발,문준식,경북대학교,공학단,2020-06-01 ~ 2023-05-31,결과보고서
2023,지질대사 연구를 통한 폐암-특이 바이오마커 발굴,도숙경,경북대학교,의약학단,2020-06-01 ~ 2023-05-31,결과보고서
2023,흑색종 세포에서 히스타민 H1 수용체의 역할 규명을 통한 항암제 효능 개선 전략,천경수,계명대학교,의약학단,2020-06-01 ~ 2023-05-31,결과보고서
2023,뇌 영상 기반 비알츠하이머성 치매 질환 진단을 위한 그래프 기반 심층 신경망 기술 및 모델 독립적 분석 기술의 개발,김재일,경북대학교,ICT·융합연구단,2020-06-01 ~ 2023-05-31,결과보고서
2023,자궁근종 성장조절인자 기능 규명 및 증식억제기술 개발,신소진,계명대학교,의약학단,2020-06-01 ~ 2023-05-31,결과보고서
2023,벼의 철분 결핍 스트레스 저항성에서 Mg-chelatase H subunit의 기능 규명,정선요,경북대학교,생명과학단,2020-06-01 ~ 2023-05-31,결과보고서
2023,4D 프린팅을 활용하여 환경에 스스로 변화하는 스마트 스포츠웨어 개발,이희란,금오공과대학교,ICT·융합연구단,2020-06-01 ~ 2023-05-31,결과보고서
2023,된장 고유 미생물의 Aflatoxin B1 분해기전과 아플라톡신 생산 유전자 조절에 관한 연구,바후구나아슈토쓰,영남대학교,생명과학단,2021-06-01 ~ 2023-04-10,결과보고서
2023,대사성 질환에서 증가된 암 유발 유전자 (KRAS)에 의한 metabolic rewiring 기전 연구; non-canonical pyruvate dehydrogenase kinase(PDK)의 역할,THOUDAM THEMIS,경북대학교,의약학단,2022-03-01 ~ 2023-05-01,결과보고서
2023,효소를 이용한 맞춤형 triacylglycerol 합성 및 in vitro digestion 과 absorption 이 coupling 된 model을 이용한 소화/흡수 특성 평가,이정희,대구대학교,생명과학단,2018-06-01 ~ 2023-05-31,결과보고서
2023,"태양전지 특성 향상용 3 in 1 (집광, 전하수집, 기계적 보호) 필름 개발",김종복,금오공과대학교,공학단,2018-06-01 ~ 2023-05-31,결과보고서
2023,원격 임베디드 소프트웨어 관리를 위한 개방형 플랫폼 개발,정민우,경북대학교,ICT·융합연구단,2018-06-01 ~ 2023-05-31,결과보고서
2023,철근배근 정합성 및 콘크리트 균열 자동검측을 위한 컴퓨터비전 인공지능 시스템,박영준,경북대학교,공학단,2018-06-01 ~ 2023-05-31,결과보고서
2023,"초다양체, 일반화된 복소다양체, 그리고 열 다양체",김호일,경북대학교,자연과학단,2018-06-01 ~ 2023-05-31,결과보고서
2023,태양전지용 무기 정공전도층 탐색 연구,김성연,대구경북과학기술원,자연과학단,2020-06-01 ~ 2023-05-31,결과보고서
2023,DNA 자기조립을 응용한 다이아몬드 광결정의 제조 및 응용 연구,이기라,포항공과대학교,공학단,2017-10-02 ~ 2023-06-30,결과보고서
2023,생체 유래 나노 입자 분석 기술을 활용한 eVLP 백신 플랫폼 개발,한충민,포항공과대학교,ICT·융합연구단,2021-06-01 ~ 2023-08-16,결과보고서
2023,양성자 수송 터널 조절에 의한 초고속 시냅스 소자,최송희,대구경북과학기술원,자연과학단,2022-06-01 ~ 2023-08-18,결과보고서
2023,사건유발전위(ERP)와 sLORETA를 이용한 말 산출 메커니즘 규명 및 평가 모델 개발,오다희,대구대학교,ICT·융합연구단,2022-06-01 ~ 2023-08-18,결과보고서
2023,청정기술연구소,심재진,영남대학교,공학단,2014-09-01 ~ 2023-08-31,결과보고서
2023,마우스 골격계 표현형분석을 통한 골질환 진단 및 골격계 질환 분석,최제용,경북대학교,,2014-12-26 ~ 2023-11-19,결과보고서
2023,증강/가상현실 구현을 위한 메타표면 기반 평면 렌즈 및 복소 홀로그램,노준석,포항공과대학교,,2014-09-01 ~ 2023-08-31,결과보고서
2023,3D 바이오프린팅 및 유도만능 줄기세포 기반의 혈역학적 환경을 구현하는 바이오 인공 심장 펌프 모듈 개발,황동규,포항공과대학교,,2019-03-01 ~ 2023-08-31,결과보고서
2023,방사선 치료 중 실시간 선량 측정을 위한 방사선 유도 초음파 영상 시스템 개발,최성욱,포항공과대학교,,2019-03-01 ~ 2023-08-31,결과보고서
2023,초거대 이중고리형 화합물 라이브러리를 이용한 신약후보물질 발굴,왕희명,포항공과대학교,,2019-03-01 ~ 2023-08-31,결과보고서
2023,고방사성 습식 제염 원천 기반기술 개발,최상준,경북대학교,공학단,2018-07-18 ~ 2023-06-30,결과보고서
2023,나노셀룰로오스 수화젤을 이용한 지능형 표시재 기초연구,박병대,경북대학교,,2021-07-01 ~ 2023-02-16,결과보고서
2023,인간 자기감각의 래디칼짝 기전 규명 및 의사결정 기능 탐색,채권석,경북대학교,생명과학단,2021-09-01 ~ 2023-08-21,결과보고서
2023,DNA 자기조립을 응용한 다이아몬드 광결정의 제조 및 응용 연구,이기라,포항공과대학교,공학단,2017-10-02 ~ 2023-06-30,결과보고서
2023,손상연관분자유형(DMAPs) 신호가 근육세포의 재생에 미치는 메커니즘 구명 및 유전자 제어를 통한 근육 재생 촉진 기술 연구,박정웅,경북대학교,생명과학단,2022-06-01 ~ 2023-08-01,결과보고서
2023,조립 작업 셀의 신속 설계를 위한 조립 장치의 3D 모델 자동 생성 기법 연구,박진우,포항공과대학교,공학단,2021-06-01 ~ 2023-08-31,결과보고서
2023,제브라피쉬 단일 배아의 프로테오믹스 분석법 개발 및 화학물질 유해성 평가,성은지,경북대학교,의약학단,2022-06-01 ~ 2023-08-17,결과보고서
2023,위절제술에 의한 생명연장(longevity) 및 항노화(anti-aging) 효과 규명 및 탐색,김미경,계명대학교,의약학단,2022-06-01 ~ 2023-08-22,결과보고서
2023,세포소기관별 표적 지질 대사체학 기반 지질 바이오마커 발굴,박소영,경북대학교,의약학단,2022-06-01 ~ 2023-08-17,결과보고서
2023,바이오 분자집게기술 KIURI 연구단,이지오,포항공과대학교,,2020-05-01 ~ 2023-10-31,결과보고서
2023,그람음성세균 운동성 저해 항독력 펩타이드 개발,정인영,포항공과대학교,의약학단,2021-06-01 ~ 2023-09-30,결과보고서
2023,고강도-고연성 적층제조용 고엔트로피합금 개발,김형섭,포항공과대학교,,2020-10-01 ~ 2023-06-15,결과보고서
2023,청정기술연구소,심재진,영남대학교,공학단,2014-09-01 ~ 2023-08-31,결과보고서
2023,비긴밀 리만대칭공간의 전측지적부분다양체,박은미,경북대학교,자연과학단,2020-06-01 ~ 2023-11-30,결과보고서
2023,맞춤형 LED보광처리 기능성 채소의 대사 제어 기전 연구,정수임,경북대학교,생명과학단,2021-06-01 ~ 2023-11-30,결과보고서
2023,생물학적 테러에 대한 보건의료인 역량강화 프로그램 개발,김유정,경북대학교,의약학단,2020-06-01 ~ 2023-11-30,결과보고서
2023,한국 초기 노인들의 Patient Reported Outcomes (PRO) 및 건강교육 모듈 플랫폼 구축 및 효과 검증,이은주,경북대학교,의약학단,2019-06-01 ~ 2023-11-30,결과보고서
2023,나노셀룰로오스 수화젤을 이용한 지능형 표시재 기초연구,박병대,경북대학교,,2021-07-01 ~ 2023-02-16,결과보고서
2023,다중이용시설 안전관리를 위한 위험의사소통(risk communication) 모형 개발과 소통 활성화 방안 연구: 대형화재 관련 사회적 이슈를 중심으로,박기묵,대구대학교,사회과학단,2021-07-01 ~ 2023-06-30,결과보고서
2023,중금속이 없는 양자점 물질과 광전자 소자,ABD RASHID BIN MOHD YUSOFF,포항공과대학교,공학단,2022-06-01 ~ 2023-11-16,결과보고서
2023,능동적 인공지능 학습 기반 세리아 엑솔루션 촉매의 합리적 설계,신동재,포항공과대학교,공학단,2022-06-01 ~ 2023-08-11,결과보고서
2023,포토닉 나노 소재를 기반으로한 유연 디스플레이 및 음향 소자 개발,김욱성,포항공과대학교,,2018-12-01 ~ 2023-11-30,결과보고서
2023,오감기관 모방 기반 인공 감각 센서 개발,장재은,대구경북과학기술원,,2019-04-01 ~ 2023-12-31,결과보고서
2023,오감 모방 센서를 위한 인지 기반 표준 자극 및 신호처리 기법 개발,최한경,대구경북과학기술원,,2019-04-01 ~ 2023-12-31,결과보고서
2023,고효율 오감센서 기반 융합인터페이스 원천기술개발,장재은,대구경북과학기술원,,2019-04-01 ~ 2023-12-31,결과보고서
2023,HBV cccDNA 타겟 유전자가위의 세포감염모델개발,이정민,한동대학교,,2021-01-01 ~ 2026-12-31,결과보고서
2023,CRISPR/Cas9 기반 다중 유전체편집을 통한 난치성 만성 B형간염 치료 기술 개발,이정민,한동대학교,,2018-04-01 ~ 2026-12-31,결과보고서
2023,해조류 및 해양동물을 자연 모사한 지속 가능형 저마찰 원천기술 개발,이상준,포항공과대학교,,2019-05-01 ~ 2023-12-31,결과보고서
2023,"해조류 및 해양동물을 자연 모사한 지속 가능형 저마찰, 방오 원천기술 개발",이상준,포항공과대학교,,2019-05-01 ~ 2023-12-31,결과보고서
2023,리튬이온 이차전지용 가연 가스-free 난연 전해질 기술 개발,이호춘,대구경북과학기술원,,2021-04-26 ~ 2023-12-31,결과보고서
2023,가연 가스-free 난연 전해액 소재 평가법 개발,이호춘,대구경북과학기술원,,2021-04-26 ~ 2023-12-31,결과보고서
2023,바이오 분자집게기술 KIURI 연구단,이지오,포항공과대학교,,2020-05-01 ~ 2023-10-31,결과보고서
2023,제12회 싱가포르 GYSS,노재범,포항공과대학교,문화융복합단,2024-01-08 ~ 2024-02-07,결과보고서
2023,개인 맞춤형 에너지 공급을 위한 자연 모사 액체 에너지 수확장치 개발,유동현,포항공과대학교,공학단,2022-03-01 ~ 2023-11-15,결과보고서
2023,의료기관 내 사용 에너지별 맞춤형 방사선 차폐재 개발 및 실증,김선칠,계명대학교,,2020-04-17 ~ 2023-12-31,결과보고서
2023,산업 현장별 맞춤형 무연 경량 방사선 차폐재와 시스템 개발,김선칠,계명대학교,,2020-04-17 ~ 2023-12-31,결과보고서
2023,자기장 비인가 방식의 준(반)강자성 비평행/비균질 스핀 배열 변조,홍정일,대구경북과학기술원,자연과학단,2020-03-01 ~ 2023-12-12,결과보고서
2023,DIANA-fMRI를 이용한 인간의 언어정보 처리의 새로운 뇌신경모델 수립,전현애,대구경북과학기술원,,2019-06-01 ~ 2023-12-31,결과보고서
2023,해상부유원전 임계열속(CHF)에 대한 실험적 연구,조대성,경북대학교,,2019-04-19 ~ 2023-12-31,결과보고서
2023,방사성 핵종 흡착을 위한 금속유기구조체 개발,박진희,대구경북과학기술원,,2021-04-15 ~ 2023-12-31,결과보고서
2023,미세플라스틱에 의한 유전자 발현조절 변이의 후성유전학적 분석,김태경,포항공과대학교,,2019-06-01 ~ 2023-12-31,결과보고서
2023,근접 결합된 초전도 이종접합구조의 경쟁적 물성이해,서정필,대구경북과학기술원,자연과학단,2020-09-01 ~ 2023-12-31,결과보고서
2023,"혈액줄기세포의 성공적인 이식을 위한 가동화(동), 증폭(증) 및 생착(착) 강화 기술 개발",예경무,대구경북과학기술원,,2022-01-01 ~ 2023-12-31,결과보고서
2023,볼츠만 방정식의 경계조건문제와 유체역학적 극한,이동현,포항공과대학교,자연과학단,2019-03-01 ~ 2023-12-31,결과보고서
2023,"세포막단백질연구소 설립, 전자현미경과 가속기를 이용한 세포막단백질 구조규명과 항체최적화 기술개발",장승기,포항공과대학교,,2019-06-01 ~ 2023-12-31,결과보고서
2023,광감응 전-무기 나노블럭 개발을 통한 무기소재 광학적 3D 아키텍쳐링,손재성,포항공과대학교,,2018-07-01 ~ 2023-12-31,결과보고서
2023,차세대 AIoT 디바이스 연결성 보장을 위한 6G LiFi 네트워킹 기술 연구,김경준,포항공과대학교,ICT·융합연구단,2022-06-01 ~ 2024-02-29,결과보고서
2023,류마티스 관절염에서 섬유모세포양 활막세포의 경도-의존적 이동에 의한 관절 파괴 기전,강진희,경북대학교,의약학단,2021-06-01 ~ 2023-11-15,결과보고서
2023,고결정 탄소 담지 나노 입자형 백금-알칼리토금속 합금촉매,유종성,대구경북과학기술원,기초연구본부,2023-01-01 ~ 2023-12-31,결과보고서
2023,웨어러블 스파이킹 뉴럴 네트워크 시스템 구현을 위한 유기물 기반 고집적 인공 시냅스 어레이 개발,이신형,경북대학교,,2021-03-04 ~ 2024-01-31,결과보고서
2023,사용자 중심의 개방형 나노인프라 플랫폼 구축,이명재,대구경북과학기술원,,2021-09-27 ~ 2023-12-31,결과보고서
2023,CMOS기반 융합디바이스 제작 플랫폼 구축,이명재,대구경북과학기술원,,2021-09-27 ~ 2023-12-31,결과보고서
2023,사용후핵연료 충격하중 손상확률 평가기술 개발,이상훈,계명대학교,,2021-04-22 ~ 2023-12-31,결과보고서
2023,나노프린팅 기반 대면적 위조방지 메타표면 개발,노준석,포항공과대학교,문화융복합단,2021-01-01 ~ 2023-12-31,결과보고서
2023,수소 생산을 위한 유기 나노입자형 물 분해 광촉매 및 광전기화학전지 개발,차효정,경북대학교,ICT·융합연구단,2021-03-01 ~ 2023-12-31,결과보고서
2023,수모 시스템에 의한 후천성 방어기작 및 세포노화 조절 연구,류홍열,경북대학교,생명과학단,2020-03-01 ~ 2023-12-31,결과보고서
2023,메소게닉 유체 기반 미세유체 시스템을 이용한 고균일 페로브스카이트 나노결정 대량 합성법 개발,김영기,포항공과대학교,공학단,2021-09-01 ~ 2023-12-31,결과보고서
2023,C1 가스의 3-HP 전환을 위한 미생물 컨소시엄 공정 개발,정규열,포항공과대학교,,2018-04-01 ~ 2024-02-29,결과보고서
2023,CO유래 개미산이용 L-Methionine 바이오생산 공정개발,김일권,경북대학교,,2021-04-01 ~ 2024-02-29,결과보고서
2023,증강/가상현실 구현을 위한 메타표면 기반 평면 렌즈 및 복소 홀로그램,노준석,포항공과대학교,,2014-09-01 ~ 2023-08-31,결과보고서
2023,카자흐스탄 국제 타라즈 혁신대학교 과학교육학과 설립을 위한 수요조사,장정호,경북대학교,사회과학단,2023-05-01 ~ 2024-01-31,결과보고서
2023,라오스 루앙프라방 북부농임업전문대학 유기농산물 생산 역량 강화를 위한 수요조사,윤병욱,경북대학교,기초연구본부,2023-05-01 ~ 2024-01-31,결과보고서
2023,글로벌 네트워크 기반 하버-보쉬 대체 친환경 암모니아 생산을 위한 고효율 소재공정기술 개발,용기중,포항공과대학교,공학단,2021-07-01 ~ 2023-12-31,결과보고서
2023,인간 줄기세포 유래 Schwann cell과 세포외기질 펩타이드 혼합 이식에 의한 말초신경병증의 수초화 재생,전원배,대구경북과학기술원,,2022-01-01 ~ 2023-12-31,결과보고서
2023,확장형 양자컴퓨터 동작을 위한 극저온 CMOS 회로 및 시스템 개발.,강기서,포항공과대학교,,2019-03-01 ~ 2024-02-29,결과보고서
2023,분자인식기능의 핵산 모티프 기반 선택적 분자 여과막 개발,유혜빈,포항공과대학교,,2019-03-01 ~ 2024-02-29,결과보고서
2023,시각적 정합 문제에서 회전-등가 뉴럴 네트워크를 사용한 딥 로컬 피처 추출,이종민,포항공과대학교 인공지능연구원,,2019-03-01 ~ 2024-02-29,결과보고서
2023,혈액줄기세포 조절 신규 인자 발굴,예경무,대구경북과학기술원,,2019-10-01 ~ 2023-12-31,결과보고서
2023,피복관 수소화물 저감을 위한 수소 흡착 나노입자 개발 연구,윤영상,영남대학교,,2022-04-26 ~ 2026-12-31,결과보고서
2023,동적풍하중에 대한 건축구조물의 안전성 및 효과적인 유지관리 보장을 위한 인공지능 시스템,김법렬,경북대학교,,2019-09-01 ~ 2023-12-31,결과보고서
2023,천연물품질표준화를 위한 대사체분석법개발 및 데이터베이스 구축 연구,남주원,영남대학교,,2019-11-01 ~ 2023-12-31,결과보고서
2023,고부가가치 불소고분자 합성을 위한 고효능 유기금속 촉매의 개발 및 응용,이은성,포항공과대학교,,2019-09-01 ~ 2023-12-31,결과보고서
2023,고효율 수소 저장 및 운송을 위한 액체 수소 운송 유기 분자 개발,윤민영,경북대학교,,2019-09-01 ~ 2023-12-31,결과보고서
2023,적층제조기술을 활용한 고엔트로피초합금 개발,김형섭,포항공과대학교,,2021-09-21 ~ 2023-12-31,결과보고서
2023,수소환경 인프라용 오스테나이트계 고합금강 개발,김성준,포항공과대학교,,2021-12-16 ~ 2023-12-31,결과보고서
2023,포토닉 나노 소재를 기반으로한 유연 디스플레이 및 음향 소자 개발,김욱성,포항공과대학교,,2018-12-01 ~ 2023-11-30,결과보고서
2023,역분화줄기세포 유래 신장 오가노이드 성숙화를 위한 물질교환/전단력자극 복합 미세환경 구현 플랫폼 개발 및 약물의 신장 독성/유효성 평가와 질환 모델 구축,김동성,포항공과대학교,,2022-01-01 ~ 2023-12-31,결과보고서
2023,세포외기질 펩타이드 고순도화 및 Schwann cell-세포외기질 펩타이드 혼합조성물의 생체안전성 연구,전원배,대구경북과학기술원,,2019-10-01 ~ 2023-12-31,결과보고서
2023,표준화된 신장 오가노이드 대량 배양 플랫폼 개발 및 정상/질환 신장 오가노이드 기반 약물 독성/유효성 평가 플랫폼 구축,김동성,포항공과대학교,,2019-10-01 ~ 2023-12-31,결과보고서
2023,국산 연직바람 관측장비 기상변수 산출기술 고도화,이규원,경북대학교,,2022-06-01 ~ 2024-01-31,결과보고서
2023,에너지 클라우드 PHILS 설계 및 운영 기술 개발,김영진,포항공과대학교,,2019-06-01 ~ 2023-12-31,결과보고서
2023,세포막단백질연구소 건립 및 구조기반 신약개발 플랫폼 구축,장승기,포항공과대학교,,2019-06-01 ~ 2023-12-31,결과보고서
2023,"정신적 스트레스 수준 분석 서비스 개발: 다중 생체신호 (심전도, 호흡, 장 신호) 기반 딥 뉴럴 네트워크 설계 및 서비스 효용 검증",김남호,포항공과대학교,,2019-03-01 ~ 2024-02-29,결과보고서
2023,극저온 전자현미경을 이용한 수용체 구조규명 및 고성능 항체개발,이지오,포항공과대학교,,2019-06-01 ~ 2023-12-31,결과보고서
2023,차세대 정보 소재 표면 전자기 특성의 공간 분포 측정 및 매핑 기술,홍정일,대구경북과학기술원,,2021-07-01 ~ 2023-12-28,결과보고서
2023,대사질환에서 대식세포의 아미노산 대사 이상에 의한 산화스트레스 기전 연구,변준규,경북대학교,의약학단,2021-03-01 ~ 2026-02-28,결과보고서
2023,능동형 물질전달 제어기술을 위한 기능성 초미세유체 플랫폼의 개발 및 응용,이종완,포항공과대학교,공학단,2021-03-01 ~ 2023-04-15,결과보고서
2023,나노기반 스크리닝 기술을 활용한 거대고리화합물 기반 단백질 상호작용 조절제 발굴,이강주,포항공과대학교,자연과학단,2021-03-01 ~ 2023-09-30,결과보고서
2023,초고속/고해상도 방사광 X-선 영상법을 이용한 기포 분열 메커니즘 분석 및 노즐 식 마이크로버블 생성기 최적화 기술 개발,이창훈,포항공과대학교,공학단,2021-09-01 ~ 2026-02-28,결과보고서
2023,초고속 광기술 기반 바이오 플라즈모닉 슈퍼구조체의 동역학적 거동 규명 및 최적화 설계,김원근,금오공과대학교,공학단,2021-03-01 ~ 2026-02-28,결과보고서
2023,곡식류 기반 식이 독소 노출에 따른 ER-stress 기반 포유동물 초기배의 발달 이상 규명과 멜라토닌 방어 기작에 관한 연구,박효진,대구대학교,생명과학단,2021-03-01 ~ 2026-02-28,결과보고서
2023,강인한 물체 추적을 위한 딥 메타 학습 기반의 방법론 연구,최장훈,경북대학교,ICT·융합연구단,2021-09-01 ~ 2026-02-28,결과보고서
2023,노후 건축물의 내진보강 안전성 및 경제성 최적화를 위한 딥러닝 기반 의사결정 시스템 개발,김시윤,계명대학교,공학단,2021-03-01 ~ 2026-02-28,결과보고서
2023,티로신 인산화 신호전달에 의한 전시냅스 분화 기전 및 행동 발달 연구,한경아,대구경북과학기술원,생명과학단,2021-03-01 ~ 2026-02-28,결과보고서
2023,TASL 유래의 전신홍반성루푸스에서 면역세포의 분화와 자가면역반응에 의한 발병기작 및 치료 연구,김형수,경북대학교,의약학단,2021-09-01 ~ 2026-02-28,결과보고서
2023,광(光) 유도 BMP-2 발현 줄기세포를 이용한 새로운 골재생 시스템 개발,김주앙,경북대학교,생명과학단,2021-09-01 ~ 2023-12-31,결과보고서
2023,시냅스 소포체 및 시냅스 막단백질들의 작용에 세포질 단백질의 액상분리가 미치는 영향 연구,나상현,포항공과대학교,자연과학단,2021-03-01 ~ 2026-02-28,결과보고서
2023,다양한 유한환에서 대수적 부호의 연구 및 응용,김보란,경북대학교,자연과학단,2021-03-01 ~ 2026-02-28,결과보고서
2023,재생 가능 원료 기반 수소 생산 공정 설계 및 내황 촉매 개발,이열림,계명대학교,ICT·융합연구단,2021-03-01 ~ 2026-02-28,결과보고서
2023,골격근에서 카탈라제의 대사적 역할 규명 및 인슐린 저항성 관련 바이오마커 발굴,송승은,계명대학교,의약학단,2021-03-01 ~ 2026-02-28,결과보고서
2023,Cathepsin 활성 조절에 의한 암줄기 세포의 stemness 능력과 암미세 환경 기전 연구,우선민,계명대학교,의약학단,2021-03-01 ~ 2026-02-28,결과보고서
2023,강성 조절이 가능한 영장류 뇌회로 연구용 뉴럴 프로브 시스템 개발,추남선,대구경북과학기술원부설한국뇌연구원,ICT·융합연구단,2021-03-01 ~ 2026-02-28,결과보고서
2023,탄소중립 달성을 위한 내수성 CO2 제올라이트 분리제 개발,최현준,포항공과대학교,ICT·융합연구단,2021-03-01 ~ 2026-02-28,결과보고서
2023,결정성 배위 고분자의 효율적인 전하 수송을 위한 산화 환원 호핑 메커니즘 연구,구진영,포항공과대학교,자연과학단,2021-03-01 ~ 2026-02-28,결과보고서
2023,메타모델이 탑재된 취약도-손실모듈을 통한 건축물의 내진성능평가,최인섭,계명대학교,공학단,2021-03-01 ~ 2026-02-28,결과보고서
2023,위수 2인 에르미트 대칭공간상의 실초곡면에 관한 미분기하연구,황두현,경북대학교,자연과학단,2021-03-01 ~ 2026-02-28,결과보고서
2023,Drp1에 의해 매개되는 미토콘드리아 조절이 IBD에 미치는 영향,강유라,경북대학교,의약학단,2021-03-01 ~ 2026-02-28,결과보고서
2023,E2F1-NANOG 분자축 매개 ferroptosis 조절 기전 이해를 통한 항암면역치료 증진 전략수립,손성욱,대구가톨릭대학교,의약학단,2021-03-01 ~ 2026-02-28,결과보고서
2023,침술의 뇌 보상회로 조절기전 규명,장수찬,대구한의대학교,의약학단,2020-03-01 ~ 2024-02-29,결과보고서
2023,"새로운 양쪽성 다중유기금속물질로서의 할로젠화알킬이붕소 화합물의 고안, 합성 및 이를 활용한 반응 연구",황치원,포항공과대학교,,2019-03-01 ~ 2024-02-29,결과보고서
2023,장내 조절 T 세포의 IL-10 발현 조절을 통한 염증성 장 질환 제어에 IL-10 시스 작용 요소 CNS-9의 역할 연구,김승원,포항공과대학교,,2019-03-01 ~ 2024-02-29,결과보고서
2023,통합형 인공지능 기반 건설관리 및 품질보증시스템,Yuvaraj Natarajan,경북대학교,공학단,2021-06-01 ~ 2023-12-31,결과보고서
2023,"단원자 기반 초저전력 IoT용 통합 소자(2-terminal memory, switch, battery)개발",황현상,포항공과대학교,ICT·융합연구단,2018-06-01 ~ 2027-02-28,결과보고서
2023,기억 제어 및 상호조절 작용의 세포기작 연구,김정훈,포항공과대학교,생명과학단,2018-06-01 ~ 2027-02-28,결과보고서
2023,생체모방형 고분자 하이드로젤 액추에이터의 개발,김연수,포항공과대학교,ICT·융합연구단,2019-03-01 ~ 2024-02-29,결과보고서
2023,아토초 전자빔 발생을 위한 THz compressor 기술 개발,장도근,포항공과대학교,자연과학단,2021-03-01 ~ 2024-02-29,결과보고서
2023,질환 특이 신호전달물질의 눈물분비 기전 규명과 알츠하이머병의 눈물기반 바이오마커 개발,전종화,계명대학교,의약학단,2021-03-01 ~ 2024-02-29,결과보고서
2023,다양한 스트레스성 우울증 질환 모델에서 스트레스 민감군과 스트레스 회복탄력군 간의 회로망 기반 분자 커넥텀 비교 연구,정윤하,대구경북과학기술원부설한국뇌연구원,생명과학단,2019-03-01 ~ 2024-02-29,결과보고서
2023,지하수 수량 예측 및 평가를 위한 자료기반 모델링 기법 개발,정진아,경북대학교,자연과학단,2020-03-01 ~ 2024-02-29,결과보고서
2023,자가치유 가능한 고감도의 외력구별 센서 소자 개발,정창윤,영남대학교,공학단,2021-03-01 ~ 2024-02-29,결과보고서
2023,약물과 노화에 의한 청력손상의 치료/보호제 개발 및 작용 기전 연구,김예리,경북대학교,의약학단,2021-03-01 ~ 2026-02-28,결과보고서
2023,말단 관능기 도입에 따른 고분자 상 분리 거동 조절 및 이온 전도 특성 변화 연구,김지훈,포항공과대학교,,2019-03-01 ~ 2024-02-29,결과보고서
2023,유연전자소자를 위한 나노 구조체의 결정성 제어를 지닌 차세대 유기전자재료 개발,이대환,포항공과대학교,,2019-03-01 ~ 2024-02-29,결과보고서
2023,광전자 집게 및 대면적 메타물질 기반 초저전력 미세먼지 나노트랩의 구현,이태준,포항공과대학교,,2019-03-01 ~ 2024-02-29,결과보고서
2023,광집적회로 소자 개발 및 위상광학의 경계 상태 특성 연구,박세배,포항공과대학교,,2019-03-01 ~ 2024-02-29,결과보고서
2023,에너지·환경 소재의 미세구조와 물성의 상관관계 규명을 위한 新측정·분석기술 개발,최시영,포항공과대학교,,2021-07-01 ~ 2023-12-31,결과보고서
2023,실시간 모니터링 분석과 분자단위 유기물질의 설계를 통한 전기화학적 거동 메커니즘 규명 및 에너지 재료 적용 연구,최성호,포항공과대학교,,2019-03-01 ~ 2024-02-29,결과보고서
2023,양자 광학의 빛-물질 상호작용 기반 고효율 태양전지 소재 개발,조대흠,경북대학교,자연과학단,2021-03-01 ~ 2026-02-28,결과보고서
2023,미숙아망막병증 모델에서 원형RNA에 의한 혈관 형성 기능 및 기전 연구,류주희,경북대학교,의약학단,2021-03-01 ~ 2026-02-28,결과보고서
2023,적응 면역에서 여포 조절 T 세포의 분화를 결정하는 인터루킨-6의 새로운 기능에 대한 규명,이혜나,포항공과대학교,,2019-03-01 ~ 2024-02-29,결과보고서
2023,"한반도를 중심으로 한 동북아시아 서식 기수성 연체동물의 계통진화유전체학적, 집단유전학적 연구",최은화,경북대학교,생명과학단,2021-03-01 ~ 2026-02-28,결과보고서
2023,"최상위 포식자로써 멸종위기종인 수달의 사회적 네트워크 형성, 메타개체군 및 확산이 수생태계 건강성에 미치는 영향",홍성원,경북대학교,생명과학단,2021-03-01 ~ 2026-02-28,결과보고서
2023,나노다공성 재료 합성 연구단,홍석봉,포항공과대학교,공학단,2021-09-01 ~ 2024-02-29,결과보고서
2023,시냅스 미세 환경 변화에 의한 억제성 신경 세포의 기능 저하 기전 발달성 뇌질환 치료 타겟 발굴을 위한 기반 연구,김수영,영남대학교,의약학단,2020-03-01 ~ 2024-02-29,결과보고서
2023,신스마트시티 구현을 위한 소셜 빅데이터 기반 인공지능형 건축/도시계획 최적화 기술 개발,추승연,경북대학교,공학단,2019-03-01 ~ 2024-02-29,결과보고서
2023,K-solution 제조 및 이를 이용한 알칼리 금속이 도핑된 유기 초전도 시스템 구현에 관한 연구,최희철,포항공과대학교,자연과학단,2019-03-01 ~ 2024-02-29,결과보고서
2023,패턴화 융합구조 촉매의 산화-환원반응 커플링을 활용한 통합개질 전기화학시스템 개발,김원배,포항공과대학교,공학단,2019-09-01 ~ 2024-02-29,결과보고서
2023,사람 모낭탑재 피부모사체 개발,성영관,경북대학교,의약학단,2021-03-01 ~ 2024-02-29,결과보고서
2023,통합전산재료공학을 활용한 항공우주용 Al-Cu-Li-X 합금 설계,김경덕,포항공과대학교,공학단,2021-03-01 ~ 2024-02-29,결과보고서
2023,물의 특이한 성질들에 대한 그 구조적 근원 연구,김경환,포항공과대학교,자연과학단,2019-03-01 ~ 2024-02-29,결과보고서
2023,멀티모달 제어 및 관측을 이용한 로봇의 인간 신체 지능 학습 및 구현,오세훈,대구경북과학기술원,공학단,2019-03-01 ~ 2024-02-29,결과보고서
2023,햇빛으로 구동되는 해수탈염-폐수처리-재생연료 생산 선순환 삼중복합 오프그리드 촉매 시스템 개발,박현웅,경북대학교,ICT·융합연구단,2019-03-01 ~ 2024-02-29,결과보고서
2023,Lysosomal cathepsins 활성 조절에 의한 항암제 민감화 및 intracellular organelle의 cross-talk 기전 연구,권택규,계명대학교,의약학단,2019-03-01 ~ 2024-02-29,결과보고서
2023,새로운 그래핀-금속 복합 구조체 개발,유종성,대구경북과학기술원,자연과학단,2019-09-01 ~ 2024-02-29,결과보고서
2023,리튬 이온 배터리의 형태학적 특징을 고려한 전기화학적 거동 분석 도구 개발,한수희,포항공과대학교,ICT·융합연구단,2019-03-01 ~ 2024-02-29,결과보고서
2023,제15회 일본 Hope Meeting,김정현,경북대학교,,2024-02-26 ~ 2024-03-01,결과보고서
2023,저가 바이오매스의 효율적 활용을 위한 신종 미생물 기반의 고성능 미생물 화학공장 개발,정규열,포항공과대학교,공학단,2019-09-01 ~ 2024-02-29,결과보고서
2023,새로운 비만치료 전략을 위한 뼈-지방-근육의 상호교신 규명 및 신규 조절인자 탐색,윤종원,대구대학교,공학단,2019-03-01 ~ 2024-02-29,결과보고서
2023,차세대 친환경 차량용 저비용 고특성 경량 마그네슘 제조를 위한 전주기적 요소기술 개발,박성혁,경북대학교,공학단,2019-09-01 ~ 2024-02-29,결과보고서
2023,수동형 공기윤활 방식의 선체 마찰저항 저감 소재 제작을 위한 생이가래 모사 초친기성 표면 개발,곽문규,경북대학교,공학단,2019-09-01 ~ 2024-02-29,결과보고서
2023,신물질 및 신약 후보군 생성을 위한 생성적 그래프 신경망 연구,김동우,포항공과대학교,ICT·융합연구단,2021-03-01 ~ 2024-02-29,결과보고서
2023,온도 및 초음파 크로마토그래피: 키랄 분리를 시작으로,류재정,경북대학교,자연과학단,2019-03-01 ~ 2024-02-29,결과보고서
2023,빛 조사를 통한 페로브스카이트 주석 산화물 반도체의 결함 제어 및 광전소자 연구,이유정,포항공과대학교,공학단,2022-06-01 ~ 2024-02-02,결과보고서
2023,프로그래머블 자기조립 증발법을 이용한 고성능 유연·신축 전자소자 기술 개발,이동윤,경북대학교,공학단,2019-03-01 ~ 2024-02-29,결과보고서
2023,2차원 반데르발스 자성체의 자기 이방성에 의해 결정되는 스핀 차원 제어,조연정,경북대학교,자연과학단,2019-09-01 ~ 2024-02-29,결과보고서
2023,유기산을 이용한 항비만 작용 기작 규명 및 아디포카인 분비 조절 물질 개발,송대규,계명대학교,의약학단,2021-03-01 ~ 2024-02-29,결과보고서
2023,석유화학 원료로써 메탄을 효과적으로 사용하기 위한 촉매 개발,김민규,영남대학교,자연과학단,2021-03-01 ~ 2024-02-29,결과보고서
2023,신생아 헬스케어를 위한 사물인터넷 기반의 전자섬유 개발,김봉훈,대구경북과학기술원,공학단,2020-03-01 ~ 2024-02-29,결과보고서
2023,인체지방 유래 분획물과 생체모사 지지체를 이용한 급/만성 신손상 개선,전소영,경북대학교병원,의약학단,2019-03-01 ~ 2024-02-29,결과보고서
2023,"고빈도 금융 자료에서의 확장 혹스 모형의 활용 : 유동성, 변동성, 커널 추정과 최적화",이경섭,영남대학교,자연과학단,2021-03-01 ~ 2024-02-29,결과보고서
2023,고엔트로피합금의 치환·침입형 원소 영향에 따른 역학 거동 예측이 가능한 머신 러닝 엔진 개발,박노근,영남대학교,공학단,2019-09-01 ~ 2024-02-29,결과보고서
2023,TDP-43 proteinopathy 모델에서 UPS 기능 저하에 의한 신경 염증 활성화 기전 분석,이신려,대구경북과학기술원부설한국뇌연구원,생명과학단,2021-03-01 ~ 2024-02-29,결과보고서
2023,미분화 갑상선암의 방사선요오드치료 불응성 회복을 위한 ESRRG 조절 유전자가위 치료기술 개발,이재언,대구경북첨단의료산업진흥재단,의약학단,2021-03-01 ~ 2024-02-29,결과보고서
2023,계층형 나노구조 기반 자기치유 기능성 하이드로젤 개발,이은정,경북대학교,공학단,2021-03-01 ~ 2024-02-29,결과보고서
2023,유기-금속-할로겐화물 페로브스카이트 기반 스마트 에너지 변환 소재 및 소자 개발,이주혁,대구경북과학기술원,ICT·융합연구단,2020-03-01 ~ 2024-02-29,결과보고서
2023,다기능 자율시공 로보틱스 기반 건설생산 체제 연구,이창용,경북대학교,공학단,2019-03-01 ~ 2024-02-29,결과보고서
2023,다차원 나노구조체 기반 콜로이드 전해질을 통한 차세대 이차전지 전극/전해질 계면제어 기술 개발,이홍경,대구경북과학기술원,공학단,2020-03-01 ~ 2024-02-29,결과보고서
2023,고아 핵수용체 SHP-UGDH axis에 의한 간의 글리코겐 및 빌리루빈 대사 조절 기전 연구,김은영,경북대학교,의약학단,2020-03-01 ~ 2024-02-29,결과보고서
2023,Metabolic Rewiring/mitochondrial bioenergetics 개선을 통한 간 손상의 치료법 연구,CHANDA DIPANJAN,경북대학교,의약학단,2021-06-01 ~ 2024-02-29,결과보고서
2023,미세 환경의 강성을 통해 ER 스트레스 경로에 의해 구동되는 신경 발생 메커니즘 발견,Iwashita Misato,대구경북과학기술원부설한국뇌연구원,의약학단,2021-06-01 ~ 2024-02-29,결과보고서
2023,저온 연료전지 음극용 단일금속원자 중심이있는 나노 엔지니어링 탄소 촉매,"Shaik, Gouse Peera",계명대학교,자연과학단,2021-06-01 ~ 2024-02-29,결과보고서
2023,페로브스카이트형 할로겐화물 반도체 기반의 인공 시각뉴런-시냅스 일체형 소자 연구,이상욱,경북대학교,공학단,2019-09-01 ~ 2024-02-29,결과보고서
2023,제15회 일본 Hope Meeting 참여 신청,김화평,대구경북과학기술원,,2024-02-26 ~ 2024-03-01,결과보고서
2023,저탄소 배출 - 저원가 조업 철강 생산을 위한 난제거 성분 제어 기초 특성 연구,강윤배,포항공과대학교,공학단,2021-06-01 ~ 2024-02-29,결과보고서
2023,시민참여형 플랫폼을 활용한 지역맞춤 더위체감 분석 및 평가기술 개발,엄정희,경북대학교,공학단,2019-03-01 ~ 2024-02-29,결과보고서
2023,CNN(Convolutional Neural Netwroks: 합성곱 신경망) 기반 이미지 인식 기술을 활용한 건축물 폐기단계 관리기술 개발,차기욱,경북대학교,공학단,2019-09-01 ~ 2024-02-29,결과보고서
2023,극 고온상황에서의 실시간 X-선 가시화 시스템 개발,곽호재,포항공과대학교,공학단,2021-06-01 ~ 2024-02-29,결과보고서
2023,스마트 팜에서 가축의 성장 관리를 위한 딥러닝 기반 체형 분류 및 무게 예측,권기연,금오공과대학교,ICT·융합연구단,2021-06-01 ~ 2024-02-29,결과보고서
2023,리 대수의 표현론을 통한 W-대수의 표현론 연구,권남희,대구대학교,자연과학단,2021-06-01 ~ 2024-02-29,결과보고서
2023,MHz 극초단 전자빔 발생을 위한 변조 가능한 버스트 모드 레이저 개발,권성훈,포항공과대학교,자연과학단,2021-06-01 ~ 2024-02-29,결과보고서
2023,혈소판 풍부 혈장이 동물 골관절염에 미치는 효능 평가,권영삼,경북대학교,의약학단,2021-06-01 ~ 2024-02-29,결과보고서
2023,비동기설계 방식을 사용한 저전력 뉴로모픽 시스템,김경기,대구대학교,ICT·융합연구단,2021-06-01 ~ 2024-02-29,결과보고서
2023,대규모 실시간 시스템 설계을 위한 핵심기술 연구,김경훈,경북대학교,ICT·융합연구단,2021-06-01 ~ 2024-02-29,결과보고서
2023,청각 중뇌의 대뇌 운동신호 통합처리 기전연구,김근수,대구경북과학기술원부설한국뇌연구원,생명과학단,2021-06-01 ~ 2024-02-29,결과보고서
2023,GLUT1 선택적 억제제의 유효선도물질 최적화,김나연,대구경북첨단의료산업진흥재단,자연과학단,2021-06-01 ~ 2024-02-29,결과보고서
2023,나노미터 파장의 연X선 산란을 이용한 이차원물질의 미시적 관찰,김남동,포항공과대학교,자연과학단,2021-06-01 ~ 2024-02-29,결과보고서
2023,실시간 화상분석시스템 구축을 통한 개별 나노구조 금속산화물의 전기변색 특성 연구,김도형,경북대학교,자연과학단,2022-06-01 ~ 2024-02-29,결과보고서
2023,의미분석기술 및 행동경제학을 활용한 해외건설 리스크 기반 지능형 의사결정지원체계 개발,김두연,경일대학교,공학단,2021-06-01 ~ 2024-02-29,결과보고서
2023,전정안구반사와 고령자의 낙상위험도와의 상관관계 분석 및 전정안구 균형운동 프로그램 개발,김명권,대구대학교,의약학단,2021-06-01 ~ 2024-02-29,결과보고서
2023,식물 특이적 NAC 전사인자의 작용기전 연구,김민성,포항공과대학교,생명과학단,2022-06-01 ~ 2024-02-29,결과보고서
2023,16세기 일본 다실건축 유형의 성립에 한국 전통민가가 미친 영향,김병주,경일대학교,공학단,2021-06-01 ~ 2024-02-29,결과보고서
2023,Kinase inhibitor 항암제의 약물동태 예측 및 약물상호작용에 관한 연구,김상범,대구경북첨단의료산업진흥재단,자연과학단,2021-06-01 ~ 2024-02-29,결과보고서
2023,재난트라우마에 대한 한의통합진료 프로토콜 고도화 및 자가관리 모바일 앱 개발,김상호,대구한의대학교,의약학단,2021-06-01 ~ 2024-02-29,결과보고서
2023,시스템-온-칩 마이크로 LED,박시현,영남대학교,ICT·융합연구단,2019-09-01 ~ 2024-02-29,결과보고서
2023,면역세포의 미토콘드리아 에너지 대사 리프로그래밍 및 염증 활성화 제어를 통한 신생혈관성 연령관련 황반변성 신규 치료기전 연구,박동호,경북대학교,의약학단,2019-09-01 ~ 2024-02-29,결과보고서
2023,전-전기적 스핀파 소자와 스핀파 레이저,유천열,대구경북과학기술원,자연과학단,2021-03-01 ~ 2024-02-29,결과보고서
2023,자기변형 나노구조물을 탑재한 초저전력 자기장 센서 기반 웨어러블 뇌자도 (MEG) 측정기 개발,김회준,대구경북과학기술원,공학단,2021-03-01 ~ 2024-02-29,결과보고서
2023,Engineered E. coli-specific reporter phages를 활용한 사용자 친화적·현장적용형의 IoT 기반 실시간·신속검출 시스템 개발,박미경,경북대학교,생명과학단,2020-03-01 ~ 2024-02-29,결과보고서
2023,의료영상분석을 통해 현재 상태와 미래에 일어날 예후변화를 설명해주는 인공지능 개발,박상현,대구경북과학기술원,ICT·융합연구단,2019-03-01 ~ 2024-02-29,결과보고서
2023,DNA-encoded library 합성을 통한 HIP2를 타겟으로하는 알츠하이머병 치료제 발굴,박유진,대구경북첨단의료산업진흥재단,자연과학단,2021-03-01 ~ 2024-02-29,결과보고서
2023,자가 면역 질환 치료를 위한 IRAK4 저해제의 개발,김소영,대구경북첨단의료산업진흥재단,자연과학단,2021-06-01 ~ 2024-02-29,결과보고서
2023,기계학습을 활용한 건설사업의 환경성능 평가시스템 개발,박진영,경북대학교,공학단,2019-03-01 ~ 2024-02-29,결과보고서
2023,휘발성유기화합물 검출용 환경 색센서 금속유기구조체 개발,박진희,대구경북과학기술원,자연과학단,2019-03-01 ~ 2024-02-29,결과보고서
2023,초미세먼지에 의한 아토피 피부염의 병인 악화에 표적인자로 AMPK 역할 규명 및 해양생물자원 유래의 기능성 소재 탐색,김수진,대구한의대학교,생명과학단,2021-06-01 ~ 2024-02-29,결과보고서
2023,아스퍼질러스에서 무성포자 특이적 전사인자 및 비암호화RNA에 관한 연구,박희수,경북대학교,생명과학단,2020-03-01 ~ 2024-02-29,결과보고서
2023,신경회로 상호작용에 의한 세포 외 신호 유도 항상성-질환성 미세아교세포 전환 원리 및 자가포식 기능 조절 기전 규명,백순봉,대구경북과학기술원부설한국뇌연구원,생명과학단,2021-03-01 ~ 2024-02-29,결과보고서
2023,보강 압전합성체를 활용한 스마트 지반강성 모니터링 시스템 개발,변용훈,경북대학교,공학단,2020-03-01 ~ 2024-02-29,결과보고서
2023,이온이동도-질량분석을 이용한 나노크기 원자/분자 집합체 연구,서종철,포항공과대학교,자연과학단,2019-03-01 ~ 2024-02-29,결과보고서
2023,작업복과 개인보호구 착용 후의 작업 능률 증진을 위한 인간공학적 연구 -여성 및 고령 노동자를 중심으로 -,손수영,경북대학교,ICT·융합연구단,2020-03-01 ~ 2024-02-29,결과보고서
2023,제일원리와 머신러닝이 접목된 고속대량 스크리닝 플랫폼을 이용한 ReRAM 신물질 개발,이동화,포항공과대학교,공학단,2019-03-01 ~ 2024-02-29,결과보고서
2023,불포화층의 수리-역학적 유효응력 거동을 고려한 3차원 산사태 평가 시스템 개발,오세붕,영남대학교,공학단,2019-03-01 ~ 2024-02-29,결과보고서
2023,불확실 인자를 고려한 영구자석 전동기 구동 시스템의 시스템 레벨에서 강건 최적설계 기술 개발,김동훈,경북대학교,ICT·융합연구단,2019-09-01 ~ 2024-02-29,결과보고서
2023,다중채널 방식의 나노바이오 복합형 분석법 개발 및 다중 심혈관 질환의 조기발견에 응용,이혜진,경북대학교,자연과학단,2019-03-01 ~ 2024-02-29,결과보고서
2023,양자 내성 동형암호기반 스마트카 침입 탐지 시스템 연구,김영식,대구경북과학기술원,ICT·융합연구단,2021-03-01 ~ 2024-02-29,결과보고서
2023,신경전달물질(NPY · BDNF)의 골수세포 조절기전을 통한 골형성과 골다공증 치료효과 분석연구,민우기,경북대학교,의약학단,2021-03-01 ~ 2024-02-29,결과보고서
2023,폐 상피세포의 MHC-II 발현 유도 기전 규명 및 면역학적 역할 연구,이승우,포항공과대학교,의약학단,2021-03-01 ~ 2024-02-29,결과보고서
2023,인지 융합의 범진단적 가치와 탈융합 기반 치료의 범치료적 효과에 대한 신경학적 기전 규명,이승재,경북대학교,의약학단,2021-03-01 ~ 2024-02-29,결과보고서
2023,원형-RNAs 연구를 통한 새로운 액체생검용 암 바이오마커 발굴,허근,경북대학교,의약학단,2019-09-01 ~ 2024-02-29,결과보고서
2023,온도 및 셀 불균일을 고려한 리튬 이온 배터리 팩의 상태 진단 알고리즘 개발,김상우,포항공과대학교,ICT·융합연구단,2021-03-01 ~ 2024-02-29,결과보고서
2023,전자-양전자 쌍소멸을 이용한 자기 홀극 탐색,이세욱,경북대학교,자연과학단,2019-03-01 ~ 2024-02-29,결과보고서
2023,기후변화 적응 녹색지붕 정량 평가기술 개발,서용원,영남대학교,공학단,2019-03-01 ~ 2024-02-29,결과보고서
2023,밸리 엑시톤-폴라리톤의 결맞은 응축 상태 구현 및 제어 연구,조창희,대구경북과학기술원,자연과학단,2019-09-01 ~ 2024-02-29,결과보고서
2023,디스퍼션 엔지니어링 기반 하이퍼볼릭 메타물질 개발 및 광소자 응용,노준석,포항공과대학교,공학단,2019-03-01 ~ 2024-02-29,결과보고서
2023,암하렛츠 주거용 친환경 토속 담틀공법 시공자동화 시스템 개발,이동은,경북대학교,공학단,2019-03-01 ~ 2024-02-29,결과보고서
2023,저전력 시스템을 위한 고성능 딥러닝 모델 경량화 파이프라이닝 기술 개발,유환조,포항공과대학교,ICT·융합연구단,2020-09-01 ~ 2024-02-29,결과보고서
2023,지능형 반도체소자를 위한 마그노닉스 물질의 물성 연구,김영학,포항공과대학교,ICT·융합연구단,2021-06-01 ~ 2024-02-29,결과보고서
2023,소세포폐암의 항암제 내성 기전 발굴 및 신약후보 물질의 효능 평가,안준홍,영남대학교,의약학단,2021-03-01 ~ 2024-02-29,결과보고서
2023,지능형 추론 시스템을 위한 초소형 커패시터-리스 문턱 스위칭 기반 오실레이션 뉴런 소자 연구,우지용,경북대학교,ICT·융합연구단,2021-03-01 ~ 2024-02-29,결과보고서
2023,에어로졸에 의한 시각외란을 투과 가능한 다중분광 비디오 모션 증폭,오태현,포항공과대학교,ICT·융합연구단,2021-03-01 ~ 2024-02-29,결과보고서
2023,스마트 계측 및 인공지능(AI)기반 비접촉 비교란 토양 수분 모니터링 기술 개발,우동국,계명대학교,공학단,2021-03-01 ~ 2024-02-29,결과보고서
2023,다시점-다일시 위성영상을 이용한 대도시권의 고정밀-고밀도 3차원 DSM 생성 기술 개발,박순용,경북대학교,ICT·융합연구단,2021-03-01 ~ 2024-02-29,결과보고서
2023,미래 친환경 항만 마이크로그리드를 위한 전력변환 및 에너지관리 핵심 기술,이동춘,영남대학교,ICT·융합연구단,2021-03-01 ~ 2024-02-29,결과보고서
2023,X-선 거울 표면 형상 제어를 위한 수치 제어 차등 증착 기술 개발,김장우,포항공과대학교,자연과학단,2021-06-01 ~ 2024-02-29,결과보고서
2023,선택적 3차원 구조 모핑이 가능한 다자극 감응형 원격 제어 소프트 액추에이터 개발,김재환,금오공과대학교,공학단,2021-06-01 ~ 2024-02-29,결과보고서
2023,"혈전과 신생혈관타겟 자성나노입자 탑재 강유전체젤-콘텍트렌즈를 이용한 자기력가이딩 약물전송과 망막혈관질환(폐색증,신생혈관생성) 치료기술 개발",김종기,대구가톨릭대학교,ICT·융합연구단,2021-06-01 ~ 2024-02-29,결과보고서
2023,합성 유전자 회로를 이식한 스마트 프로바이오틱스를 통한 질병 치료 플랫폼 개발,김종민,포항공과대학교,생명과학단,2022-06-01 ~ 2024-02-29,결과보고서
2023,약물 및 세포전달 기능의 다당류 페이스트 개발 및 응용,김종철,대구경북첨단의료산업진흥재단,ICT·융합연구단,2021-06-01 ~ 2024-02-29,결과보고서
2023,차세대 배터리의 안정성 향상을 위한 기능성 분리막 개발 및 최적화 연구 그리고 이의 안정성을 평가하기 위한 분석툴 개발,김주현,경북대학교,공학단,2021-06-01 ~ 2024-02-29,결과보고서
2023,퍼옥시좀 선택적 자가작용 기전 규명을 통한 파킨슨병 질환 제어 연구,조동형,경북대학교,생명과학단,2020-03-01 ~ 2024-02-29,결과보고서
2023,저작능력 및 치주염과 인지기능의 인과적 작용기전 도출,최연희,경북대학교,의약학단,2021-03-01 ~ 2024-02-29,결과보고서
2023,비강투여를 통한 한약재 정유성분의 비만조절 뇌 기전 연구,김미려,대구한의대학교,의약학단,2021-03-01 ~ 2024-02-29,결과보고서
2023,전달특성 비동조화 및 열전특성 고성능화를 위한 저자기장 결정배향 기술 연구,김참,대구경북과학기술원,공학단,2021-06-01 ~ 2024-02-29,결과보고서
2023,새로운 공통접지 고신뢰성 AC/AC 전력변환기 개발 및 이를 이용한 고신뢰성/고효율 30kVA 하이브리드 배전변압기 개발,차헌녕,경북대학교,ICT·융합연구단,2021-03-01 ~ 2024-02-29,결과보고서
2023,저지연 원격 주행을 위한 IVN(In-Vehicle Network)과 V2X(Vehicle-to-Everything) 통합 기술 개발,최지웅,대구경북과학기술원,ICT·융합연구단,2021-03-01 ~ 2024-02-29,결과보고서
2023,세포소기관 막 사이의 물질 이동 시스템의 개선을 통한 노화 회복,이영삼,대구경북과학기술원,생명과학단,2020-03-01 ~ 2024-02-29,결과보고서
2023,협소 공간 관절경 수술을 위한 연조직 모델링 기반 비침습 증강현실 수술 내비게이션,홍재성,대구경북과학기술원,ICT·융합연구단,2020-09-01 ~ 2024-02-29,결과보고서
2023,강력한 전자기장을 이용한 극고속 상전이 조작 연구,김동언,포항공과대학교,자연과학단,2020-09-01 ~ 2024-02-29,결과보고서
2023,편광 시분해 SHG 분광법을 이용한 2차원 결정의 초고속 에너지 흐름 동역학 연구,류순민,포항공과대학교,자연과학단,2020-03-01 ~ 2024-02-29,결과보고서
2023,DNA:RNA hybrid에 의한 식물 교차 재조합 기전 연구,최규하,포항공과대학교,생명과학단,2020-03-01 ~ 2024-02-29,결과보고서
2023,알부민 코팅 소프트 나노캡슐 플랫폼을 기반으로 한 유전자 전달 효율 극대화 시스템 개발,김형준,금오공과대학교,의약학단,2021-06-01 ~ 2024-02-29,결과보고서
2023,생물 네트워크에 적용 가능한 counting sequences 들에 대한 특성 연구,김혜경,대구가톨릭대학교,자연과학단,2021-06-01 ~ 2024-02-29,결과보고서
2023,건강행위 상호작용모델 기반 가상현실 기술을 이용한 난임 여성 대상 스마트헬스프로그램 개발 및 효과 검증,김혜영,계명대학교,의약학단,2021-06-01 ~ 2024-02-29,결과보고서
2023,근력을 생성하기 위한 척수 운동신경계의 시공간적 활성화 특성 연구,김호정,대구경북과학기술원,생명과학단,2021-06-01 ~ 2024-02-29,결과보고서
2023,오류역전파 학습법의 한계 극복 방안 개발,박혜영,경북대학교,ICT·융합연구단,2020-03-01 ~ 2024-02-29,결과보고서
2023,나노집속 빔을 이용한 고해상도 펌프-프로브 이미징 연구,남대웅,포항공과대학교,자연과학단,2021-06-01 ~ 2024-02-29,결과보고서
2023,소프트웨어 결함 예측 기반 자동 프로그램 수정 기법,남재창,한동대학교,ICT·융합연구단,2021-06-01 ~ 2024-02-29,결과보고서
2023,빅데이터와 프로세스 마이닝 기법을 활용한 클라우드기반 저탄소 콘크리트 생산관리 플랫폼 개발,노승준,금오공과대학교,공학단,2021-06-01 ~ 2024-02-29,결과보고서
2023,수직 스핀 정렬 스피넬 산화물 자성체 헤테로 구조 연구,도중회,경북대학교,자연과학단,2021-06-01 ~ 2024-02-29,결과보고서
2023,화재 전조현상 조기 탐지가 가능한 M13 바이오나노물질 기반 감응 센서 개발,문종식,경일대학교,공학단,2021-06-01 ~ 2024-02-29,결과보고서
2023,저궤도 위성시스템 기반의 광대역 위성 통신을 위한 Ka-band CMOS 위상배열 송수신기 구현,문현원,대구대학교,ICT·융합연구단,2021-06-01 ~ 2024-02-29,결과보고서
2023,스핀전이 물질의 전기 및 광발광 성질에 대한 연구,민길식,경북대학교,자연과학단,2021-06-01 ~ 2024-02-29,결과보고서
2023,"차세대 디스플레이용 투명, 고압전성 페로브스카이트 단결정 제조 원천기술 개발",민유호,경북대학교,공학단,2022-06-01 ~ 2024-02-29,결과보고서
2023,온난화 대응 아열대작물 Polyscias fruticosa 지용성 생리활성 성분의 대장염증-간보호-마이크로바이옴-메타보노믹스 축 조절기전 연구,정우식,경북대학교,생명과학단,2021-03-01 ~ 2024-02-29,결과보고서
2023,에너지 항상성을 이용한 범용약물 전달 엑소좀 기전연구 및 치료제로서 검증,김종현,대구가톨릭대학교,의약학단,2021-03-01 ~ 2024-02-29,결과보고서
2023,이차원 물질 구조 이론적 탐색 방법론 개발 및 이를 활용한 혁신적 신물질 예측,심지훈,포항공과대학교,자연과학단,2021-03-01 ~ 2024-02-29,결과보고서
2023,사람의 multi-tRNA synthetase complex의 입체구조 분석,강범식,경북대학교,생명과학단,2020-03-01 ~ 2024-02-29,결과보고서
2023,인체유래 생체재료 기반 세포블록 기술 개발 연구,박민정,대구경북첨단의료산업진흥재단,ICT·융합연구단,2021-06-01 ~ 2024-02-29,결과보고서
2023,아포지단백의 선택적 저해를 통한 알츠하이머 질환의 새로운 치료기전 연구,박병덕,계명대학교,의약학단,2021-06-01 ~ 2024-02-29,결과보고서
2023,고효율 단파장 GaN 기반 양자세선 광전소자의 특성 연구,박승환,대구가톨릭대학교,자연과학단,2021-06-01 ~ 2024-02-29,결과보고서
2023,입력 불확실성을 반영한 분포적 강건 시뮬레이션 모델 개발,고영명,포항공과대학교,ICT·융합연구단,2021-09-01 ~ 2024-02-29,결과보고서
2023,다양한 조직공학적 응용을 위한 곰팡이 지지체(F-scaffold)의 제조,한성수,영남대학교,공학단,2020-03-01 ~ 2024-02-29,결과보고서
2023,차세대 방사광 가속기에서 펨토초 길이의 방사광을 제공하기 위한 전자빔의 비선형 동역학 연구,박용운,포항공과대학교,자연과학단,2021-06-01 ~ 2024-02-29,결과보고서
2023,손상된 세포 회복 및 노화 과정에서의 베타-하이드록시뷰티레이트(β-hydroxybutyrate)의 역할과 조절 기전 규명,박우영,계명대학교,의약학단,2021-06-01 ~ 2024-02-29,결과보고서
2023,폐암-특이 GVariant-ULS 발굴,최진은,경북대학교,의약학단,2020-03-01 ~ 2024-02-29,결과보고서
2023,자궁내 성장지연과 연관된 임상적 분류에 따른 태반의 전사체 특성 규명,박재현,계명대학교,의약학단,2021-06-01 ~ 2024-02-29,결과보고서
2023,후각수용체의 신장 섬유화 조절기전,전언주,대구가톨릭대학교,의약학단,2020-09-01 ~ 2024-02-29,결과보고서
2023,차세대 금속공기전지용 전기화학촉매 개발 및 방사광 X-선 기반 분석 기술을 이용한 반응 메커니즘 규명,박주혁,계명대학교,공학단,2021-06-01 ~ 2024-02-29,결과보고서
2023,미량의 바이오 마커 검출을 위한 음파영동 접목 앱타머-크리스퍼 고감도 바이오센서 개발,박지웅,대구경북첨단의료산업진흥재단,ICT·융합연구단,2021-06-01 ~ 2024-02-29,결과보고서
2023,야생종을 이용한 체세포 융합 계통 육성 및 분자 마커 개발,박태호,대구대학교,생명과학단,2021-06-01 ~ 2024-02-29,결과보고서
2023,알츠하이머병 초기병변의 원인조절인자 규명,배재성,경북대학교,의약학단,2020-03-01 ~ 2024-02-29,결과보고서
2023,희귀 붕괴 연구 및 검출기 운용,박환배,경북대학교,자연과학단,2021-06-01 ~ 2024-02-29,결과보고서
2023,Blind-Contact 촉각 인지가 가능한 로봇 핸드용 연신성 전자피부,정운룡,포항공과대학교,공학단,2020-03-01 ~ 2024-02-29,결과보고서
2023,국소 진행성 직장암 환자에서 화학방사선치료에 의한 종양-면역학적 조절 기전 규명,배성욱,계명대학교,의약학단,2021-06-01 ~ 2024-02-29,결과보고서
2023,고성능 리튬/나트륨/칼륨 이온 이차전지용 화합물 기반의 합금계 음극소재 개발,박철민,금오공과대학교,공학단,2021-03-01 ~ 2024-02-29,결과보고서
2023,식물의 음파신호 인지 및 전달 기작 구명,배한홍,영남대학교,생명과학단,2021-06-01 ~ 2024-02-29,결과보고서
2023,농용항생제 과용을 통한 작물마이크로바이옴 및 식중독균으로 항생제 저항성 전이 기작 규명,백광현,영남대학교,생명과학단,2021-06-01 ~ 2024-02-29,결과보고서
2023,안외적 광회피 기전 연구,강경진,대구경북과학기술원부설한국뇌연구원,생명과학단,2021-03-01 ~ 2024-02-29,결과보고서
2023,뇌 확산텐서 영상을 이용한 의식 장애 환자의 의식 회복 기전 연구,장성호,영남대학교,의약학단,2021-03-01 ~ 2024-02-29,결과보고서
2023,100nm급 공간분해 광전자 분광법을 활용한 전고체 LIB의 operando 이온 거동 연구,백재윤,포항공과대학교,자연과학단,2021-06-01 ~ 2024-02-29,결과보고서
2023,다중 나노머신 간 협력형 분자 통신을 이용한 목표 약물 전달 기술,조호신,경북대학교,ICT·융합연구단,2021-03-01 ~ 2024-02-29,결과보고서
2023,나노 소재 다차원 패터닝을 위한 신개념 템플레이트 제조 및 응용에 관한 연구,변명환,계명대학교,공학단,2021-06-01 ~ 2024-02-29,결과보고서
2023,새로운 C-H 활성화와 고리화 전략을 통한 기능성 및 생리활성 방향족화합물의 구축,이용록,영남대학교,자연과학단,2021-03-01 ~ 2024-02-29,결과보고서
2023,세포 모방형 다층구획 입자 기반 고효율 연속단계 효소반응 생물공정 플랫폼 개발,최창형,영남대학교,공학단,2021-06-01 ~ 2024-02-29,결과보고서
2023,지방산-acyl-CoA 대사 유전자에 의한 근소포체 연관 지방구와 에너지 대사 조절 : 지질체학적 접근,부소영,대구대학교,생명과학단,2021-06-01 ~ 2024-02-29,결과보고서
2023,Mg-Al-Zn 합금의 내식성에 미치는 부식억제제 역할 및 이에 대한 분자밀도함수 계산,샤우키압둘카림,영남대학교,공학단,2022-06-01 ~ 2024-02-29,결과보고서
2023,센서 퓨전 기반 도로 노면 및 시설물 파손 탐지 시스템 연구,서동만,대구가톨릭대학교,ICT·융합연구단,2021-06-01 ~ 2024-02-29,결과보고서
2023,고혈압 동물 모델에서 소금감수성 유무에 따른 Th17/Treg 면역 반응 및 승압 반응의 특성,김인겸,경북대학교,의약학단,2021-03-01 ~ 2024-02-29,결과보고서
2023,TMEM16A를 선택적으로 억제하는 선도물질 발굴 및 폐암 치료를 위한 신규 기전 규명,서요한,대구경북첨단의료산업진흥재단,생명과학단,2021-06-01 ~ 2024-02-29,결과보고서
2023,소아청소년 염증성 장 질환의 조기 진단과 항-TNF 제제에 대한 치료반응을 예측하기 위해 DNA 메틸롬 분석에 근거한 새로운 바이오마커 발굴 연구,강빈,경북대학교,의약학단,2021-03-01 ~ 2024-02-29,결과보고서
2023,"수소에너지 가치사슬 (수송 및 저장) 강화를 위한 공정 통합화, 집적화, 최적화에 기반한 고도 심냉 수소액화공정 개발",이문용,영남대학교,공학단,2021-09-01 ~ 2024-02-29,결과보고서
2023,COVID-19 치료에 사용되는 항 바이러스 약물의 초분자 복합체 연구,소나이무트모한도스,영남대학교,자연과학단,2021-06-01 ~ 2024-02-29,결과보고서
2023,대기 중 VOCs의 포집ㆍ제거를 위한 전기 화학적 촉매 분해 시스템 개발,김태오,금오공과대학교,ICT·융합연구단,2021-03-01 ~ 2024-02-29,결과보고서
2023,4파이 섬광단결정 검출기를 이용한 새로운 입자 탐색,김홍주,경북대학교,자연과학단,2021-03-01 ~ 2024-02-29,결과보고서
2023,천공홀 삽입동시 지보능력 발휘 락볼트 기술개발,손무락,대구대학교,공학단,2021-06-01 ~ 2024-02-29,결과보고서
2023,멀티 도메인 자세 추정 시스템 학습을 위한 데이터 효율적인 기계학습 기법 연구,김광인,포항공과대학교,ICT·융합연구단,2021-03-01 ~ 2024-02-29,결과보고서
2023,정전기 유도 광전류 증폭을 이용한 초고감도 유기 이미지 센서 원천기술 개발,정대성,포항공과대학교,공학단,2021-03-01 ~ 2024-02-29,결과보고서
2023,당뇨병성 족부병변 진단을 위한 다중모드 근적외선 광영상 기술,송철,대구경북과학기술원,공학단,2019-03-01 ~ 2024-02-29,결과보고서
2023,Ferroptosis 조절을 통한 항암제 내성 극복 방안 및 기전연구,민경진,대구경북첨단의료산업진흥재단,의약학단,2019-03-01 ~ 2024-02-29,결과보고서
2023,고인장 합금 재료를 이용한 콘크리트 기둥의 내진보강재 및 내진보강 공법 개발에 대한 연구,장일영,금오공과대학교,공학단,2019-03-01 ~ 2024-02-29,결과보고서
2023,공포 소거에 관여하는 토닉 GABA 조절 기전 연구,송석운,대구경북과학기술원부설한국뇌연구원,생명과학단,2021-06-01 ~ 2024-02-29,결과보고서
2023,단일 형광 저분자 물질을 활용한 상세 백혈구 분석검사 기술의 개발,김범수,대구경북과학기술원부설한국뇌연구원,생명과학단,2021-03-01 ~ 2024-02-29,결과보고서
2023,짧은 길이의 블록 부호를 위한 통합 머신 러닝 기법,송영준,금오공과대학교,ICT·융합연구단,2021-06-01 ~ 2024-02-29,결과보고서
2023,탑승자 중심의 국소 난방을 통한 전기자동차의 공조 효율 증대,송진근,경북대학교,공학단,2021-06-01 ~ 2024-02-29,결과보고서
2023,하이드레이트 기반 희가스 분리 기술 연구,신규철,경북대학교,공학단,2021-06-01 ~ 2024-02-29,결과보고서
2023,발달초기 모성분리에 의한 불안 및 공격성의 발현메커니즘 연구,신상엽,대구경북과학기술원부설한국뇌연구원,ICT·융합연구단,2021-06-01 ~ 2024-02-29,결과보고서
2023,SMADs-STATs의 상호 분자적 제어조절을 통한 자가 유래 항암면역세포치료 활성 연구,신서자,경북대학교병원,생명과학단,2021-06-01 ~ 2024-02-29,결과보고서
2023,위험성 평가 기반 협동로봇의 안전요구조건 연구,신재호,경일대학교,공학단,2021-06-01 ~ 2024-02-29,결과보고서
2023,상온 상압 조건에서 암모니아 생산을 위한 전극 촉매의 개발,심준호,대구대학교,자연과학단,2021-06-01 ~ 2024-02-29,결과보고서
2023,루이스산 및 유기촉매 고리화 반응을 통한 다양한 생리활성 분자 구축,아크탈무하마드사이드,영남대학교,자연과학단,2021-06-01 ~ 2024-02-29,결과보고서
2023,COVID-19 판데믹 전·후 에너지 소비통계와 탄소위성신호의 연계모형 개발,엄정섭,경북대학교,ICT·융합연구단,2021-06-01 ~ 2024-02-29,결과보고서
2023,GNSS와 위성 중력 자료로 추정한 대규모 배수 분지의 물 저장량 변동,엄주영,경북대학교,자연과학단,2021-06-01 ~ 2024-02-29,결과보고서
2023,클라우드 제조 시스템의 제품 품질 향상을 위한 리소스 진단 체계 개발,김광재,포항공과대학교,ICT·융합연구단,2022-03-01 ~ 2024-02-29,결과보고서
2023,각 대역당 독립적인 경로 제어가 가능한 메타표면,김홍준,경북대학교,ICT·융합연구단,2022-03-01 ~ 2024-02-29,결과보고서
2023,"벤조푸로인데노피리딘 유도체: 선택적 토포아이소머라제 IIα 저해제 개발을 위한 설계, 합성, 작용기전 및 항암활성 평가",이응석,영남대학교,의약학단,2022-03-01 ~ 2024-02-29,결과보고서
2023,이종고리 방향족 분자를 이용한 반도체 표면 개질화 연구,윤영상,영남대학교,자연과학단,2021-06-01 ~ 2024-02-29,결과보고서
2023,Dll4 차단을 통한 세포기반지방이식의 생착률 향상 기술 개발,김일국,영남대학교,의약학단,2021-03-01 ~ 2024-02-29,결과보고서
2023,먼지투성이 별 형성 은하와 은하 종족의 진화,심현진,경북대학교,자연과학단,2021-03-01 ~ 2024-02-29,결과보고서
2023,EDA-A1과 EDA-A2의 상반된 역할 연구를 통한 남성형 탈모 원인 규명,곽미희,경북대학교,의약학단,2021-03-01 ~ 2024-02-29,결과보고서
2023,전이금속 틈새합금 나노촉매 합성 및 수전해 응용,최상일,경북대학교,자연과학단,2021-03-01 ~ 2024-02-29,결과보고서
2023,의료 공통 데이터 모델 기반 디지털 트윈 모델 자동 도출 및 개선 방법 연구,송민석,포항공과대학교,ICT·융합연구단,2021-03-01 ~ 2024-02-29,결과보고서
2023,조현병 병인성 AS3MT d2d3 동형 단백질의 뇌발생 관련성 연구,박상기,포항공과대학교,생명과학단,2021-03-01 ~ 2024-02-29,결과보고서
2023,뇌손상 환자의 운동기능 회복과 뇌 가소성 향상을 위한 가상현실 기반 재활프로그램 개발 및 효과에 대한 연구,이미영,대구한의대학교,ICT·융합연구단,2021-06-01 ~ 2024-02-29,결과보고서
2023,화재 농연 환경에서 객체탐지가 가능한 센서융합 연구,한봉수,경일대학교,공학단,2021-06-01 ~ 2024-02-29,결과보고서
2023,인간 전능성 줄기세포 유래 중뇌오가노이드 및 도파민 신경세포 분화 기술을 활용한 2D/3D 파킨슨병 모델 개발 및 약물 스크리닝 플랫폼 확립,이민영,경북대학교,의약학단,2021-06-01 ~ 2024-02-29,결과보고서
2023,해양미생물과 해빙탄산칼슘 형성이 탄소순환(해양의 탄소제거능력)에 미치는 영향 규명,이기택,포항공과대학교,자연과학단,2021-03-01 ~ 2024-02-29,결과보고서
2023,CIC-ATXN1L 복합체에 의한 선천성 면역 B 세포 발달 및 기능 전사 조절 연구,이윤태,포항공과대학교,생명과학단,2021-03-01 ~ 2024-02-29,결과보고서
2023,게임을 위한 메쉬 쉐이더(mesh shader) 파이프라인을 이용한 실시간 디지털 네이처(Digital Nature) 시뮬레이션 및 렌더링 기법 개발,성만규,계명대학교,ICT·융합연구단,2021-03-01 ~ 2024-02-29,결과보고서
2023,비대칭 기능성 입자간 조립제어를 통한 수질 평가 고분자 물고기 개발,현동춘,경북대학교,공학단,2021-03-01 ~ 2024-02-29,결과보고서
2023,혈관석회화 유발에서 TXNIP의 역할 연구,우창훈,영남대학교,의약학단,2021-03-01 ~ 2024-02-29,결과보고서
2023,바이오나노소재 CNF와 Chitosan의 composites 코팅에 의한 HLB control 텍스타일 제조 및 활용,박영미,영남대학교,공학단,2021-03-01 ~ 2024-02-29,결과보고서
2023,생성모델 기반 인체 유래물 오믹스 분석 시스템 개발,천무경,대구경북과학기술원부설한국뇌연구원,생명과학단,2021-03-01 ~ 2024-02-29,결과보고서
2023,재용해가 가능한 고분자량 실크 세리신 및 이를 활용한 세리신 코팅 천연섬유기반 부직포 개발,엄인철,경북대학교,공학단,2021-03-01 ~ 2024-02-29,결과보고서
2023,식품 및 보충제 함량 데이터베이스 구축과 만성질병 위험과의 연관성 규명: 아미노산과 비타민 D 중심으로,박경,영남대학교,생명과학단,2021-03-01 ~ 2024-02-29,결과보고서
2023,다양한 차원에서의 양자장론 비섭동물리 연구와 이중성 연구,박재모,포항공과대학교,자연과학단,2021-03-01 ~ 2024-02-29,결과보고서
2023,재규격화 그룹 방식에서 유도된 듀얼 홀로그래피 이론에서 기술하는 양자상전이 임계성과 수학적으로 나타나는 블랙홀,김기석,포항공과대학교,자연과학단,2021-03-01 ~ 2024-02-29,결과보고서
2023,100%에 가까운 광발광 양자효율의 단파적외선 양자점 개발,임성준,대구경북과학기술원,자연과학단,2021-03-01 ~ 2024-02-29,결과보고서
2023,폐경 및 암 유발에 의한 근 감소증 처치의 운동 효과와 에스트로겐 수용체의 작용 기전,안나영,계명대학교,의약학단,2021-03-01 ~ 2024-02-29,결과보고서
2023,캐비테이션 현상의 산화/환원 반응 이해 및 초음파 화학적 수소 생성 연구,손영규,금오공과대학교,ICT·융합연구단,2021-03-01 ~ 2024-02-29,결과보고서
2023,추진용 터빈의 손실지도에 관한 연구,이상우,금오공과대학교,공학단,2021-06-01 ~ 2024-02-29,결과보고서
2023,뇌영상 마커를 근거로 한 정서적 학대 경험 치료 프로그램 개발 및 효과 검증,이상원,경북대학교,의약학단,2021-06-01 ~ 2024-02-29,결과보고서
2023,대인공포증 신경기전 연구: 편도체 HCN 채널,이석원,대구경북과학기술원부설한국뇌연구원,생명과학단,2021-06-01 ~ 2024-02-29,결과보고서
2023,반데르발스 층상 물질들의 이종접합 구조에서의 초고속 전자 동역학에 관한 연구,이성훈,대구경북과학기술원,자연과학단,2021-06-01 ~ 2024-02-29,결과보고서
2023,환경 부하 저감형 섬유보강 콘크리트의 강도회복특성 평가,이수진,계명대학교,공학단,2021-06-01 ~ 2024-02-29,결과보고서
2023,고온에 노출된 포스트텐셔닝 철근콘크리트 보의 거동,이수헌,경북대학교,공학단,2021-06-01 ~ 2024-02-29,결과보고서
2023,비만이 감염성 질환 약물치료의 성과에 미치는 영향에 관한 보건의료 빅데이터 활용 연구,이승미,대구가톨릭대학교,의약학단,2022-06-01 ~ 2024-02-29,결과보고서
2023,활동친화적 보행공간 조성을 위한 그린인프라스트럭처의 평가기법 개발 및 적용,이우성,대구대학교,생명과학단,2021-06-01 ~ 2024-02-29,결과보고서
2023,ACE2 표적성 항염증 엑소좀의 개발 및 급성 폐 손상에 대한 치료적 적용,이병헌,경북대학교,의약학단,2021-03-01 ~ 2024-02-29,결과보고서
2023,신경세포의 로컬기능 수행을 위한 수상돌기 미니어쳐 세포소기관들간의 상호작용 조절 기전연구,이성배,대구경북과학기술원,생명과학단,2021-03-01 ~ 2024-02-29,결과보고서
2023,전이금속 단일원자-이종원소-탄소 소재를 이용한 고성능 전기화학 촉매 개발,이국승,포항공과대학교,공학단,2021-03-01 ~ 2024-02-29,결과보고서
2023,페로몬 회피행동 가소성 연구,김규형,대구경북과학기술원,생명과학단,2021-03-01 ~ 2024-02-29,결과보고서
2023,3D 마이크로 조직-미세유체 칩 기반 약물 스크리닝 플랫폼을 이용한 대사질환 관련 만성신장질환 예방제 발굴,이경민,대구경북과학기술원,의약학단,2021-03-01 ~ 2024-02-29,결과보고서
2023,난연성을 확보한 IT기기 및 EV용 고안전성 리튬이온전지 연구,김재현,대구경북과학기술원,ICT·융합연구단,2021-03-01 ~ 2024-02-29,결과보고서
2023,비보존성 알칼리도 성분이 해양 탄소순환에 미치는 영향,이창호,포항공과대학교,,2019-03-01 ~ 2024-02-29,결과보고서
2023,구강안면부위 염증성 통증의 뇌내 전달기전,배용철,경북대학교,의약학단,2021-03-01 ~ 2024-02-29,결과보고서
2023,DRD2 매개 세포사멸기전 및 DRD2 특이적 저해제 탐색 연구,최준석,대구가톨릭대학교,의약학단,2021-03-01 ~ 2024-02-29,결과보고서
2023,층상소재 기반 고성능 차세대 이차전지용 나노 구조체 개발,백승민,경북대학교,자연과학단,2021-03-01 ~ 2024-02-29,결과보고서
2023,필터 프리 실시간 산업미세분진 제거장치 개발,서영진,금오공과대학교,ICT·융합연구단,2021-03-01 ~ 2024-02-29,결과보고서
2023,나노스케일 초고속 비평형 현상의 분자동역학과 제일원리에 의한 연구,임영옥,포항공과대학교,자연과학단,2021-03-01 ~ 2024-02-29,결과보고서
2023,자동 팩트 체크를 위한 지능 정보 분석 플랫폼 연구,최규상,영남대학교,ICT·융합연구단,2019-03-01 ~ 2024-02-29,결과보고서
2023,노약자를 위한 Deep Transfer Learning기반 스마트 플랫폼 개발,아난드 폴,경북대학교,ICT·융합연구단,2020-03-01 ~ 2024-02-29,결과보고서
2023,자율신경균형기반 간호중재가 텔로미어와 미토콘드리아 손상 회복에 미치는 효과: 세포노화의 관점으로,김나현,계명대학교,의약학단,2020-03-01 ~ 2024-02-29,결과보고서
2023,지질 키나아제 PIPKIγ억제를 통한 차세대 유방암 치료제 개발,이정열,대구경북첨단의료산업진흥재단,자연과학단,2021-03-01 ~ 2024-02-29,결과보고서
2023,임상상황 몰입형 가상현실 시뮬레이션 앱을 활용한 의사결정능력 강화 간호 교육프로그램의 개발 및 효과; 내과계 성인 간호학 교육 패키지,이은주,계명대학교,의약학단,2021-06-01 ~ 2024-02-29,결과보고서
2023,사회적 순응형 다중로봇 자율주행을 위한 심층 의미적 C-SLAM 및 다중경로계획 기술 개발,이헌철,금오공과대학교,공학단,2021-06-01 ~ 2024-02-29,결과보고서
2023,천연 항산화제를 이용한 고습윤성 항산화 다공콘택트렌즈 개발,이현미,대구가톨릭대학교,자연과학단,2021-06-01 ~ 2024-02-29,결과보고서
2023,신규 CDK4/6-DYRK1A 저해제의 알츠하이머 병인 제어기전 규명 연구,이현주,대구경북과학기술원부설한국뇌연구원,ICT·융합연구단,2022-06-01 ~ 2024-02-29,결과보고서
2023,인프라 연계를 통한 교통객체 사전 인지 및 보호를 위한 자율 회피주행 기술 개발,임용섭,대구경북과학기술원,공학단,2021-06-01 ~ 2024-02-29,결과보고서
2023,임신 쥐에 급여한 베타 글루칸이 장 마이크로바이옴 변화를 통해 태아 뇌 인지기능 발달에 미치는 영향,임진규,경북대학교,생명과학단,2021-06-01 ~ 2024-02-29,결과보고서
2023,비만 유도 인자에 의한 조골세포 분화 기전 규명,장원구,대구대학교,생명과학단,2021-06-01 ~ 2024-02-29,결과보고서
2023,만성폐쇄성폐질환 환자의 근감소증 발생에 관여하는 유도 단백질 및 기전의 발굴,장종걸,영남대학교,의약학단,2021-06-01 ~ 2024-02-29,결과보고서
2023,세포밀집과 자기조직화의 분자적 상관관계,장지원,포항공과대학교,생명과학단,2022-06-01 ~ 2024-02-29,결과보고서
2023,우성시신경위축에서 관찰되는 미토콘드리아 기능저하의 기전규명 및 시력 개선을 위한 치료후보물질 발굴,전보영,경북대학교,의약학단,2021-06-01 ~ 2024-02-29,결과보고서
2023,가연 가스-free 난연 전해액 소재 평가법 개발,이호춘,대구경북과학기술원,,2021-04-26 ~ 2023-12-31,결과보고서
2023,만화 스타일과 레이아웃을 적용한 딥러닝 기반 비디오 요약,정규만,대구대학교,ICT·융합연구단,2021-06-01 ~ 2024-02-29,결과보고서
2023,Spatial informatics 기법을 이용한 종양 발아 형태에 따른 자궁경부암의 종양미세환경 분석,정근오,경북대학교,의약학단,2022-06-01 ~ 2024-02-29,결과보고서
2023,이명의 신경퇴행성 바이오마커로서의 가능성 규명을 위한 시냅스병증의 역할,정다정,경북대학교병원,의약학단,2021-06-01 ~ 2024-02-29,결과보고서
2023,사회물리학에서 접근한 도시 데이터 분석과 사회 시스템에의 적용,정우성,포항공과대학교,자연과학단,2021-06-01 ~ 2024-02-29,결과보고서
2023,생활안전을 위한 IoT 멀티 센서데이터 분석 기반 상황인지 위험 탐지 및 위험 상황 공유 연구,정임영,경북대학교,ICT·융합연구단,2021-06-01 ~ 2024-02-29,결과보고서
2023,생체모방 계층적 표면 구조를 가진 실리카 나노케이지 기반의 암 특이적 약물 전달 시스템 개발,김창섭,영남대학교,생명과학단,2019-03-01 ~ 2024-02-29,결과보고서
2023,해상부유원전 임계열속(CHF)에 대한 실험적 연구,조대성,경북대학교,,2019-04-19 ~ 2023-12-31,결과보고서
2023,동물 모델을 이용한 견관절 유착성 관절막염의 새로운 치료 물질로서 exogenous collagenase의 효과 검증,조철현,계명대학교,의약학단,2021-06-01 ~ 2024-02-29,결과보고서
2023,적외선 광원 기반 미세 유체 성분 분포 이미징 기술 개발,채복남,포항공과대학교,자연과학단,2021-06-01 ~ 2024-02-29,결과보고서
2023,라오스 루앙프라방 북부농임업전문대학 유기농산물 생산 역량 강화를 위한 수요조사,윤병욱,경북대학교,기초연구본부,2023-05-01 ~ 2024-01-31,결과보고서
2023,카자흐스탄 국제 타라즈 혁신대학교 과학교육학과 설립을 위한 수요조사,장정호,경북대학교,사회과학단,2023-05-01 ~ 2024-01-31,결과보고서
2023,광전기화학적 응용을 위한 마이크로웨이브 합성 WO3 나노플레이트 개발,최선희,포항공과대학교,공학단,2021-06-01 ~ 2024-02-29,결과보고서
2023,ZNF507 유전자의 신경 발달 조절 매커니즘 규명 및 핵심 표적 단백질 발굴,최성균,대구경북과학기술원,생명과학단,2021-06-01 ~ 2024-02-29,결과보고서
2023,리튬이온 이차전지용 가연 가스-free 난연 전해질 기술 개발,이호춘,대구경북과학기술원,,2021-04-26 ~ 2023-12-31,결과보고서
2023,분산전원 동적 계통 보조를 위한 전압제어시스템 개발,최윤혁,대구가톨릭대학교,ICT·융합연구단,2021-06-01 ~ 2024-02-29,결과보고서
2023,형태형질과 DNA 바코드를 이용한 맵시벌과의 성적이형과 종내 색상 변이에 관한 분류학적 연구,최진경,대구교육대학교,생명과학단,2021-06-01 ~ 2024-02-29,결과보고서
2023,나노구조 촉매를 이용한 NOx의 전기화학적 환원으로부터 부가가치 화학물질의 생산,상가라쥬샨무감,대구경북과학기술원,자연과학단,2021-03-01 ~ 2024-02-29,결과보고서
2023,고속철도를 위한 다중 셀룰라망을 이용한 MPTCP 적용 기술 연구,조유제,경북대학교,ICT·융합연구단,2023-03-01 ~ 2024-02-29,결과보고서
2023,한국 청소년의 비자살적 자해행동 연구 : 실태 조사 및 뇌영상 자료 기반 병인 규명과 치료법 개발,최태영,대구가톨릭대학교,의약학단,2021-06-01 ~ 2024-02-29,결과보고서
2023,천연물품질표준화를 위한 대사체분석법개발 및 데이터베이스 구축 연구,남주원,영남대학교,,2019-11-01 ~ 2023-12-31,결과보고서
2023,혈관 노화에서 산화스트레스와 mTOR complex 조절을 통한 폴리페놀의 효능 규명,최형철,영남대학교,의약학단,2021-06-01 ~ 2024-02-29,결과보고서
2023,지역사회 만성질환 방문간호 실습교육 프로그램 개발 및 평가,하영선,경일대학교,의약학단,2021-06-01 ~ 2024-02-29,결과보고서
2023,빅데이터의 의존성을 반영한 통계적 기계학습 방법 연구,하정철,계명대학교,자연과학단,2021-06-01 ~ 2024-02-29,결과보고서
2023,발생단계의 상피-중간엽 상호작용 기작 기반 상아질 재생 연구,하정홍,경북대학교,의약학단,2021-06-01 ~ 2024-02-29,결과보고서
2023,고차시컨트다양체의 특이점에 대한 연구 및 그 응용,한강진,대구경북과학기술원,자연과학단,2021-06-01 ~ 2024-02-29,결과보고서
2023,부유식 해상풍력 시스템의 최적제어기 설계,허성호,경북대학교,ICT·융합연구단,2021-06-01 ~ 2024-02-29,결과보고서
2023,MEK-ERK-mTORC1 axis 억제를 통한 패혈증성 급성 신손상 치료효과,홍효림,대구가톨릭대학교,의약학단,2021-06-01 ~ 2024-02-29,결과보고서
2023,비선형 분산 방정식의 확률적 분석,황경하,영남대학교,자연과학단,2021-06-01 ~ 2024-02-29,결과보고서
2023,인공피부배양조직모델에서 미세먼지로 인한 피부손상 기전 규명 및 해양식물 유래의 안티폴루션 기능성 소재 탐색,이수연,대구한의대학교,생명과학단,2021-03-01 ~ 2024-02-29,결과보고서
2023,복강 내 고압 중환자 동물모델 개발 및 평가,장민,경북대학교,생명과학단,2021-03-01 ~ 2024-02-29,결과보고서
2023,구개열 환자에서 구개유합에 영향을 미치는 후성유전학적 기전에 대한 연구,정운혁,계명대학교,의약학단,2021-03-01 ~ 2024-02-29,결과보고서
2023,TiOxNy-산화물반도체 기반의 광대역 광촉매 개발,성낙언,포항공과대학교,자연과학단,2021-09-01 ~ 2024-02-29,결과보고서
2023,듀얼 인공 신경망 기반의 미케노-발광 현상 표준화 연구,김지식,경북대학교,공학단,2021-03-01 ~ 2024-02-29,결과보고서
2023,수소환경 인프라용 오스테나이트계 고합금강 개발,김성준,포항공과대학교,,2021-12-16 ~ 2023-12-31,결과보고서
2023,동적풍하중에 대한 건축구조물의 안전성 및 효과적인 유지관리 보장을 위한 인공지능 시스템,김법렬,경북대학교,,2019-09-01 ~ 2023-12-31,결과보고서
2023,합성곱신경망 기반의 측모두부 및 수완부 방사선 사진의 골성숙도 심층학습을 통한 안면골 성장평가 소프트웨어의 개발,김호진,경북대학교,의약학단,2022-03-01 ~ 2024-02-29,결과보고서
2023,부분신절제술을 위한 신장의 허혈-재관류 손상 동물모델에서 포스포디에스테라제5 억제제를 이용한 신기능 보호에 대한 연구,정재욱,경북대학교,의약학단,2021-09-01 ~ 2024-02-29,결과보고서
2023,방사선치료의 효과 증대를 위한 방사선증감제(radiosensitizer)로써 Citrate환원반응(Citrate Reduction Reaction)으로 제작된 금나노입자의 개발과 검증,오세안,영남대학교,의약학단,2021-03-01 ~ 2024-02-29,결과보고서
2023,비만대사수술이 비알코올성지방간과 근감소증에 미치는 영향,한유진,계명대학교,의약학단,2021-03-01 ~ 2024-02-29,결과보고서
2023,대규모 접속을 지원하는 전이중 통신 기법 연구 및 SDR 테스트베드 구축,최권휴,영남대학교,ICT·융합연구단,2021-03-01 ~ 2024-02-29,결과보고서
2023,긴읽음염기서열 방식을 통한 안면견갑상완근이영양증의 효과적 진단 개발,이종목,경북대학교,의약학단,2021-03-01 ~ 2024-02-29,결과보고서
2023,Notch 신호의 ligand인 DLL4가 비만 및 비알콜성 지방간염 조절에 미치는 기능에 대한 연구,김다현,대구한의대학교,의약학단,2021-03-01 ~ 2024-02-29,결과보고서
2023,코로나19 유행에 따른 의료이용 행태변화,황준현,대구가톨릭대학교,의약학단,2021-03-01 ~ 2024-02-29,결과보고서
2023,척추 근감소증의 진단 및 척추 수술이 척추 주위 근육에 미치는 영향,유동우,영남대학교,의약학단,2021-09-01 ~ 2024-02-29,결과보고서
2023,비정형 편평상피세포 이상 혹은 저등급 상피내병변을 가진 한국 여성에서 인유두종 바이러스 유병률 및 병태생리적 특성 분석,장태규,계명대학교,의약학단,2021-03-01 ~ 2024-02-29,결과보고서
2023,간헐외사시 환자의 수술량 정도를 결정하는 변수의 새로운 패러다임,이동철,계명대학교,의약학단,2021-03-01 ~ 2024-02-29,결과보고서
2023,플라스틱 선별 기술을 고려한 폐플라스틱 활용 공정 통합평가: 경제성 및 환경 영향 평가,안유찬,계명대학교,공학단,2021-09-01 ~ 2024-02-29,결과보고서
2023,탄소나노재료 기반 FRP 센서와 신경망 데이터 처리기술을 통합한 구조물 안전 모니터링 기술개발,남일우,한동대학교,공학단,2021-03-01 ~ 2024-02-29,결과보고서
2023,식물 잎 노화 및 생애주기 조절에 관여하는 핵과 엽록체 유전자 발현 조율 기전 연구,임평옥,대구경북과학기술원,생명과학단,2019-09-01 ~ 2024-02-29,결과보고서
2023,적층제조기술을 활용한 고엔트로피초합금 개발,김형섭,포항공과대학교,,2021-09-21 ~ 2023-12-31,결과보고서
2023,성상교세포에 의한 스트레스 반응 조절,이효상,대구경북과학기술원,생명과학단,2022-06-01 ~ 2024-02-29,결과보고서
2023,심층 강화학습을 이용한 기계 조립품 3D CAD 모델의 최적 단순화,권순조,금오공과대학교,공학단,2021-03-01 ~ 2024-02-29,결과보고서
2023,무선전력전송 기반 초소형 마이크로 로봇 이동성의 고차원화를 위한 자기장 제어 연구,김동욱,영남대학교,ICT·융합연구단,2021-03-01 ~ 2024-02-29,결과보고서
2023,AI 기반 모바일 포인트 클라우드 스트리밍 기술 연구,고윤민,한동대학교,ICT·융합연구단,2021-03-01 ~ 2024-02-29,결과보고서
2023,개방형 실험 과정에 대한 이해를 기반으로 한 새로운 개방형 실험 교육 프로그램의 개발과 적용,하상우,경북대학교,ICT·융합연구단,2021-03-01 ~ 2024-02-29,결과보고서
2023,노인의 균형향상 및 낙상예방을 위한 피드백 훈련용 웨어러블 센서 기기의 개발,남승민,영남이공대학교,ICT·융합연구단,2021-09-01 ~ 2024-02-29,결과보고서
2023,텍스트마이닝을 사용한 서비스 시각화-평가 연계 방법론 개발,김민준,금오공과대학교,ICT·융합연구단,2022-03-01 ~ 2024-02-29,결과보고서
2023,우주환경용 고신뢰성 SiC 전력반도체 연구,석오균,금오공과대학교,ICT·융합연구단,2021-03-01 ~ 2024-02-29,결과보고서
2023,반도체 고분자 도핑을 이용한 실내 장식용 저비용 유기태양전지 개발,남민우,계명대학교,ICT·융합연구단,2021-03-01 ~ 2024-02-29,결과보고서
2023,금융산업의 디지털 전환에 따른 새로운 형태의 운영리스크에 대한 금융공학적 분석 및 손실 추정모형의 발전연구,정광민,포항공과대학교,ICT·융합연구단,2021-03-01 ~ 2024-02-29,결과보고서
2023,SA-VINS: 실내 창고의 재고 관리를 위한 항공 로봇의 스마트 자율 항법 시스템 개발,이규만,경북대학교,ICT·융합연구단,2021-09-01 ~ 2024-02-29,결과보고서
2023,전기자동차용 고성능 구동모터의 정밀 해석기법 개발,정재우,대구대학교,ICT·융합연구단,2021-09-01 ~ 2024-02-29,결과보고서
2023,Wi-Fi 신호 기반 활력 징후 모니터링 기술 연구,박영덕,영남대학교,ICT·융합연구단,2021-09-01 ~ 2024-02-29,결과보고서
2023,CO유래 개미산이용 L-Methionine 바이오생산 공정개발,김일권,경북대학교,,2021-04-01 ~ 2024-02-29,결과보고서
2023,C1 가스의 3-HP 전환을 위한 미생물 컨소시엄 공정 개발,정규열,포항공과대학교,,2018-04-01 ~ 2024-02-29,결과보고서
2023,Wi-SUN의 초저전력 IoT 단말을 위한 라우팅 프로토콜 연구,이성원,대구한의대학교,ICT·융합연구단,2021-09-01 ~ 2024-02-29,결과보고서
2023,도시공원 다기능 지표와 보건의료 빅데이터 분석을 통한 공원 처방 시스템 개발,정해준,계명대학교,ICT·융합연구단,2021-03-01 ~ 2024-02-29,결과보고서
2023,저온이온젤화 기술을 이용한 베타카제인 나노다중에멀젼의 루테인-안토시아닌 생체접근성 증진 연구,이미령,대구대학교,생명과학단,2021-06-01 ~ 2024-02-29,결과보고서
2023,고효율 수소 저장 및 운송을 위한 액체 수소 운송 유기 분자 개발,윤민영,경북대학교,,2019-09-01 ~ 2023-12-31,결과보고서
2023,신체 부위별 근골격계질환 위험 요인을 평가하는 인간공학적 평가 도구 개발 및 검증,기도형,계명대학교,ICT·융합연구단,2021-06-01 ~ 2024-02-29,결과보고서
2023,야생형 곤충(산누에나방) 유래 소재의 특이성 비교 연구,박승원,대구가톨릭대학교,생명과학단,2021-06-01 ~ 2024-02-29,결과보고서
2023,향상된 루게릭병 약물 테스팅 모델 제작을 위한 3차원 메타 바이오 프린팅 기술 및 매크로 스케일 근신경계 조직 제작기술 개발,공정식,포항공과대학교,공학단,2022-06-01 ~ 2024-02-02,결과보고서
2023,기후위기 대응 및 탄소 중립을 위한 기계학습 기반의 다종 에너지 시스템 최적 운영,장예은,포항공과대학교,ICT·융합연구단,2022-06-01 ~ 2024-01-31,결과보고서
2023,세포소기관네트워크연구센터,유주연,포항공과대학교,생명과학단,2017-06-01 ~ 2024-02-29,결과보고서
2023,얼굴 신경-뼈 네트워크 연구센터,배용철,경북대학교,의약학단,2017-09-01 ~ 2024-02-29,결과보고서
2023,고부가가치 불소고분자 합성을 위한 고효능 유기금속 촉매의 개발 및 응용,이은성,포항공과대학교,,2019-09-01 ~ 2023-12-31,결과보고서
2023,분자설계 기반 초분자 전자전달 연구실,정낙천,대구경북과학기술원,자연과학단,2021-06-01 ~ 2024-02-29,결과보고서
2023,광감응 전-무기 나노블럭 개발을 통한 무기소재 광학적 3D 아키텍쳐링,손재성,포항공과대학교,,2018-07-01 ~ 2023-12-31,결과보고서
2023,전기화학적 촉매 응용을 위한 전도성 2차원 배위 고분자 소재 연구,마니 프라부,경북대학교,자연과학단,2021-06-01 ~ 2023-12-31,결과보고서
2023,자연적·인위적 위험의 불확실성 정량화 기반 차세대 배전 계통 최적 운영 연구실,김영진,포항공과대학교,ICT·융합연구단,2021-06-01 ~ 2024-02-29,결과보고서
2023,중온(300-800°C) 작동형 합금 기반 half-Heusler계 고성능/고강도 열전소재 개발,이승훈,경북대학교,공학단,2021-03-01 ~ 2024-02-29,결과보고서
2023,생체기능조절을 위한 화학적 공간 창출 연구실,박재욱,포항공과대학교,자연과학단,2021-03-01 ~ 2024-02-29,결과보고서
2023,음파 제어 기반 단일 배아 특성 연구실,허윤석,계명대학교,ICT·융합연구단,2021-06-01 ~ 2024-02-29,결과보고서
2023,Lysosome 기반 암 제어 연구실,권택규,계명대학교,생명과학단,2021-06-01 ~ 2024-02-29,결과보고서
2023,비선형 위상물질 연구실,김헌정,대구대학교,자연과학단,2021-06-01 ~ 2024-02-29,결과보고서
2023,인지적 역촉각 복제 시스템 연구실,장재은,대구경북과학기술원,ICT·융합연구단,2021-06-01 ~ 2024-02-29,결과보고서
2023,고성능 퀴논형 유기 활물질 기반 전고체 전지 기초연구실,강병우,포항공과대학교,공학단,2021-06-01 ~ 2024-02-29,결과보고서
2023,고혈압 면역조절 기초연구실,김인겸,경북대학교,의약학단,2021-06-01 ~ 2024-02-29,결과보고서
2023,MAIT 세포의 발달과 분화에 있어서 TCR-MR1 상호작용의 분자 구조 역학 규명,김민성,포항공과대학교,생명과학단,2021-06-01 ~ 2024-02-29,결과보고서
2023,겨울철 집중관측 자료를 이용한 동계특화 모델링,이규원,경북대학교,자연과학단,2021-06-01 ~ 2024-02-29,결과보고서
2023,순차적 반대이온 교환 도핑을 통한 Stable/Stretchable/Semi-metallic 유기반도체 소재 연구실,조길원,포항공과대학교,공학단,2021-06-01 ~ 2024-02-29,결과보고서
2023,Energy band 제어를 통한 고효율 유연 광에너지 융합소자 구현을 위한 기초연구실,유지영,경북대학교,공학단,2021-06-01 ~ 2024-02-29,결과보고서
2023,이온-전자 혼합전도체의 역학에 기반한 인공 Afferent 스파이크 신호의 제어와 전달,정운룡,포항공과대학교,공학단,2021-06-01 ~ 2024-02-29,결과보고서
2023,자기-형광 복합나노소재 기반 질병진단 플랫폼 기초연구실,이강호,경북대학교,ICT·융합연구단,2021-06-01 ~ 2024-02-29,결과보고서
2023,중추신경계 세로토닌 활성 표지자를 이용한 뇌전기자극 예후 예측 모델 개발,장국인,대구경북과학기술원부설한국뇌연구원,ICT·융합연구단,2021-09-01 ~ 2024-02-29,결과보고서
2023,딥러닝 기반 건축 도면 인식을 통한 구조자 진입 최적 경로 탐색 반응형 알고리즘에 관한 연구,홍순민,경북대학교,공학단,2022-06-01 ~ 2024-02-29,결과보고서
2023,치아경조직 재생을 위한 치아발생 신호전달체계 탐색 및 기능분석,김태영,경북대학교,의약학단,2022-06-01 ~ 2024-02-22,결과보고서
2023,약물 보유 대장균과 음향 집게를 이용한 초음파 약물 전달,유진희,포항공과대학교,ICT·융합연구단,2022-06-01 ~ 2024-02-02,결과보고서
2023,선택적 mATG8 탐침이나 효소를 운반하는 엑소솜 시스템의 개발과 이를 활용한 질병 조절 연구,박상원,경북대학교,생명과학단,2022-06-01 ~ 2024-02-23,결과보고서
2023,식용·비식용 GM 식물의 위해성 평가 및 산업화 프레임 전략,김경민,경북대학교,,2021-04-01 ~ 2023-12-31,결과보고서
2023,소재 연구데이터 자동 수집을 위한 데이터 마이닝 기술 개발,이동화,포항공과대학교,,2021-06-28 ~ 2024-03-27,결과보고서
2023,다중 표적 식별 및 추적을 위한 설명가능한 GAN과 심층 강화학습 알고리즘 연구,강창호,금오공과대학교,공학단,2021-06-01 ~ 2024-02-29,결과보고서
2023,마우스 골격계 표현형분석을 통한 골질환 진단 및 골격계 질환 분석,최제용,경북대학교,,2014-12-26 ~ 2023-11-19,결과보고서
2023,식용·비식용 GM 식물의 위해성 평가 및 산업화 프레임 전략,김경민,경북대학교,,2021-04-01 ~ 2023-12-31,결과보고서
2023,리피도믹스(Lipidomics) 기반 신경세포 이온채널 및 시냅스 신경전달 조절기전 연구,서병창,대구경북과학기술원,생명과학단,2022-03-01 ~ 2024-02-29,결과보고서
2023,HIIT 원리를 이용한 Exergame 의 효과 : functional MRI 를 이용한 뇌신경가소성 연구,민유선,경북대학교,의약학단,2020-06-01 ~ 2024-02-28,결과보고서
2023,에멀젼 공중합체 기반 나노입자 광촉매 합성 및 이를 활용한 물 분해,정대성,포항공과대학교,기초연구본부,2021-04-01 ~ 2024-03-31,결과보고서
2023,물질 중독과 행위 중독을 연결하는 식품 중독에 대한 연구,이영아,대구가톨릭대학교,문화융복합단,2022-04-01 ~ 2024-03-31,결과보고서
2023,방사광 X-선 회절 고해상도 두개골 뇌영상법 개발,김종기,대구가톨릭대학교,문화융복합단,2022-04-01 ~ 2024-03-31,결과보고서
2023,"해조류 및 해양동물을 자연 모사한 지속 가능형 저마찰, 방오 원천기술 개발",이상준,포항공과대학교,,2019-05-01 ~ 2023-12-31,결과보고서
2023,해조류 및 해양동물을 자연 모사한 지속 가능형 저마찰 원천기술 개발,이상준,포항공과대학교,,2019-05-01 ~ 2023-12-31,결과보고서
2023,오감기관 모방 기반 인공 감각 센서 개발,장재은,대구경북과학기술원,,2019-04-01 ~ 2023-12-31,결과보고서
2023,고효율 오감센서 기반 융합인터페이스 원천기술개발,장재은,대구경북과학기술원,,2019-04-01 ~ 2023-12-31,결과보고서
2023,오감 모방 센서를 위한 인지 기반 표준 자극 및 신호처리 기법 개발,최한경,대구경북과학기술원,,2019-04-01 ~ 2023-12-31,결과보고서
2023,난용성 의약품의 대사 연구 기법 제고,김주현,영남대학교,의약학단,2021-06-01 ~ 2024-02-29,결과보고서
2023,한국 초기 노인들의 Patient Reported Outcomes (PRO) 및 건강교육 모듈 플랫폼 구축 및 효과 검증,이은주,경북대학교,의약학단,2019-06-01 ~ 2023-11-30,결과보고서
2023,미세플라스틱에 의한 유전자 발현조절 변이의 후성유전학적 분석,김태경,포항공과대학교,,2019-06-01 ~ 2023-12-31,결과보고서
2023,DIANA-fMRI를 이용한 인간의 언어정보 처리의 새로운 뇌신경모델 수립,전현애,대구경북과학기술원,,2019-06-01 ~ 2023-12-31,결과보고서
2023,뉴트리아 개체군의 시계열적 변동 기작 모델링,장갑수,영남대학교,생명과학단,2018-06-01 ~ 2023-11-30,결과보고서
2023,이종 분산자원들의 데이터 기반 건전성 관리 및 최적 협조 운영을 통한 건물 에너지 이용 효율 향상,김상우,포항공과대학교,,2021-05-24 ~ 2024-02-23,결과보고서
2023,에너지 클라우드 PHILS 설계 및 운영 기술 개발,김영진,포항공과대학교,,2019-06-01 ~ 2023-12-31,결과보고서
2023,장인의 섬세한 손길구현을 위한 로봇개발 : 인공피부와 로봇관절의 합성감각측정 및 기술체득에 관한 연구,이현욱,대구경북과학기술원,공학단,2022-09-01 ~ 2024-02-29,결과보고서
2023,지속 가능한 배양육 제조를 위한 3D 프린팅 활용 식용 다당류 지지체 소재 개발 및 근육 조직화 기술 개발,김지윤,경북대학교,생명과학단,2022-06-01 ~ 2024-05-31,결과보고서
2023,미세조류 배양을 통한 하수 내 난분해성 PPCP 제거 및 부산물의 바이오가스와 비료 전환 연구,홍지원,경북대학교,생명과학단,2022-06-01 ~ 2024-02-29,결과보고서
2023,의료기관 내 사용 에너지별 맞춤형 방사선 차폐재 개발 및 실증,김선칠,계명대학교,,2020-04-17 ~ 2023-12-31,결과보고서
2023,산업 현장별 맞춤형 무연 경량 방사선 차폐재와 시스템 개발,김선칠,계명대학교,,2020-04-17 ~ 2023-12-31,결과보고서
2023,앙상블 모델 기반 이중편파 레이더 자료동화 예측성 연구,이지원,경북대학교,자연과학단,2022-06-01 ~ 2024-05-31,결과보고서
2023,교모세포종에서 SYNCRIP 유전자에 의한 Ferroptosis 및 기능 연구,김현지,경북대학교,의약학단,2022-06-01 ~ 2024-05-31,결과보고서
2023,비배양성·생균의 살모넬라 신속검출법 개발을 위한 phage engineering 기반의 플랫폼 구축,김수현,경북대학교,생명과학단,2022-06-01 ~ 2024-05-31,결과보고서
2023,스마트 공간 분석 데이터를 활용한 복합환승센터의 적정 입지 선정 모형 개발 및 디자인 적용에 관한 연구,정용화,경북대학교,공학단,2022-06-01 ~ 2024-05-31,결과보고서
2023,포지트로늄의 희귀 붕괴 관측을 위한 입자 물리 검출기 개발,정동우,경북대학교,자연과학단,2022-06-01 ~ 2024-05-31,결과보고서
2023,IQSEC3 낙아웃 마우스 모델을 이용한 사이토카인 신호체계 이상에 의한 뇌전증 발병 기전 규명,정혜지,대구경북과학기술원,의약학단,2022-06-01 ~ 2024-05-31,결과보고서
2023,유기용매에서의 초음파 캐비테이션 현상 이해 및 적용 최적화,이덕영,금오공과대학교,ICT·융합연구단,2022-06-01 ~ 2024-05-31,결과보고서
2023,M-FGM 제작을 위한 실시간 조성제어 합금화 기법을 이용한 금속3D프린팅 공정 설계,김은성,포항공과대학교,공학단,2022-06-01 ~ 2024-05-31,결과보고서
2023,무수차 고효율 다초점 메타렌즈 시스템 구현을 위한 기계학습 기반 메타원자 설계 및 입자 혼합형 나노캐스팅 공정법 개발,김예슬,포항공과대학교,공학단,2022-06-01 ~ 2024-05-31,결과보고서
2023,"이중 양이온을 통한 고성능, 고안정성 p-형 주석 기반 페로브스카이트 박막트랜지스터 개발",노유진,포항공과대학교,공학단,2022-06-01 ~ 2024-05-31,결과보고서
2023,저전력 비전 트랜스포머 가속기,권은지,포항공과대학교,ICT·융합연구단,2022-06-01 ~ 2024-05-31,결과보고서
2023,발프로산에 의한 RhoA 매개 혈관평활근 수축 억제에 대한 연구,황윤진,영남대학교,의약학단,2022-06-01 ~ 2024-05-31,결과보고서
2023,무전력 친환경 복사냉각 플랫폼 구축을 위한 딥러닝 기반 복사냉각용 마이크로/나노 유효복합재 개발,고병수,포항공과대학교,공학단,2022-06-01 ~ 2024-05-31,결과보고서
2023,대뇌오가노이드 내 신경세포 활성도 측정 및 분석기술 확립을 통한 알츠하이머 질환 연구 모델 구축,조준호,대구경북과학기술원,생명과학단,2022-06-01 ~ 2024-05-31,결과보고서
2023,ETV5에 의한 여포보조 T세포 분화 및 루푸스 조절 연구,박지호,포항공과대학교,생명과학단,2022-06-01 ~ 2024-05-31,결과보고서
2023,미토콘드리아-소포체 연접을 통한 스트레스 반응 조절 연구,유진영,포항공과대학교,생명과학단,2022-06-01 ~ 2024-05-31,결과보고서
2023,성체줄기세포의 활성 조절에 관여하는 주조직적합성분자(MHC)의 새로운 역할 연구,박수빈,포항공과대학교,생명과학단,2022-06-01 ~ 2024-05-31,결과보고서
2023,‘기계적 표면처리-열처리’ 공정 연계 연구를 통한 고특성 마그네슘 합금 가공재 개발,김현지,경북대학교,공학단,2022-06-01 ~ 2024-05-31,결과보고서
2023,녹조 발생과 환경 마이크로바이옴 내 항생제 내성 유전자의 연관성 연구,김민지,경북대학교,생명과학단,2022-06-01 ~ 2024-05-31,결과보고서
2023,웨어러블 스파이킹 뉴럴 네트워크 시스템 구현을 위한 유기물 기반 고집적 인공 시냅스 어레이 개발,이신형,경북대학교,,2021-03-04 ~ 2024-01-31,결과보고서
2023,이종 분산자원들의 데이터 기반 건전성 관리 및 최적 협조 운영을 통한 건물 에너지 이용 효율 향상,김상우,포항공과대학교,,2021-05-24 ~ 2024-02-23,결과보고서
2023,포토보이스기반 지리수업 모형 및 프로그램의 개발과 적용 그리고 결과,조철기,경북대학교,사회과학단,2021-07-01 ~ 2024-06-30,결과보고서
2023,인간 줄기세포 유래 Schwann cell과 세포외기질 펩타이드 혼합 이식에 의한 말초신경병증의 수초화 재생,전원배,대구경북과학기술원,,2022-01-01 ~ 2023-12-31,결과보고서
2023,세포외기질 펩타이드 고순도화 및 Schwann cell-세포외기질 펩타이드 혼합조성물의 생체안전성 연구,전원배,대구경북과학기술원,,2019-10-01 ~ 2023-12-31,결과보고서
2023,역분화줄기세포 유래 신장 오가노이드 성숙화를 위한 물질교환/전단력자극 복합 미세환경 구현 플랫폼 개발 및 약물의 신장 독성/유효성 평가와 질환 모델 구축,김동성,포항공과대학교,,2022-01-01 ~ 2023-12-31,결과보고서
2023,표준화된 신장 오가노이드 대량 배양 플랫폼 개발 및 정상/질환 신장 오가노이드 기반 약물 독성/유효성 평가 플랫폼 구축,김동성,포항공과대학교,,2019-10-01 ~ 2023-12-31,결과보고서
2023,"세포막단백질연구소 설립, 전자현미경과 가속기를 이용한 세포막단백질 구조규명과 항체최적화 기술개발",장승기,포항공과대학교,,2019-06-01 ~ 2023-12-31,결과보고서
2023,세포막단백질연구소 건립 및 구조기반 신약개발 플랫폼 구축,장승기,포항공과대학교,,2019-06-01 ~ 2023-12-31,결과보고서
2023,극저온 전자현미경을 이용한 수용체 구조규명 및 고성능 항체개발,이지오,포항공과대학교,,2019-06-01 ~ 2023-12-31,결과보고서
2023,니체의 예술철학과 힘,정희중,경북대학교,인문학단,2023-09-01 ~ 2024-02-22,결과보고서
2023,革命造反年代-上海文革史稿,손승회,영남대학교,인문학단,2021-07-01 ~ 2024-06-30,결과보고서
2023,노래들,김운찬,대구가톨릭대학교,인문학단,2022-07-01 ~ 2024-06-30,결과보고서
2023,"흉노, 고대의 중아시아",김재윤,영남대학교,인문학단,2022-07-01 ~ 2024-06-30,결과보고서
2023,잠재전이분석에서의 종단적 측정 동등성 검증,손원숙,경북대학교,사회과학단,2022-07-01 ~ 2024-06-30,결과보고서
2023,"무엇이 국제신생벤처기업의 성과를 결정하는가 브리콜라주, 기회식별 및 파트너십의 효과",이주연,영남대학교,사회과학단,2023-09-01 ~ 2024-02-24,결과보고서
2023,혈액줄기세포 조절 신규 인자 발굴,예경무,대구경북과학기술원,,2019-10-01 ~ 2023-12-31,결과보고서
2023,"혈액줄기세포의 성공적인 이식을 위한 가동화(동), 증폭(증) 및 생착(착) 강화 기술 개발",예경무,대구경북과학기술원,,2022-01-01 ~ 2023-12-31,결과보고서
2023,사용자 중심의 개방형 나노인프라 플랫폼 구축,이명재,대구경북과학기술원,,2021-09-27 ~ 2023-12-31,결과보고서
2023,CMOS기반 융합디바이스 제작 플랫폼 구축,이명재,대구경북과학기술원,,2021-09-27 ~ 2023-12-31,결과보고서
2023,고신뢰성 전기변색 나노 소재와 전해질 연구 및 이를 적용한 성능 향상 메커니즘 연구,김혜경,영남대학교,공학단,2022-03-01 ~ 2024-01-09,결과보고서
2023,글로벌 네트워크 기반 하버-보쉬 대체 친환경 암모니아 생산을 위한 고효율 소재공정기술 개발,용기중,포항공과대학교,공학단,2021-07-01 ~ 2023-12-31,결과보고서
2023,"데이터 현지화와 디지털 통상, 제도적 threshold model",김희호,경북대학교,사회과학단,2023-06-01 ~ 2024-05-31,결과보고서
2023,인구감소시대 혁신도시의 청년인구 유입증대와 정착에 관한 연구,임태경,계명대학교,사회과학단,2022-05-01 ~ 2024-04-30,결과보고서
2023,"한국형 위해성 저감 담배 사용에 따른 심혈관 자율신경조절 반응의 포괄적 탐색: 개방 표지, 무작위 대조, 교차설계 임상시험",김동규,경북대학교,생명과학단,2021-09-01 ~ 2024-08-31,결과보고서
2023,고대 동서양 ‘카타프락타리이(Catafractarii)’의 무기공학적 공유전략 비교,배은숙,계명대학교,사회과학단,2022-07-01 ~ 2024-06-30,결과보고서
2023,포스핀 저항성 메커니즘 구명 및 방제를 위한 거짓쌀도둑거저리(Tribolium castaneum) Mutant model 개발,김경남,경북대학교,생명과학단,2022-09-01 ~ 2024-08-31,결과보고서
2023,코로나19 팬데믹 시대 지역사회 감염공동체와 의료 대응체계 구성,김희경,경북대학교,사회과학단,2021-05-01 ~ 2024-04-30,결과보고서
2023,세포소기관네트워크연구센터,유주연,포항공과대학교,생명과학단,2017-06-01 ~ 2024-02-29,결과보고서
2023,얼굴 신경-뼈 네트워크 연구센터,배용철,경북대학교,의약학단,2017-09-01 ~ 2024-02-29,결과보고서
2023,용융염에서 Ni기 분산강화 신합금 부식 저항성 평가,윤영상,영남대학교,,2021-07-29 ~ 2024-06-30,결과보고서
2023,Lysosome 기반 암 제어 연구실,권택규,계명대학교,생명과학단,2021-06-01 ~ 2024-02-29,결과보고서
2023,겨울철 집중관측 자료를 이용한 동계특화 모델링,이규원,경북대학교,자연과학단,2021-06-01 ~ 2024-02-29,결과보고서
2023,자연적·인위적 위험의 불확실성 정량화 기반 차세대 배전 계통 최적 운영 연구실,김영진,포항공과대학교,ICT·융합연구단,2021-06-01 ~ 2024-02-29,결과보고서
2023,중온(300-800°C) 작동형 합금 기반 half-Heusler계 고성능/고강도 열전소재 개발,이승훈,경북대학교,공학단,2021-03-01 ~ 2024-02-29,결과보고서
2023,고혈압 면역조절 기초연구실,김인겸,경북대학교,의약학단,2021-06-01 ~ 2024-02-29,결과보고서
2023,MAIT 세포의 발달과 분화에 있어서 TCR-MR1 상호작용의 분자 구조 역학 규명,김민성,포항공과대학교,생명과학단,2021-06-01 ~ 2024-02-29,결과보고서
2023,이온-전자 혼합전도체의 역학에 기반한 인공 Afferent 스파이크 신호의 제어와 전달,정운룡,포항공과대학교,공학단,2021-06-01 ~ 2024-02-29,결과보고서
2023,순차적 반대이온 교환 도핑을 통한 Stable/Stretchable/Semi-metallic 유기반도체 소재 연구실,조길원,포항공과대학교,공학단,2021-06-01 ~ 2024-02-29,결과보고서
2023,분자설계 기반 초분자 전자전달 연구실,정낙천,대구경북과학기술원,자연과학단,2021-06-01 ~ 2024-02-29,결과보고서
2023,인지적 역촉각 복제 시스템 연구실,장재은,대구경북과학기술원,ICT·융합연구단,2021-06-01 ~ 2024-02-29,결과보고서
2023,수송용 소형/초소형 원자로를 위한 통합형 고집적 열교환기 및 동력변환계통 설계,조항진,포항공과대학교,,2021-07-29 ~ 2024-06-30,결과보고서
2023,자기-형광 복합나노소재 기반 질병진단 플랫폼 기초연구실,이강호,경북대학교,ICT·융합연구단,2021-06-01 ~ 2024-02-29,결과보고서
2023,당뇨병 발생과정에서 Protein Z의 역할 규명,유지홍,계명대학교,의약학단,2022-03-01 ~ 2024-01-15,결과보고서
2024,시력복구용 몸속 미세환경 반응성 나노레고 소재의 개발,김원종,포항공과대학교,,2018-07-16 ~ 2024-07-15,결과보고서
2024,시력복구용 몸속 미세환경 반응성 나노레고 개발 기술,김원종,포항공과대학교,,2018-07-16 ~ 2024-07-15,결과보고서
2024,양자알케미 설계 신규 framework 소재 엔지니어링 및 다중분석기술,김재현,대구경북과학기술원,,2018-07-16 ~ 2024-07-15,결과보고서
2024,큐빗-앙상블 스핀 결합을 이용한 양자 메모리 연구,정민경,대구경북과학기술원,,2022-04-01 ~ 2024-03-31,결과보고서
2024,광집게를 이용한 중성 원자 큐비트들의 공진기 내부 위치 조절,이문주,포항공과대학교,,2022-04-01 ~ 2024-03-31,결과보고서
2024,지능형 자율 방역로봇을 위한 작업설계 및 제어 알고리즘 개발,김기훈,포항공과대학교,,2020-11-01 ~ 2024-04-30,결과보고서
2024,머신러닝과 지면모델링을 활용한 유역 분지 기반  시공간 통합 산사태 위험 평가 모델의 개발,이원영,대구가톨릭대학교,자연과학단,2021-06-01 ~ 2024-05-31,결과보고서
2024,뼈에서의 칼슘 유출이 근분화에 미치는 영향 규명,최선경,계명대학교,생명과학단,2021-06-01 ~ 2024-05-31,결과보고서
2024,표적 단백질 검증 이용한 아토피피부염 생약/천연물 유래 신소재 개발,이현수,대구가톨릭대학교(대명동캠퍼스),의약학단,2021-06-01 ~ 2024-05-31,결과보고서
2024,드론 영상 3D모델링 기반 도시 수재해 피난정보 시스템 개발,이혜경,경북대학교,공학단,2021-06-01 ~ 2024-05-31,결과보고서
2024,종양 줄기세포 유래 엑소좀의 항암내성에 대한 기능과 조절기전 연구,윤은진,포항공과대학교,생명과학단,2021-06-01 ~ 2024-05-31,결과보고서
2024,인공적인 도플러 변이가 가능한 편파 독립 메타표면,한희제,경북대학교,ICT·융합연구단,2022-06-01 ~ 2024-05-31,결과보고서
2024,동물 뇌졸중 모델 모니터링을 위한 광음향 현미경과 광간섭 현미경의 융합 이미징 장치 개발,한상엽,경북대학교,ICT·융합연구단,2022-06-01 ~ 2024-05-31,결과보고서
2024,단일 원자합금 나노촉매의 개발과 전기화학적 촉매반응 응용,조주현,경북대학교,자연과학단,2021-06-01 ~ 2024-05-31,결과보고서
2024,파킨슨병에서 Ca2+ 신호경로 제어로 도파민성 신경세포 사멸과 신경염증 기전 규명 및 치료후보 물질 탐색,박지현,대구가톨릭대학교,생명과학단,2021-06-01 ~ 2024-05-31,결과보고서
2024,폐섬유화를 억제하는 노화제어 약물 개발,김억천,영남대학교,생명과학단,2021-06-01 ~ 2024-05-31,결과보고서
2024,인간 활동이 자연배출 황화합물(DMS)에 미치는 영향: 해양쓰레기와 기후변화 그리고 미세먼지,박순영,대구교육대학교,자연과학단,2021-06-01 ~ 2024-05-31,결과보고서
2024,3-계급 결합도식으로부터 유도된 강한 정칙 그래프에 관한 연구,박정례,경북대학교,자연과학단,2021-06-01 ~ 2024-05-31,결과보고서
2024,mTOR complex 1의 integrity 조절에 관한 p70S6K1의 새로운 작용기전 규명 및 항암 표적으로의 유효성 연구,강봉석,경북대학교,의약학단,2021-06-01 ~ 2024-05-31,결과보고서
2024,"극한 pH 안정성을 위한 새로운 화학구조 기반의 고성능, 고내구성 나노여과 분리막 개발",전성권,국립금오공과대학교,공학단,2022-06-01 ~ 2024-05-31,결과보고서
2024,금속 산화물의 표면 결함 제어를 통한 고성능 반도체식 가스센서 개발,최명식,경북대학교,공학단,2021-06-01 ~ 2024-05-31,결과보고서
2024,종양 내 조절 T 세포에서 GLUT3를 매개로 한 변화된 포도당 대사의 역할에 대한 연구,SHARMA AMIT KUMAR,포항공과대학교,생명과학단,2022-06-01 ~ 2024-05-31,결과보고서
2024,클라우드/엣지 협업을 위한 Processing-in-Memory 기반의 머신러닝 워크로드 가속화 플랫폼 설계,김정근,경북대학교,ICT·융합연구단,2021-06-01 ~ 2024-05-31,결과보고서
2024,틀 갖춘 곡면매듭의 구성 및 불변량에 대한 연구,최선미,경북대학교,자연과학단,2021-06-01 ~ 2024-05-31,결과보고서
2024,실시간 3차원 빔 영상 및 에미턴스 측정을 위한 소형 시간투영검출기 개발,류민상,경북대학교,자연과학단,2021-06-01 ~ 2024-05-31,결과보고서
2024,‘마지너리 갇힌 곡면’ 및 관련된 응용에 관한 연구,정선미,경북대학교,자연과학단,2021-06-01 ~ 2024-05-31,결과보고서
2024,이상지질대사에 의한 신장의 수분 조절 기전으로 핵 수용체 (Nuclear Receptors)와 수분통로단백질 Aquaporin 2의 새로운 병태생리학적 역할 규명 및 기전 연구,오세현,경북대학교,의약학단,2021-06-01 ~ 2024-05-31,결과보고서
2024,죽상동맥경화증의 진행 방지를 위한 관련 인자들의 DNA 전사와 mRNA 단백 형성을 동시에 조절하는 이중표적 치료제 개발,안현진,대구가톨릭대학교,의약학단,2021-06-01 ~ 2024-05-31,결과보고서
2024,비평형 양자 계에서의 열역학적 불확실성 관계에 대한 연구,엄재곤,포항공과대학교,자연과학단,2022-06-01 ~ 2024-05-31,결과보고서
2024,3차원 배양 줄기세포 유래 세포외소포 유사체를 활용한 허혈성질환의 치료 효능 평가,RAJENDRAN RAMYA LAKSHMI,"경북대학교(의,치대)",의약학단,2021-06-01 ~ 2024-05-31,결과보고서
2024,신개념 항체공학기술을 이용한 IL-1 수용체 family 의 구조 연구,김지원,포항공과대학교,생명과학단,2021-06-01 ~ 2024-05-31,결과보고서
2024,대사전환 조절을 이용하여 이식편대숙주병을 개선시키는 치료법 개발,최은정,대구가톨릭대학교,의약학단,2021-06-01 ~ 2024-05-31,결과보고서
2024,2D 나노 반응기를 이용한 고체상 반응: 고효율 전기화학 촉매 합성을 위한 전략,DUTTA SOUMEN,포항공과대학교,자연과학단,2022-06-01 ~ 2024-05-31,결과보고서
2024,신장암에서 혐기성 항암 박테리아와 혈관신생 억제제 병용치료를 통한 저산소성 종양 미세환경 극복 및 면역 항암 치료법 개발,고은진,계명대학교,의약학단,2021-06-01 ~ 2024-05-31,결과보고서
2024,촉매 열분해 반응을 이용한 폐플라스틱 수소화,정성엽,경북대학교,ICT·융합연구단,2021-06-01 ~ 2024-05-31,결과보고서
2024,힐버트공간 선형작용소의 구조에 관한 연구,정일봉,경북대학교,자연과학단,2021-06-01 ~ 2024-05-31,결과보고서
2024,로컬택트 시대 산업 시설 재생을 위한 공동체 참여 프로세스 평가 시스템 표준화에 관한 연구 : 뉴욕 지역 산업 유산 재생을 위한 공동체 참여 프로세스 방안 사례 연구를 중심으로,강은기,국립금오공과대학교,공학단,2021-06-01 ~ 2024-05-31,결과보고서
2024,고온열처리 된 친환경 소재를 이용한 벌크흑연의 제조기술 개발,남기법,국립금오공과대학교,공학단,2021-06-01 ~ 2024-05-31,결과보고서
2024,가교 결합형 라디칼 센싱 분자 나노층 기반 다전극 유기 디바이스 개발,김화정,경북대학교,생명과학단,2021-06-01 ~ 2024-05-31,결과보고서
2024,Pb-Sn계 할라이드 단결정 박막 기반의 고성능 narrow bandgap 페로브스카이트 태양전지,구나세카란 라젠드라 쿠마,경북대학교,공학단,2022-06-01 ~ 2024-05-31,결과보고서
2024,지상/위성 관측을 이용한 대기 중 수소염화불화탄소(HCFCs) 농도 모니터링 및 동아시아 배출량 산출 연구,최학림,경북대학교,자연과학단,2021-06-01 ~ 2024-05-31,결과보고서
2024,세포핵 환경 전산모사와 단백질의 타깃-시퀀스 찾기 과정에 관한 계산과학적 연구,이오철,포항공과대학교,자연과학단,2021-06-01 ~ 2024-05-31,결과보고서
2024,기계학습 기반 지역단위 건물 지진피해 예측모델 개발,황성훈,국립금오공과대학교,공학단,2021-06-01 ~ 2024-05-31,결과보고서
2024,저온 플라즈마 활성 유기산 융합기술의 살균조건 확립 및 살균 기전 규명,임동균,경북대학교,생명과학단,2021-06-01 ~ 2024-05-31,결과보고서
2024,직접 레이저 조사를 통한 금속 산화물 나노구조물 분말을 이용한  바인더-프리 슈퍼캐패시터 및 전기 변색 소자 연구,정진주,경북대학교,자연과학단,2021-06-01 ~ 2024-05-31,결과보고서
2024,자가면역질환의 발병과정에서 LETMD1 매개 면역 조절의 역할 연구,임수근,경북대학교,생명과학단,2021-06-01 ~ 2024-05-31,결과보고서
2024,RO 농축수의 칼슘 및 마그네슘 제거용 흡착제 개발과 머신러닝 기술을 활용한 무방류(ZLD) 시스템 효율 향상,YAQUB MUHAMMAD,국립금오공과대학교,ICT·융합연구단,2021-06-01 ~ 2024-05-31,결과보고서
2024,건축설계 생산성 향상을 위한 인공지능기반 법규검토시스템에 관한 연구,임유주,영남대학교,공학단,2021-06-01 ~ 2024-05-31,결과보고서
2024,AMPK/Sirt1를 통한 골관절염 완화 및 비만 개선에 효과적인 한의약물 개발 및 기전 연구,신미래,대구한의대학교,의약학단,2021-06-01 ~ 2024-05-31,결과보고서
2024,실내 유해가스 정화를 위한 단원자 금속 조촉매/가시광촉매 복합소재 개발,김동진,경북대학교,공학단,2021-06-01 ~ 2024-05-31,결과보고서
2024,SMPD1/CH25H-CYP7B1-RORα 신호전달 규명을 통한 골관절염 발생기전 및 새로운 치료기반 제시,Che Xiangguo,경북대학교,의약학단,2021-06-01 ~ 2024-05-31,결과보고서
2024,생물정보학적 분석을 통한 생물농약 Trichoderma속 진균 미토콘드리아의 환경 내 적응 진화 양상의 추적 및 농업유용성 증대를 위한 활용 방안 탐색 연구,곽윤영,경북대학교,생명과학단,2021-06-01 ~ 2024-05-31,결과보고서
2024,비타민 D 수용체의 파골세포 발달에 대한 역할 및 작용기전 연구,김현주,경북대학교,생명과학단,2021-06-01 ~ 2024-05-31,결과보고서
2024,복털조개(Barbatia virescens)의 키틴성 족사-조직 접착 계면 모사를 통한 키틴/키토산 베이스 재료의 세포친화력 조절 레이어 개발,최지민,포항공과대학교,생명과학단,2022-06-01 ~ 2024-05-31,결과보고서
2024,피부노화 및 색소침착에 있어서 오토파지의 역할과 식품소재로서의 오토파지 인헨서의 개발,알람엠디바드룰,경북대학교,생명과학단,2021-06-01 ~ 2024-05-31,결과보고서
2024,Dickkopf-related protein 3의 지방 분화 및 대사 조절 기능 규명,박유경,영남대학교,의약학단,2021-06-01 ~ 2024-05-31,결과보고서
2024,극한의 고온에서 구동 가능한 탄소나노튜브 기반 기계식 논리회로 및 인공 시냅스 개발,조은환,국립금오공과대학교,공학단,2021-06-01 ~ 2024-05-31,결과보고서
2024,천연유래 다당류를 이용한 약물전달시스템용 나노캡슐 기술 개발,송영훈,영남대학교,공학단,2021-06-01 ~ 2024-05-31,결과보고서
2024,암 세포 유래 엑소좀의 나노기계적 식별을 위한  머신 러닝 기반 다중 채널 AFM 데이터 분석,박수현,대구경북과학기술원,자연과학단,2022-06-01 ~ 2024-05-31,결과보고서
2024,셀룰로오스 나노크리스탈(CNC)의 분산 유지성 향상을 위한 PCL(Poly-caprolactone) 코팅 기술 개발 및 이를 활용한 시멘트 복합체의 구조물 유지관리 활용기술 개발을 위한 연구,이형주,국립금오공과대학교 건설기술연구소,공학단,2021-06-01 ~ 2024-05-31,결과보고서
2024,ZNF507 형질전화생쥐와 유도만능줄기세포를 이용한 당뇨병 발병 기전에 대한 연구,박시준,경북대학교,생명과학단,2021-06-01 ~ 2024-05-31,결과보고서
2024,후각신경계에서의 TRPV4의 역할과 신호전달 기전을 규명하고 그와 관련된 마우스 후각인지 행동변화 및 신경회로 연구,김소연,대구경북과학기술원,생명과학단,2021-06-01 ~ 2024-05-31,결과보고서
2024,LGR4-RANKL 신호가 파골세포의 분화와 이동을 조절하는 기작 분석 및 DRG2가 LGR4-RANKL 신호에 미치는 영향 분석.,김범창,경북대학교,의약학단,2021-06-01 ~ 2024-05-31,결과보고서
2024,노인이 안전한 스마트 도시를 위한 시·공간 빅데이터 상황인식 기반의 GIS 의사결정지원시스템 개발 및 실증,김현정,한동대학교,공학단,2021-06-01 ~ 2024-05-31,결과보고서
2024,복합 센싱을 위한 유기 기능성 고분자 나노 섬유 개발,지성민,영남대학교,공학단,2021-06-01 ~ 2024-05-31,결과보고서
2024,E2F/DP complex와 c-Myc 조절을 통한 necroptosis와 autophagy 제어 인자 발굴 및 상호기전 연구,정윤정,대구가톨릭대학교,의약학단,2021-06-01 ~ 2024-05-31,결과보고서
2024,4GSR 가속기용 멀티 빔 번치 측정 빔 위치 모니터 시스템 개발,장시원,포항공과대학교,자연과학단,2021-06-01 ~ 2024-05-31,결과보고서
2024,펨토스코픽 보스-아인슈타인 상관 관계 연구,Dogra Sunil Manohar,경북대학교,자연과학단,2021-06-01 ~ 2024-05-31,결과보고서
2024,웨어러블 디바이스와 모바일 앱을 활용한중노년 HIV 감염인의 약물순응 및 신체활동 향상 프로그램 개발,심미소,계명대학교,의약학단,2021-06-01 ~ 2024-05-31,결과보고서
2024,병원성 세균에서의 기질 의존적 다량체 RNase E 활성 조절 연구,신은경,대구가톨릭대학교,생명과학단,2021-06-01 ~ 2024-05-31,결과보고서
2024,ICT 의류생산 시스템 혁신을 위한 3D 테크니컬 핏 리뷰 라이브러리 구현 연구,이아람,경북대학교,ICT·융합연구단,2021-06-01 ~ 2024-05-31,결과보고서
2024,Glucose oxidation 증가 / 미토콘드리아 기능 향상을 통한 급성신손상의 새로운 치료법 연구,이지민,경북대학교,의약학단,2021-06-01 ~ 2024-05-31,결과보고서
2024,부정형 통계적 다양체와 그 응용,이철우,경북대학교,자연과학단,2021-06-01 ~ 2024-05-31,결과보고서
2024,큐빗-앙상블 스핀 결합을 이용한 양자 메모리 연구,정민경,대구경북과학기술원,,2022-04-01 ~ 2024-03-31,결과보고서
2024,Scientific semantic network와 mental semantic network의 대조를 이용한 학생 과학 개념 이해도 자동 진단 시스템 개발,윤은정,경북대학교,ICT·융합연구단,2021-06-01 ~ 2024-05-31,결과보고서
2024,양자알케미 설계 신규 framework 소재 엔지니어링 및 다중분석기술,김재현,대구경북과학기술원,,2018-07-16 ~ 2024-07-15,결과보고서
2024,시력복구용 몸속 미세환경 반응성 나노레고 소재의 개발,김원종,포항공과대학교,,2018-07-16 ~ 2024-07-15,결과보고서
2024,시력복구용 몸속 미세환경 반응성 나노레고 개발 기술,김원종,포항공과대학교,,2018-07-16 ~ 2024-07-15,결과보고서
2024,통섭적 문제해결 방법론의 실체화 및 실효성 검증,김지은,포항공과대학교,ICT·융합연구단,2020-06-01 ~ 2024-05-31,결과보고서
2024,새로운 자가면역 질환모델을 이용한 건선 및 류마티스에서의 Serine protease(CTSA) 단백질 기능 및 메커니즘 분석,류재웅,경북대학교,생명과학단,2020-06-01 ~ 2024-05-31,결과보고서
2024,광영역 공진기 양자전기역학에서의 실험 연구,이문주,포항공과대학교,자연과학단,2020-06-01 ~ 2024-05-31,결과보고서
2024,광집게를 이용한 중성 원자 큐비트들의 공진기 내부 위치 조절,이문주,포항공과대학교,,2022-04-01 ~ 2024-03-31,결과보고서
2024,철 방출선 템플릿과 다변량 척도관계를 통한 활동성 은하 연구,박대성,경북대학교,자연과학단,2022-06-01 ~ 2024-04-28,결과보고서
2024,미토콘드리아의 철-황 클러스터 생합성 메커니즘 규명,김진해,대구경북과학기술원,생명과학단,2020-06-01 ~ 2024-05-31,결과보고서
2024,광물리적 분석을 통한 STED 현미경의 분해능 향상과 배경 잡음 문제 해결 연구,이종찬,대구경북과학기술원,자연과학단,2021-06-01 ~ 2024-05-31,결과보고서
2024,비가역열역학을 이용한 고분자용액 및 현탁액의 가공조건에 따른 미세구조 변화의 규명,조광수,경북대학교,공학단,2019-06-01 ~ 2024-05-31,결과보고서
2024,대사성 만성 간질환에서 젠더 별 신규 치료 표적 발굴 및 나노입자를 응용한 젠더 기반 맞춤형 치료 전략 개발,박진규,경북대학교,생명과학단,2019-06-01 ~ 2024-05-31,결과보고서
2024,흡혈 단계별 작은소피참진드기의 타액 분비 기전 연구,김동흔,경북대학교,생명과학단,2021-06-01 ~ 2024-05-31,결과보고서
2024,Astrocytic AQP4 기반 치매 유사 in vitro system을 이용한 우울 및 수면장애 예방 물질 기전연구,양선아,계명대학교,생명과학단,2021-06-01 ~ 2024-05-31,결과보고서
2024,Shank3 KO 모델의 생화학적 분석을 통한 자폐증의 신약표적 발굴 및 분자기전연구,송민석,영남대학교,생명과학단,2021-06-01 ~ 2024-05-31,결과보고서
2024,TET1을 타겟으로 하는 급성 골수성 백혈병 치료 연구,이상규,경북대학교,생명과학단,2021-06-01 ~ 2024-05-31,결과보고서
2024,alpha-실릴아민 화합물의 위치- 및 화학선택적 전자전달유도 광고리화 첨가반응을 이용한 N-헤테로고리 화합물의 합성법 개발에 관한 연구,조대원,영남대학교,자연과학단,2021-06-01 ~ 2024-05-31,결과보고서
2024,폐암 특이 RNA modification 조절 유전자의 변이 발굴,최선하,경북대학교,의약학단,2021-06-01 ~ 2024-05-31,결과보고서
2024,개인별 맞춤 방사선치료를 위한 방사선폐렴 위험 예측 라디오믹스 바이오마커 개발,박신형,경북대학교,의약학단,2021-06-01 ~ 2024-05-31,결과보고서
2024,소아청소년 사이토카인 폭풍의 조기통제를 위한 통합 진단 시스템 구축 연구,김여향,경북대학교,의약학단,2021-06-01 ~ 2024-05-31,결과보고서
2024,소프트웨어 신뢰성 향상을 위한  딥코드 학습 기반의 조기 오류 탐지 및 자동 수정,김동선,경북대학교,ICT·융합연구단,2021-06-01 ~ 2024-05-31,결과보고서
2024,급성 신손상에서 DICAM의 역할과 작용기전 규명,임정훈,경북대학교,의약학단,2021-06-01 ~ 2024-05-31,결과보고서
2024,웹툰과 인터렉티브 게임을 활용한 가임기 여성의  웹기반 조산 예방 자가관리 교육프로그램 개발 및 평가,김선희,대구가톨릭대학교,의약학단,2021-06-01 ~ 2024-05-31,결과보고서
2024,고효율 이중대역 nBn 장벽형 적외선 검출소자 시분해 광전류 측정법 및 운반자 수명 평가,김종수,영남대학교,자연과학단,2021-06-01 ~ 2024-05-31,결과보고서
2024,클린라벨 트렌드 대응 오크라 팩틴 유래 천연 유화제 개발,이원영,경북대학교,생명과학단,2021-06-01 ~ 2024-05-31,결과보고서
2024,생체시계 조절 단백질의 구조와 기능 연구,김동영,영남대학교,생명과학단,2020-06-01 ~ 2024-05-31,결과보고서
2024,오가노이드 및 차세대염기서열분석법에 기반한 대장암 맞춤형 cyclin-dependent kinase 억제 항암제 발굴 및 기전 규명,박종욱,계명대학교,의약학단,2021-06-01 ~ 2024-05-31,결과보고서
2024,대면적 연마 작업을 위한 병렬 구조 매니퓰레이터의 모델예측제어 기반 위치/힘 제어 알고리즘 개발,김태균,영남대학교,공학단,2021-06-01 ~ 2024-05-31,결과보고서
2024,급성신손상에서 호중구 세포외 덫의 DNA 인식을 통한  새로운 신장 세포 조절 기전 규명,조장희,경북대학교,의약학단,2021-06-01 ~ 2024-05-31,결과보고서
2024,절삭가공 모니터링을 위한 에너지빔 활용 구조복합재 일체형 커패시터 센서 플랫폼 연구,김지수,경북대학교,공학단,2021-06-01 ~ 2024-05-31,결과보고서
2024,펩타이드 기반 신규 면역관문 억제제 개발 연구,주상훈,대구가톨릭대학교,의약학단,2021-06-01 ~ 2024-05-31,결과보고서
2024,뇌동맥류 진행을 방지하는 나노입자 기반 봉독약제의 전달과  치료효과를 평가하기 위한 자기공명영상 연구,윤성원,경북대학교,의약학단,2020-06-01 ~ 2024-05-31,결과보고서
2024,Inosine의 도파민 신경 보호효과와 그 기전,최동영,영남대학교,의약학단,2021-06-01 ~ 2024-05-31,결과보고서
2024,섬유보강 나노 콘크리트 구조 거동 분석 및 이론 모델 개발,이성철,경북대학교,공학단,2020-06-01 ~ 2024-05-31,결과보고서
2024,기상 비누화 및 기상 아세탈화 연속공정에 의한 poly(vinyl butyral) 제조 및 응용,염정현,경북대학교,공학단,2020-06-01 ~ 2024-05-31,결과보고서
2024,채널 내 미세유전입자의 하전-유동 조건 제어를 통한 집진효율 최대화 기법 개발,김진규,경북대학교,ICT·융합연구단,2021-06-01 ~ 2024-05-31,결과보고서
2024,인플라마좀 연구를 통한 폐암 특이 바이오마커 및 치료타겟 유전자 발굴,유승수,경북대학교,의약학단,2020-06-01 ~ 2024-05-31,결과보고서
2024,사면체-기반 골격 구조 고체의 격자 설계와 공유성 제어를 통한  이온 전도체 개발,김영일,영남대학교,자연과학단,2020-06-01 ~ 2024-05-31,결과보고서
2024,비지도 학습과 전이 학습을 통한 페브릭 제품의 비정상 이미지 검출 및 시각화 연구,김정홍,경북대학교,ICT·융합연구단,2021-06-01 ~ 2024-05-31,결과보고서
2024,뇌허혈 손상 시 발생하는 출혈전환 기전 및 억제 방편 연구,이성용,계명대학교,의약학단,2021-06-01 ~ 2024-05-31,결과보고서
2024,"고주파수 전력소자용 고결정성 κ-(Al,Ga)2O3 박막 개발",정병규,경북대학교,공학단,2021-06-01 ~ 2024-05-31,결과보고서
2024,금속 도체평판 슬롯 구조의 공진 투과 현상 연구,김기채,영남대학교,ICT·융합연구단,2021-06-01 ~ 2024-05-31,결과보고서
2024,미래 자율주행 모빌리티의 승차감 고도화를 위한  다자유도 플랫폼기반의 지능형 시트 연구,이찬,영남대학교,공학단,2021-06-01 ~ 2024-05-31,결과보고서
2024,초고선량률 전자선의 선량 측정기술 개발,오영기,계명대학교,의약학단,2021-06-01 ~ 2024-05-31,결과보고서
2024,위암 수술 후 환자를 위한 개별 맞춤형 다중 회복 프로그램 개발 및 효과검증,임경희,계명대학교,의약학단,2021-06-01 ~ 2024-05-31,결과보고서
2024,전도성 천연실크 제조 및 기능성 하이브리드 소재로의 응용,채동욱,경북대학교,공학단,2021-06-01 ~ 2024-05-31,결과보고서
2024,다목적 비디오 부호화를 위한 초경량화 신경망 연구,박상효,경북대학교,ICT·융합연구단,2020-06-01 ~ 2024-05-31,결과보고서
2024,실내외에서 운용자와의 직관적 협업을 위한 지능형 운반로봇 시스템 개발,이동현,국립금오공과대학교,공학단,2021-06-01 ~ 2024-05-31,결과보고서
2024,다공성 바이오글라스 나노입자와 틸라코이드를 이용한 골괴사 병행 치료용 유무기복합체 개발,김영진,대구가톨릭대학교,ICT·융합연구단,2020-06-01 ~ 2024-05-31,결과보고서
2024,엣지 컴퓨팅 기반 차량 네트워크에서의 보안 기술 개발,박영호,경북대학교,ICT·융합연구단,2020-06-01 ~ 2024-05-31,결과보고서
2024,사물인터넷 환경에 사용가능한 블록체인 기반  인증 시스템 개발 및 구현,박요한,계명대학교,ICT·융합연구단,2021-06-01 ~ 2024-05-31,결과보고서
2024,광전기화학적CO2 환원을 위한 인공지능기반 MOF/COF 일체형 MXene 나노몰드 촉매 개발,데바라야팔리 카막샤이아 샤룰루,경북대학교,ICT·융합연구단,2021-06-01 ~ 2024-05-31,결과보고서
2024,인센티브 설계 및 시설 계획을위한 에너지 소비 패턴 이해,말리페디람모한,경북대학교,ICT·융합연구단,2021-06-01 ~ 2024-05-31,결과보고서
2024,의약품 자동 검수 및 검출을 위한 딥러닝 기반 영상시스템 개발,이성학,경북대학교,ICT·융합연구단,2021-06-01 ~ 2024-05-31,결과보고서
2024,Cold Sintering Process를 이용한 유-무기 하이브리드 리튬 이온 전도체 개발,이원호,국립금오공과대학교,공학단,2020-06-01 ~ 2024-05-31,결과보고서
2024,퇴행성 뇌질환에서의 단일 카메라 기반 시공간적 보행변수의 정량적 측정 시스템 개발,강경훈,경북대학교,의약학단,2021-06-01 ~ 2024-05-31,결과보고서
2024,현지 체험형 외국어 학습에 특화된 가상우주 플랫폼의 개발,박종희,경북대학교,ICT·융합연구단,2020-06-01 ~ 2024-05-31,결과보고서
2024,샘플 데이터 접근법을 이용한 사이버 공격에 강인한 사이버 물리 시스템 제어,이상문,경북대학교,ICT·융합연구단,2019-06-01 ~ 2024-05-31,결과보고서
2024,인공지능 기반 건설분쟁 경감 시스템,신영수,경북대학교,공학단,2019-06-01 ~ 2024-05-31,결과보고서
2024,기후변화에 따른 열대저기압의 상륙 위치/강도 변화와 사회경제적 피해양상 변화,박두선,경북대학교,자연과학단,2019-06-01 ~ 2024-05-31,결과보고서
2024,한국 사서에 나타난 천문현상 기록 검증,이기원,대구가톨릭대학교,자연과학단,2019-06-01 ~ 2024-05-31,결과보고서
2024,신재생에너지 이용 온실 구조시스템의 최적 제어 및 에너지 관리를 위한 동적 시뮬레이션 모델 개발,이현우,경북대학교,생명과학단,2019-06-01 ~ 2024-05-31,결과보고서
2024,고용량 및 급속충전용 차세대 알루미늄-이온 배터리 개발,이기백,영남대학교,공학단,2019-06-01 ~ 2024-05-31,결과보고서
2024,지리 정보 기반의 한철 딸기 생산 및 품질 정보화 시스템 개발과 활용,김성겸,경북대학교,생명과학단,2019-06-01 ~ 2024-05-31,결과보고서
2024,ICT기반 건설폐기물 위치추적 및 정보관리 시스템,고태용,경북대학교,공학단,2019-06-01 ~ 2024-05-31,결과보고서
2024,에너지 자립형 하수처리시설 구축을 위한 주공정 부분아질산화/아나목스 시스템 원천기술 개발,정진영,영남대학교,ICT·융합연구단,2019-06-01 ~ 2024-05-31,결과보고서
2024,클라우드 컴퓨팅을 지원하는 3D 그래픽스 국제표준 사양 렌더링 플랫폼,백낙훈,경북대학교,ICT·융합연구단,2019-06-01 ~ 2024-05-31,결과보고서
2024,당뇨쥐 및 당뇨 환자에서 혈당변동성이 신경계에 미치는 영향,김현아,계명대학교,의약학단,2019-06-01 ~ 2024-05-31,결과보고서
2024,비화학량론적 조성설계를 통한 알칼리-나이오베이트 계열 세라믹의 미세구조 제어 및 에너지 하베스터 응용 연구,조경훈,국립금오공과대학교,공학단,2019-06-01 ~ 2024-05-31,결과보고서
2024,시계열모형에서의 로버스트 검정: 변화점 검정 및 적합도 검정을 중심으로,송준모,경북대학교,자연과학단,2019-06-01 ~ 2024-05-31,결과보고서
2024,대수곡선과 Ruled 곡면들의 모임에 관한 연구,최영욱,영남대학교,자연과학단,2019-06-01 ~ 2024-05-31,결과보고서
2024,게놈크기 및 배수성 검증을 통한 국내 고사리류의 잡종 및 미기록종 규명,김형태,경북대학교,생명과학단,2021-06-01 ~ 2024-05-31,결과보고서
2024,단파/중파 적외선 센싱 유연 유기 광트랜지스터 기술 개발,김영규,경북대학교,공학단,2021-06-01 ~ 2024-05-31,결과보고서
2024,City-Hub와 Enter-Hub 개념에 기반을 둔 도심역세권 개발의 한국적 모형개발에 관한 연구,박용서,경북대학교,공학단,2021-06-01 ~ 2024-05-31,결과보고서
2024,"인공지능 워크로드를 위한 고성능, 저전력 이종컴퓨팅 시스템 연구 및 개발",공준호,경북대학교,ICT·융합연구단,2021-06-01 ~ 2024-05-31,결과보고서
2024,파이토케미칼을 이용한 항생제내성 세균의 바이오필름 형성과 병원성 억제 물질 개발,이진형,영남대학교,공학단,2021-06-01 ~ 2024-05-31,결과보고서
2024,유용물질의 증폭을 유도한 생리활성유도제(elicitor) 처리 system 개발과 주름조개풀의 고부가가치 기능성 미용식품 소재 및 나노 큐보좀 제품 개발,조영제,경북대학교,생명과학단,2017-06-01 ~ 2024-05-31,결과보고서
2024,양자점감응태양전지를 이용한 자가 구동 전기변색 수퍼커패시터 성능 향상 연구,안광순,영남대학교,공학단,2018-06-01 ~ 2024-05-31,결과보고서
2024,NGS 데이터를 이용한 운동신경회로의 진화 기전 연구,백명인,대구경북과학기술원,생명과학단,2019-06-01 ~ 2024-05-31,결과보고서
2024,고출력 레이저 시스템의 성능개선을 위한  이득 매질 및 광학 부품의 열 변형에 관한 연구,유태준,한동대학교,자연과학단,2021-06-01 ~ 2024-05-31,결과보고서
2024,AI기반 지능형 건설자재정보시스템 개발,엄신조,경일대학교,공학단,2020-06-01 ~ 2024-05-31,결과보고서
2024,머신 러닝을 이용한 화소기반 지표 방사율 산출 기법 연구,방건준,국립금오공과대학교,공학단,2019-06-01 ~ 2024-05-31,결과보고서
2024,이황화몰리브덴 복합체의 전자구조 및 수소발생작용촉매 응용 연구,정혜경,대구대학교,자연과학단,2020-06-01 ~ 2024-05-31,결과보고서
2024,악성 저산소성 종양에서 Lysosome 불활성화가 가지는 역할 규명과 신규 치료법 개발,HONGJAEWOO,대구가톨릭대학교,의약학단,2021-06-01 ~ 2024-05-31,결과보고서
2024,고내구성 전기접점을 위한 탄성복합구조 코팅개발,김현준,경북대학교,공학단,2021-06-01 ~ 2024-05-31,결과보고서
2024,테모졸로마이드 내성 극복 치료제 개발을 위한 뇌종양 특이적 enhancer와 타겟 바이오 마커 기능 규명 연구,문병산,영남대학교,생명과학단,2021-06-01 ~ 2024-05-31,결과보고서
2024,고분자 전해질의 전하 균형을 이용한 생명의학적 응용,김성철,영남대학교,공학단,2020-06-01 ~ 2024-05-31,결과보고서
2024,거세저항성 전립선암의 신규 조절인자로서 FOXA1 및 HMGN family의 기전 규명 및 치료타깃으로 효용성 탐색,이준녕,경북대학교,의약학단,2022-06-01 ~ 2024-07-25,결과보고서
2024,새로운 자가면역 질환모델을 이용한 건선 및 류마티스에서의 Serine protease(CTSA) 단백질 기능 및 메커니즘 분석,류재웅,경북대학교,생명과학단,2020-06-01 ~ 2024-05-31,결과보고서
2024,통섭적 문제해결 방법론의 실체화 및 실효성 검증,김지은,포항공과대학교,ICT·융합연구단,2020-06-01 ~ 2024-05-31,결과보고서
2024,광영역 공진기 양자전기역학에서의 실험 연구,이문주,포항공과대학교,자연과학단,2020-06-01 ~ 2024-05-31,결과보고서
2024,세포노화와 죽상경화증에서 메트포르민에 의한 텔로미어의 분자 기전 연구,성진영,영남대학교,생명과학단,2022-06-01 ~ 2024-09-30,결과보고서
2024,메타버스 가상서원 구축을 위한 딥러닝 기반 전통기록물 해독,이민호,경북대학교,ICT·융합연구단,2022-06-01 ~ 2024-08-26,결과보고서
2024,(2022M3D1A2083618) 미래 모빌리티용 2D 반도체 소재의 대면적 성장을 위한 고결정질 Mo 형성 기술 개발,권혁준,대구경북과학기술원,,2022-07-01 ~ 2024-12-31,결과보고서
2024,유교 지식인의 척사(斥邪) 지형도 연구 : 조선 후기 척사론을 중심으로,최정연,대구교육대학교,인문학단,2023-06-01 ~ 2024-06-01,결과보고서
2024,메타버스 가상서원 구축을 위한 딥러닝 기반 전통기록물 해독,이민호,경북대학교,ICT·융합연구단,2022-06-01 ~ 2024-08-26,결과보고서
2024,가정 외 보호 아동이었던 사회복지사들의 사회복지실천 경험은 어떠한가?,김하은,경북대학교,사회과학단,2024-06-01 ~ 2024-09-01,결과보고서
2024,(2022M3D1A2083618) 미래 모빌리티용 2D 반도체 소재의 대면적 성장을 위한 고결정질 Mo 형성 기술 개발,권혁준,대구경북과학기술원,,2022-07-01 ~ 2024-12-31,결과보고서
2024,공유에 관한 해석론적·입법론적 개선방안,박의근,경북대학교,사회과학단,2023-06-01 ~ 2024-07-14,결과보고서
2024,연성 특성을 가지는 무기 반도체 열전 소재 개발,손재성,포항공과대학교,,2020-08-31 ~ 2024-12-31,결과보고서
2024,기판 재사용이 가능한 2차원 분리막 기반의 원격에피택시 기술을 통한 고품질 질화물계 멤브레인 제작 원천 기술 연구,박홍식,경북대학교,,2022-04-08 ~ 2024-12-31,결과보고서
2024,저온 합성된 반데르발스 층상 소재 기반의 대면적 단일 3차원 집적 트랜지스터 및 적외선 센서 개발,김철주,포항공과대학교,,2020-08-31 ~ 2024-12-31,결과보고서
2024,"매우 낮은 누설전류(<1 fA) 특성을 갖는 산화물반도체 2T 구조의 고선형성, 고내구성, 멀티레벨 다이나믹 시냅스 단위셀 및 어레이 연구",정윤영,포항공과대학교,,2022-01-25 ~ 2024-12-31,결과보고서
2024,형상기억 고분자 스탬프 기반 초정밀 3차원 이종 집적 공정 개발,김석,포항공과대학교,,2022-03-28 ~ 2024-12-31,결과보고서
2024,페루 아레키파 지역 청년들을 위한 실습 기반 앱 개발 교육 및 팀 기반 창업 멘토링 프로그램,구자문,한동대학교,사회과학단,2024-05-01 ~ 2025-01-31,결과보고서
2024,인공 땀샘 기능을 갖는 경피형 피부 모방 바이오센서 개발 및 평가,임근배,포항공과대학교,,2020-07-01 ~ 2024-12-31,결과보고서
2024,체내 삽입형 나노 바이오 센서의 평가를 위한 멀티스케일 혈관 내재형 피부 복합 조직 모사체 개발,조동우,포항공과대학교,,2020-07-01 ~ 2024-12-31,결과보고서
2024,3D 나노/마이크로 세포 프린팅 기반 멀티스케일 생체모방 인공 혈관 및 복합 근육 조직 소재 및 제작 기술 개발,조동우,포항공과대학교,,2020-07-01 ~ 2024-12-31,결과보고서
2024,교환 가능한 시행상에서 품질관리 및 신뢰성을 위한 통합된 프레임워크 개발,오정택,경북대학교,사회과학단,2024-06-01 ~ 2025-05-31,결과보고서
2024,EUV용 흡수/투과 소재의 광학적 라이브러리 구축,이상설,포항공과대학교,,2020-05-15 ~ 2024-12-31,결과보고서
2024,신약개발지원센터 백신 및 면역증강제 개발 지원사업,유지훈,대구경북첨단의료산업진흥재단,,2022-04-01 ~ 2024-12-31,결과보고서
2024,인공지능의 예측치안에의 적용상 한계와 권리구제- 국가배상을 중심으로 -,박웅광,영남대학교,사회과학단,2024-06-01 ~ 2025-05-31,결과보고서
2024,페루 아레키파 지역 청년들을 위한 실습 기반 앱 개발 교육 및 팀 기반 창업 멘토링 프로그램,구자문,한동대학교,사회과학단,2024-05-01 ~ 2025-01-31,결과보고서
2024,재정지원 노인일자리 참여에 대한 사회법적 검토 -공익형 노인일자리를 중심으로-,손미정,계명대학교,사회과학단,2024-06-01 ~ 2025-05-31,결과보고서
2024,“李-트로이카”: 한국 근대미술사 서술 방법론에 관한 연구,김기수,계명대학교(대명),문화융복합단,2024-06-01 ~ 2025-05-31,결과보고서
2024,유필(儒筆)의 전통을 이은 국문학자 심재완의 서예,이인숙,경북대학교,문화융복합단,2024-06-01 ~ 2025-05-31,결과보고서
2024,석주 권필의 연작시 고찰-두보 연작시와의 시상 전개 방식 수용을 중심으로-,한해혈,영남대학교,인문학단,2024-06-01 ~ 2025-05-31,결과보고서
2024,   교육의 격차와 차별에서 드러나는 사회적 지원의 한계와 개선방향        -브래디 미카코(ブレイディ みかこ)의 논픽션을 중심으로-  ,이은희,계명대학교,인문학단,2024-06-01 ~ 2025-05-31,결과보고서
2024,일본어 외래어에 대한 학습자의 의식과 사용실태 분석-모어화자와의 비교를 통해-,박노순,계명대학교,인문학단,2024-06-01 ~ 2025-05-31,결과보고서
2024,경북방언에서의 종결어미와 억양의 상호작용,김기유,계명대학교,인문학단,2024-06-01 ~ 2025-05-31,결과보고서
2024,구로시마 덴지(島傳治) 문학과 조선(朝鮮),황봉모,경북대학교,인문학단,2024-06-01 ~ 2025-05-31,결과보고서
2024,느낌과 지각의 발생과정 고찰-초기불교와 신경과학의 비교,이은정,경북대학교,인문학단,2024-06-01 ~ 2025-05-31,결과보고서
2024,『명심보감』과 ChatGPT를 융합한 대학생의 자기성찰 학습법,이영희,계명대학교,인문학단,2024-06-01 ~ 2025-05-31,결과보고서
2024,인공지능을 응용한 시각 예술에서 데이터 무의식의 영향 연구,박연숙,경북대학교,문화융복합단,2024-06-01 ~ 2025-05-31,결과보고서
2024,마왕퇴백서 『오행』편에 나타나는 ‘성(聖)’의 함의와 그 정치사상 맹·순과 비교하여,석미현,경북대학교,인문학단,2024-06-01 ~ 2025-05-31,결과보고서
2024,일본어 교수 학습의 도구로서 챗GPT의 활용 방법 및 가능성에 관한 고찰 -「비즈니스 일본어」수업을 중심으로-,이현정,경북대학교,인문학단,2024-06-01 ~ 2025-05-31,결과보고서
2024,학교 밖 청소년의 학업중단인식과 사회적 낙인감 종단적 변화양상과 영향요인 : 잠재전이분석을 적용하여,조윤영,계명대학교,사회과학단,2024-06-01 ~ 2025-05-31,결과보고서
2024,인용명사 구문의 화시 기능 연구,현영희,경북대학교,인문학단,2024-06-01 ~ 2025-05-31,결과보고서
2024,"왜 플레이어들은 탈출하는가: 오프라인 방탈출 게임 플레이어들의 감각추구, 일상회피, 그리고 만족도에 따른 탈출 의도",김수완,대구대학교,사회과학단,2024-06-01 ~ 2025-05-31,결과보고서
2024,20세기 신활자본 음식조리서의 맛 표현 어휘 연구,김예니,경북대학교,인문학단,2024-06-01 ~ 2025-05-31,결과보고서
2024,서양 고대 공성전의 군사공학 기술과 전략론,배은숙,계명대학교,사회과학단,2022-05-01 ~ 2025-04-30,결과보고서
2024,張載 氣學의 이론체계와 關學派의 학문적 지형도,장윤수,대구교육대학교,인문학단,2022-05-01 ~ 2025-04-30,결과보고서
2024,러시아어에서 슬라뱌니즘(славянизм)의 의미적 특징에 관한 통시적 연구,길윤미,경북대학교,인문학단,2024-06-01 ~ 2025-05-31,결과보고서
2024,"청대 성령시파의 두시학 고찰 -원매, 조익, 장사전을 중심으로",정보선,경북대학교,인문학단,2024-06-01 ~ 2025-05-31,결과보고서
2024,발생비평을 활용한 김기영 영화 연구,금동현,경북대학교,문화융복합단,2024-06-01 ~ 2025-05-31,결과보고서
2024,미활용 바이오매스 유래 윤활유급 화학제품 제조 공정 환경 및 경제성 분석,한지훈,포항공과대학교,,2020-07-20 ~ 2025-01-19,결과보고서
2024,저온 합성된 반데르발스 층상 소재 기반의 대면적 단일 3차원 집적 트랜지스터 및 적외선 센서 개발,김철주,포항공과대학교,,2020-08-31 ~ 2024-12-31,결과보고서
2024,사회적 고립 청소년의 극복 경험에 관한 연구,하유진,경북대학교,사회과학단,2024-06-01 ~ 2025-05-31,결과보고서
2024,연성 특성을 가지는 무기 반도체 열전 소재 개발,손재성,포항공과대학교,,2020-08-31 ~ 2024-12-31,결과보고서
2024,《진언집》 훈민정음 표기의 사성(四聲) 연구,이찬식,대구가톨릭대학교,인문학단,2024-06-01 ~ 2025-05-31,결과보고서
2024,기판 재사용이 가능한 2차원 분리막 기반의 원격에피택시 기술을 통한 고품질 질화물계 멤브레인 제작 원천 기술 연구,박홍식,경북대학교,,2022-04-08 ~ 2024-12-31,결과보고서
2024,3D 나노/마이크로 세포 프린팅 기반 멀티스케일 생체모방 인공 혈관 및 복합 근육 조직 소재 및 제작 기술 개발,조동우,포항공과대학교,,2020-07-01 ~ 2024-12-31,결과보고서
2024,<떡보와 중국 사신>의 양가성 연구 - 수화문답 이야기의 웃음과 자기부정을 중심으로,박진아,경북대학교,인문학단,2024-06-01 ~ 2025-05-31,결과보고서
2024,지능형 건설자동화 연구센터,이동은,경북대학교,공학단,2018-06-01 ~ 2025-02-28,결과보고서
2025,소형 스모그챔버를 이용한 유기미세먼지의 이차생성 모수화와 물리화학적 특성 평가,임호진,경북대학교,,2020-10-21 ~ 2025-03-31,결과보고서
2024,가로채기 과제 수행 시 사전계획 및 실시간 제어 기능으로서 안구운동의 역할,장덕찬,계명대학교,문화융복합단,2024-06-01 ~ 2025-05-31,결과보고서
2024,닐센의 바이올린 협주곡에 내재된 북유럽의 모더니즘,김경은,경북대학교,문화융복합단,2024-06-01 ~ 2025-05-31,결과보고서
2024,소셜 라이브 스트리밍의 민사법적 쟁점,조장우,영남대학교,사회과학단,2024-06-01 ~ 2025-05-31,결과보고서
2024,최고경영자 교체 이후 전략 변화가 기업 성과에 미치는 영향: 내부 승계를 중심으로,이승혜,경북대학교,사회과학단,2024-06-01 ~ 2025-05-31,결과보고서
2024,관광자원화 과정에서의 진정성 형성 연구: 대구 ‘모루’와 제주 ‘해녀의 부엌’ 사례 분석,유하나,경북대학교,사회과학단,2024-06-01 ~ 2025-05-31,결과보고서
2024,부정어 상승 현상의 언어 처리에 미치는 현상: 실험적 접근,하연희,경북대학교,인문학단,2024-06-01 ~ 2025-05-31,결과보고서
2024,태권도 선수의 수평면 회전 운동 시 아쿠아백의 관성저항변화에 따른 운동 역학적 효과 분석,이득곤,경북대학교,문화융복합단,2024-06-01 ~ 2025-05-31,결과보고서
2024,한국어 수업에서 학습용 챗봇의 활용 가능성 탐구: 챗봇 빌더를 활용한 한국어 말하기 활동 설계를 중심으로,박새암,대구가톨릭대학교,사회과학단,2024-06-01 ~ 2025-05-31,결과보고서
2024,부모의 성역할가치감 차이로 인한 양육스트레스가 부부갈등과 자녀의 문제행동에 미치는 영향: LCM 및 APIM 적용,이화진,경북대학교,문화융복합단,2024-06-01 ~ 2025-05-31,결과보고서
2024,교(敎)와 종교(宗敎) : 공자교 운동에 보이는 “종교” 개념의 이해와 수용,엄진성,영남대학교,인문학단,2024-06-01 ~ 2025-05-31,결과보고서
2024,초등 사서교사와 중등 사서교사의 역량에 대한 연구,이세나,경북대학교,문화융복합단,2024-06-01 ~ 2025-05-31,결과보고서
2024,元代 카를룩인(哈剌魯人)의 정치군사문화 활동,여치호,경북대학교,인문학단,2024-06-01 ~ 2025-05-31,결과보고서
2024,『판단력비판』에서 최고선과 요청론의 현세적 의미,정제기,영남대학교,인문학단,2024-06-01 ~ 2025-05-31,결과보고서
2024,"야구선수의 훈련부하에 따른 생리학적, 신경학적, 심리학적 변화 모니터링 : 코르티졸, 심박변이도, 주관적 컨디션 간의 관계 검증",김보람,경북대학교상주캠퍼스,문화융복합단,2024-06-01 ~ 2025-05-31,결과보고서
2024,"중고령 사망자의 가족관계와 생애말기경험에 관한 연구: 한국, 미국, 영국, 유럽 고령화패널 비교분석",신유미,대구대학교,사회과학단,2024-06-01 ~ 2025-05-31,결과보고서
2024,일상 담화에서의 비유적 손짓 표현 연구: 시간에 관한 비유를 중심으로,여현정,영남대학교,인문학단,2024-06-01 ~ 2025-05-31,결과보고서
2024,북한의 초급중학교 국어과 문법 교수·학습 실제 연구,박소은,경북대학교,인문학단,2024-06-01 ~ 2025-05-31,결과보고서
2024,杜律 解釋의 多樣性에 관한 연구,진갑곤,경북대학교,인문학단,2024-06-01 ~ 2025-05-31,결과보고서
2024,일과 소설: 최근 영미소설에 나타난 새로운 자본주의 노동의 양상들,윤수진,경북대학교,인문학단,2024-06-01 ~ 2025-05-31,결과보고서
2024,지역기반 대학 등록금 지원 사업의 효과성 연구,배지연,한동대학교,사회과학단,2024-06-01 ~ 2025-05-31,결과보고서
2024,독일 인형극의 일본 번역과 카프의 번역극,이민영,경북대학교,인문학단,2024-06-01 ~ 2025-05-31,결과보고서
2024,이상의 건축무한육면각체와 아방가르드 시의 정치성 연구,김대웅,경북대학교,인문학단,2024-06-01 ~ 2025-05-31,결과보고서
2024,어휘의 무표성과 유동양화사,손광락,경북대학교,인문학단,2022-05-01 ~ 2025-04-30,결과보고서
2024,카운터팩추얼 씽킹,"Kim, Yang Sok",계명대학교,사회과학단,2022-05-01 ~ 2025-04-30,결과보고서
2024,운동선수를 위한 인지행동치료,김종수,계명대학교,문화융복합단,2022-05-01 ~ 2025-04-30,결과보고서
2024,초한전쟁 관련 시가의 근대적 전유와 문화론적 의미,손대현,경북대학교,인문학단,2024-06-01 ~ 2025-05-31,결과보고서
2024,시각적 및 언어적 재활성화가 일화기억에 미치는 영향,남예은,영남대학교,문화융복합단,2024-06-01 ~ 2025-05-31,결과보고서
2024,러시아어 중첩 소사의 의미와 담화 기능,임수영,경북대학교,인문학단,2024-06-01 ~ 2025-05-31,결과보고서
2024,공공도서관 독서동아리 활동을 통한 전환학습 과정 탐색 : 신중년 세대를 중심으로,김현숙,경북대학교,문화융복합단,2024-06-01 ~ 2025-05-31,결과보고서
2024,전쟁 소설 <하지 무라트>의 작가이자 사상가로서 톨스토이,박미정,경북대학교,인문학단,2024-06-01 ~ 2025-05-31,결과보고서
2024,조선 후기 민찬 기록을 통해 본 ‘삼현(三絃)’의 의미,정서은,경북대학교,문화융복합단,2024-06-01 ~ 2025-05-31,결과보고서
2024,북미 원주민의 몸에 대한 탈식민주의적 성찰:시카고 세계박람회(1893)에서 운디드니(2025)까지,정형민,경북대학교,인문학단,2024-06-01 ~ 2025-05-31,결과보고서
2024,빅데이터와 델파이 기법을 활용한 영유아 미래역량 도출,윤소영,경북대학교,사회과학단,2024-06-01 ~ 2025-05-31,결과보고서
2024,특수교육의 역사: 장애학생 교육권 보장을 향한 노정,홍정숙,대구대학교,사회과학단,2022-05-01 ~ 2025-04-30,결과보고서
2024,지속가능한 생태유토피아,조영준,경북대학교,인문학단,2022-05-01 ~ 2025-04-30,결과보고서
2024,가문소설에서 부유함의 형상화와 서사방식 연구- <명주옥연기합록>을 중심으로 -,이현주,영남대학교,인문학단,2024-06-01 ~ 2025-05-31,결과보고서
2024,한국어 정서 단어집 개발 및 정서 단어를 통한 한국인의 정서 처리 규명,홍영지,영남대학교,문화융복합단,2024-06-01 ~ 2025-05-31,결과보고서
2024,Dexamethasone 처치 근 감소 유발 C2C12 세포에 EPS와 NO3로 유도된 근 수축에 대한 연구,박수현,구미대학교,문화융복합단,2024-06-01 ~ 2025-05-31,결과보고서
2024,지역특화 비자에 관한 비판적 고찰 : 인구소멸지역 인구정책에 대한 효능감을 중심으로,유득규,대구가톨릭대학교,사회과학단,2024-06-01 ~ 2025-05-31,결과보고서
2024,북한이탈주민의 초국적 가족 이주에 관한 연구: 행위자-네트워크 이론의 관점에서,최금희,대구가톨릭대학교,사회과학단,2024-06-01 ~ 2025-05-31,결과보고서
2024,탈성장과 생태아나키즘,조영준,경북대학교,인문학단,2024-06-01 ~ 2025-05-31,결과보고서
2024,체내 삽입형 나노 바이오 센서의 평가를 위한 멀티스케일 혈관 내재형 피부 복합 조직 모사체 개발,조동우,포항공과대학교,,2020-07-01 ~ 2024-12-31,결과보고서
2024,초고효율 탠덤(다중접합)용 페로브스카이트 태양전지 요소기술 개발(공동5),이상욱,경북대학교,,2022-05-24 ~ 2025-01-23,결과보고서
2024,초고효율 탠덤(다중접합)용 페로브스카이트 태양전지 요소기술 개발(공동3),박태호,포항공과대학교,,2022-05-24 ~ 2025-01-23,결과보고서
2024,고효율 대면적 초경량·유연 무독성 CIGS 박막 태양전지 기술개발(공동2),김대환,대구경북과학기술원,,2022-05-24 ~ 2025-01-23,결과보고서
2024,텍토닉 전극설계 기반 고에너지밀도 리튬금속-공기 전지 고도화 요소기술개발,이상민,포항공과대학교,,2022-05-24 ~ 2025-01-23,결과보고서
2024,텍토닉 전극설계 기반 고에너지밀도 리튬금속-공기 전지 고도화 요소기술개발,이상민,포항공과대학교,,2022-05-24 ~ 2025-01-23,결과보고서
2024,초고효율 탠덤(다중접합)용 페로브스카이트 태양전지 요소기술 개발(공동3),박태호,포항공과대학교,,2022-05-24 ~ 2025-01-23,결과보고서
2024,고효율 대면적 초경량·유연 무독성 CIGS 박막 태양전지 기술개발(공동2),김대환,대구경북과학기술원,,2022-05-24 ~ 2025-01-23,결과보고서
2024,초고효율 탠덤(다중접합)용 페로브스카이트 태양전지 요소기술 개발(공동5),이상욱,경북대학교,,2022-05-24 ~ 2025-01-23,결과보고서
2024,형상기억 고분자 스탬프 기반 초정밀 3차원 이종 집적 공정 개발,김석,포항공과대학교,,2022-03-28 ~ 2024-12-31,결과보고서
2024,"매우 낮은 누설전류(<1 fA) 특성을 갖는 산화물반도체 2T 구조의 고선형성, 고내구성, 멀티레벨 다이나믹 시냅스 단위셀 및 어레이 연구",정윤영,포항공과대학교,,2022-01-25 ~ 2024-12-31,결과보고서
2025,화가의 호와 그림 이야기,이인숙,경북대학교,문화융복합단,2023-06-01 ~ 2025-05-31,결과보고서
2024,EUV용 흡수/투과 소재의 광학적 라이브러리 구축,이상설,포항공과대학교,,2020-05-15 ~ 2024-12-31,결과보고서
2024,미활용 바이오매스 유래 윤활유급 화학제품 제조 공정 환경 및 경제성 분석,한지훈,포항공과대학교,,2020-07-20 ~ 2025-01-19,결과보고서
2024,안정동위원소 기반 스발바르 지역 수은 유입원 및 거동 연구,권세윤,포항공과대학교,,2021-04-27 ~ 2025-03-31,결과보고서
2025,소형 스모그챔버를 이용한 유기미세먼지의 이차생성 모수화와 물리화학적 특성 평가,임호진,경북대학교,,2020-10-21 ~ 2025-03-31,결과보고서
2024,'서예' 번역 연구,신영호,경북대학교,문화융복합단,2022-07-01 ~ 2025-06-30,결과보고서
2024,지능형 건설자동화 연구센터,이동은,경북대학교,공학단,2018-06-01 ~ 2025-02-28,결과보고서
2024,사회복귀 노숙인의 노숙인시설 재 입소경험에 관한 연구,하나영,구미대학교,사회과학단,2024-06-01 ~ 2025-05-31,결과보고서
2024,"청소년들의 피지컬 리터러시, 신체활동 참여, 웰빙 간의 연관성 연구 및 체육수업모형 개발",최승우,경북대학교,사회과학단,2023-09-01 ~ 2025-02-20,결과보고서
2025,공유결합성 인공원자 및 반응 중간체의 반응 경로 설계/제어,김성지,포항공과대학교,,2019-07-15 ~ 2025-06-30,결과보고서
2025,중간체의 흡착세기를 독립적으로 제어할 수 있는 단일금속원자 기반의 촉매소재 In-situ 분석,이국승,포항공과대학교,,2019-07-15 ~ 2025-06-30,결과보고서
2025,중간체의 흡착세기를 독립적으로 제어할 수 있는 단일금속원자 기반의 촉매소재 디스커버리,김용태,포항공과대학교,,2019-07-15 ~ 2025-06-30,결과보고서
2025,중간체의 흡착세기를 독립적으로 제어할 수 있는 단일금속원자 기반의 촉매소재 합성 및 평가,김용태,포항공과대학교,,2019-07-15 ~ 2025-06-30,결과보고서
2024,찰스 디킨즈 소설에 나타난 불안 연구: 라캉의 관점에서,최은애,경북대학교,인문학단,2023-09-01 ~ 2025-02-20,결과보고서
2024,버틀러의 비폭력 담론으로 조지 엘리엇 소설 읽기,편경미,경북대학교,인문학단,2023-09-01 ~ 2025-02-20,결과보고서
2024,노인치매정책의 정책집행 과정에서 패러독스(paradox) 현상의 탐색적 연구: 돌봄·치료의 연속성을 중심으로,김민정,계명대학교,사회과학단,2024-06-01 ~ 2025-02-28,결과보고서
2024,신약개발지원센터 백신 및 면역증강제 개발 지원사업,유지훈,대구경북첨단의료산업진흥재단,,2022-04-01 ~ 2024-12-31,결과보고서
