장비분류(중분류),장비분류(소분류),장비명(영문),모델명,제작국가,제작사,도입일자,유휴불용,이용료(원/시간),기관명,기관유형
재료물성시험장비,진동내구시험장비,6 Degree of Freedom-Multi axial Simulation Tables,323.40 MAST,미국,Mts,2011-07-29,활용,100000,경일대학교산학협력단,사립대학(4년제)
재료물성시험장비,진동내구시험장비,Combined Environmental Electro Dynamic Vibration System,"DA70,EDS7000-480,GT600M&GT1200,HE1300S-400M",중국,DONGLING,2009-10-20,활용,60000,경일대학교산학협력단,사립대학(4년제)
재료물성시험장비,진동내구시험장비,Combined Environmental Long Stroke Electro Dynamic Vibration System,"DA40,EDS4000LS-445,GT600M,HE600S-445M",대한민국,(주)팜테크,2009-10-20,활용,50000,경일대학교산학협력단,사립대학(4년제)
재료물성시험장비,진동내구시험장비,Combined Environmental Small Electro Dynamic Vibration System,"DA-6,EDS600-230,GT400M",중국,DONGLING,2009-10-20,불용,33000,경일대학교산학협력단,사립대학(4년제)
재료물성시험장비,가속수명시험기,Ozone Weather Chamber,ITC-OWC-500,대한민국,인터네셔날테크닉,2008-08-25,불용,5000,경일대학교산학협력단,사립대학(4년제)
재료물성시험장비,진동내구시험장비,Electro Dynamic Vibration System,S201LS3-340,대한민국,Sonic&Jinn,2013-12-31,활용,50000,경일대학교산학협력단,사립대학(4년제)
재료물성시험장비,온습도시험기,L/H Temperature & Humidity Chamber,DS-TH-294,대한민국,대성테크,2008-05-26,불용,8000,경일대학교산학협력단,사립대학(4년제)
재료물성시험장비,온습도시험기,L/H Temperature & Humidity Chamber,DS-TH-294,대한민국,대성테크,2008-05-26,불용,8000,경일대학교산학협력단,사립대학(4년제)
재료물성시험장비,온습도시험기,L/H Temperature & Humidity Chamber,DS-TH-294,대한민국,대성테크,2008-05-26,불용,8000,경일대학교산학협력단,사립대학(4년제)
재료물성시험장비,환경모사시험기,Rain Test Chamber,ITC-RT-1440,대한민국,대성테크,2008-05-26,불용,10000,경일대학교산학협력단,사립대학(4년제)
재료물성시험장비,염수분무시험기,Salt Spray Test Chamber,DS-SST-498,대한민국,대성테크,2008-05-26,불용,5000,경일대학교산학협력단,사립대학(4년제)
길이/위치/자세측정장비,위치/자세측정장비,Coating Thickness Measurement Instrument,X-Strata 960,영국,Oxford Instruments,2008-05-19,활용,10000,경일대학교산학협력단,사립대학(4년제)
재료물성시험장비,경도시험기,Vickers Hardness Tester,HM-124,일본,Mitutoyo,2008-05-27,활용,10000,경일대학교산학협력단,사립대학(4년제)
길이/위치/자세측정장비,길이측정장비,Profile Projector,PV-5110,일본,Mitutoyo,2008-05-14,활용,10000,경일대학교산학협력단,사립대학(4년제)
길이/위치/자세측정장비,위치/자세측정장비,Surface Roughness Measurement System,Surfcom 1500SD,일본,Tokyo Seimitsu,2008-05-27,활용,10000,경일대학교산학협력단,사립대학(4년제)
현미경,공구현미경,Measuring Microscope,MM-800/L,일본,Nikon,2008-05-14,활용,10000,경일대학교산학협력단,사립대학(4년제)
재료물성시험장비,경도시험기,Rockwell Hardness Tester,HR-522,일본,Mitutoyo,2008-05-27,활용,10000,경일대학교산학협력단,사립대학(4년제)
절삭장비,복합장비,3-Axis CNC M/C,VM 960,대한민국,두산인프라코어,2009-08-17,활용,20000,경일대학교산학협력단,사립대학(4년제)
재료물성시험장비,온습도시험기,L/H Temperature & Humidity Chamber,DS-TH-578,대한민국,대성테크,2008-05-26,불용,8000,경일대학교산학협력단,사립대학(4년제)
재료물성시험장비,특성평가시험기,Multi Axial Endurance Test Machine System,모델명 없음,미국,Mts,2011-07-29,활용,25000,경일대학교산학협력단,사립대학(4년제)
재료물성시험장비,열충격시험기,Thermal Shock Chamber,ITC-TSC-D137,대한민국,인터네셔날테크닉,2008-08-25,불용,10000,경일대학교산학협력단,사립대학(4년제)
재료물성시험장비,열충격시험기,Thermal Shock Chamber,ITC-TSC-D137,대한민국,인터네셔날테크닉,2008-08-25,불용,10000,경일대학교산학협력단,사립대학(4년제)
재료물성시험장비,열충격시험기,Thermal Shock Chamber,ITC-TSC-D253,대한민국,인터네셔날테크닉,2008-08-25,불용,10000,경일대학교산학협력단,사립대학(4년제)
재료물성시험장비,열충격시험기,Thermal Shock Chamber,ITC-TSC-D253,대한민국,인터네셔날테크닉,2008-08-25,불용,10000,경일대학교산학협력단,사립대학(4년제)
재료물성시험장비,분진시험기,Dust Tester Machine,DTC1CF,대한민국,(주)뉴런핏,2013-05-24,불용,10000,경일대학교산학협력단,사립대학(4년제)
재료물성시험장비,부식시험기,Combined Cyclic Corrosion Tester,JYS-CCT-1000L,대한민국,진영테크,2013-05-24,불용,8000,경일대학교산학협력단,사립대학(4년제)
재료물성시험장비,만능시험기,5MN Large-sized construction material tester,5MN testing machine,일본,Shimadzu,2009-02-26,활용,388000,계명대학교 산학협력단,사립대학(4년제)
재료물성시험장비,만능피로시험기,5MN Compression tester,CCH-5000kN,일본,Shimadzu,2009-02-26,활용,69000,계명대학교 산학협력단,사립대학(4년제)
환경조성형시설장비,항온/항습시설장비,Temperature control type and Humidity test chamber,BCTH A150DU,대한민국,한창엔지니어링,2009-02-16,저활용,20000,계명대학교 산학협력단,사립대학(4년제)
카메라/영상처리장비,기타특수카메라,Optical Sensor Measurement System,sm130-200,미국,Micron Optics,2009-06-05,저활용,42000,계명대학교 산학협력단,사립대학(4년제)
표면특성측정장비,비표면적/공극도측정장비,Porosimeter,ASAP 2020,미국,Micromeritics,2008-10-09,활용,140000,계명대학교 산학협력단,사립대학(4년제)
재료물성시험장비,특성평가시스템,Freezing and Thawing Apparatus,HJ-3525,대한민국,흥진정밀,2009-06-23,저활용,41000,계명대학교 산학협력단,사립대학(4년제)
분광분석장비,X-선형광분석기,Wavelength Dispersive X-Ray Fluorescence Spectrometer,XRF-1800,일본,Shimadzu,2008-10-31,저활용,100000,계명대학교 산학협력단,사립대학(4년제)
분광분석장비,X-선회절분석기,Multi-Purpose X-ray Diffractometer,XRD-6000,일본,Shimadzu,2008-10-31,저활용,100000,계명대학교 산학협력단,사립대학(4년제)
환경조성형시설장비,풍동/수조시설장비,Thermo regulator type water bath,SCTR-10AW,대한민국,한창엔지니어링,2009-06-16,저활용,11000,계명대학교 산학협력단,사립대학(4년제)
환경조성형시설장비,항온/항습시설장비,Temperature and Humidity Room Chamber,BCTH-A150DU,대한민국,부성,2009-02-16,저활용,18000,계명대학교 산학협력단,사립대학(4년제)
재료물성시험장비,만능피로시험기,500kN Rolling Fatigue Testing Machine,500kN,미국,Mts,2008-10-09,활용,123000,계명대학교 산학협력단,사립대학(4년제)
재료물성시험장비,음향검사장비,Acoustic Emission Testing and analysing System,2 channel AE System Card 외,미국,Physical Acoustics Corporation(PAC),2009-05-27,저활용,41000,계명대학교 산학협력단,사립대학(4년제)
재료물성시험장비,특성평가시스템,250kN Fatigue tester,MTS 250kN,미국,Mts,2008-10-10,활용,111000,계명대학교 산학협력단,사립대학(4년제)
하드웨어,고성능컴퓨터,Imaging workstation,LEICA DM RE,독일,Leica,2002-04-09,불용,5500,계명대학교 산학협력단,사립대학(4년제)
분리분석장비,액체크로마토그래피,H.P.L.C,2695,미국,Waters,2003-12-17,활용,32000,계명대학교 산학협력단,사립대학(4년제)
성형/가공장비,달리 분류되지 않는 성형/가공장비,OSCILLATOR,DW5-06,대한민국,대원정밀,2007-01-04,활용,8600,계명대학교 산학협력단,사립대학(4년제)
분리정제장비,추출기,super speed no pressure herb extractor,COSMOS-450,대한민국,동이,2008-09-11,활용,6400,계명대학교 산학협력단,사립대학(4년제)
반응/혼합/분쇄장비,달리 분류되지 않는 반응/혼합/분쇄장비,food/sterilizing beverage device,1/2-120-15530,대한민국,퓨리존,2008-12-03,활용,6600,계명대학교 산학협력단,사립대학(4년제)
반응/혼합/분쇄장비,분쇄/파쇄기,Pulverizer,KCFM-48,대한민국,(주)코리아메디,2009-11-04,활용,6500,계명대학교 산학협력단,사립대학(4년제)
분리정제장비,추출기,VACUUM EVAPORATOR WITH WATER BATH,COSMOS-660,대한민국,경서이엔피(주),2009-11-04,활용,6400,계명대학교 산학협력단,사립대학(4년제)
반응/혼합/분쇄장비,균질기,Honogenizer,MICM-200,대한민국,한성분체기계,2009-12-21,활용,7100,계명대학교 산학협력단,사립대학(4년제)
바이오제조/분석장비,배양장치,FERMENTER,INNO2006M-500TR,대한민국,이노바이오,2009-12-23,불용,7200,계명대학교 산학협력단,사립대학(4년제)
열유체장비,멸균기,Sterilizer,UHT System,대한민국,삼융엔지니어링,2010-01-06,활용,6800,계명대학교 산학협력단,사립대학(4년제)
분리정제장비,여과기,ULTRA FILTERATION,Tubular Membrane,말레이지아,Porex,2010-01-14,활용,6800,계명대학교 산학협력단,사립대학(4년제)
열유체장비,멸균기,RETORT STERILIZATION,STERI-ACE,대한민국,경한,2010-02-08,활용,6900,계명대학교 산학협력단,사립대학(4년제)
질량분석장비,이차이온질량분석기,INDUCTIVELY COUPLED PLASMA MASS SPECTROMETER,NexION 300D ICP-MS,미국,Perkin Elmer,2014-02-20,활용,45000,계명대학교 산학협력단,사립대학(4년제)
질량분석장비,이차이온질량분석기,INDUCTIVELY COUPLED PLASMA MASS SPECTROMETER,NexION 300D ICP-MS,미국,Perkin Elmer,2014-02-20,활용,41500,계명대학교 산학협력단,사립대학(4년제)
분광분석장비,유도결합플라즈마원자방출분광기,Inductively Coupled Plasma Spectrometer,Optima 7000 DV,미국,Perkin Elmer,2010-12-30,활용,41500,계명대학교 산학협력단,사립대학(4년제)
분광분석장비,수은함량분석기,NFEC-2007-10-004265,NI-20-3D(S),일본,Nippon Instruments Corporation(NIC),2006-02-28,불용,35000,계명대학교 산학협력단,사립대학(4년제)
분리분석장비,액체크로마토그래피,H.P.L.C,2695,미국,Waters,2005-02-18,활용,32000,계명대학교 산학협력단,사립대학(4년제)
장비소프트웨어,연구장비기반소프트웨어,IMAGING ANALYSIS SYSTEM,KOMET 5.5,영국,Andor Technology,2003-11-24,활용,5500,계명대학교 산학협력단,사립대학(4년제)
분리분석장비,자동수질분석기,TN/TP Water Analyzer,Futura,프랑스,Alliance,2010-12-24,불용,35000,계명대학교 산학협력단,사립대학(4년제)
바이오제조/분석장비,달리 분류되지 않는 바이오제조/분석장비,INCUBATOR,MIR153,일본,Sanyo,2002-02-28,활용,3050,계명대학교 산학협력단,사립대학(4년제)
바이오제조/분석장비,달리 분류되지 않는 바이오제조/분석장비,INCUBATOR,MIR153,일본,Sanyo,2002-02-28,활용,25000,계명대학교 산학협력단,사립대학(4년제)
바이오제조/분석장비,달리 분류되지 않는 바이오제조/분석장비,INCUBATOR,MIR153,일본,Sanyo,2002-02-28,활용,30000,계명대학교 산학협력단,사립대학(4년제)
열유체장비,멸균기,AUTO CLAVE,MLS-3780,일본,Sanyo,2002-02-28,활용,5500,계명대학교 산학협력단,사립대학(4년제)
열유체장비,유체정화기,CLEAN BENCH,SW140VS,대한민국,상우과학,2002-01-15,활용,6500,계명대학교 산학협력단,사립대학(4년제)
분광분석장비,자외/가시광분광광도계,SPECTROPHOTOMETER,V-550,일본,Jasco,2003-12-22,활용,10000,계명대학교 산학협력단,사립대학(4년제)
질량/무게/부피/밀도측정장비,전자식저울,ANALYTICAL BALANCE,AB-204S,스위스,Mettler Toledo,2002-07-08,불용,3700,계명대학교 산학협력단,사립대학(4년제)
질량/무게/부피/밀도측정장비,전자식저울,ANALYTICAL BALANCE,METTER AG135,스위스,Mettler Toledo,2002-07-30,불용,3700,계명대학교 산학협력단,사립대학(4년제)
열유체장비,전기/소결로,FURNACE,EYELA TMF3200,일본,Tokyo Rikakikai,2002-08-14,활용,6200,계명대학교 산학협력단,사립대학(4년제)
바이오제조/분석장비,배양장치,incubator,HB1034,대한민국,한백과학(HANBAEK),2002-04-29,활용,50000,계명대학교 산학협력단,사립대학(4년제)
재료물성시험장비,만능피로시험기,1.2 MN Servo-hydraulic Fatigue Testing System,모델명 없음,미국,Mts,2021-09-02,활용,126000,계명대학교 산학협력단,사립대학(4년제)
재료물성시험장비,만능시험기,150 kN Dynamic Actuator,24423 G2,미국,Mts,2021-09-02,활용,32500,계명대학교 산학협력단,사립대학(4년제)
재료물성시험장비,만능시험기,150 kN Dynamic Actuator,24423 G2,미국,Mts,2021-09-02,활용,32500,계명대학교 산학협력단,사립대학(4년제)
재료물성시험장비,만능시험기,250 kN Dynamic Actuator,24431 G2,미국,Mts,2021-09-02,활용,40000,계명대학교 산학협력단,사립대학(4년제)
재료물성시험장비,만능시험기,250 kN Dynamic Actuator,24431 G2,미국,Mts,2021-09-02,활용,40000,계명대학교 산학협력단,사립대학(4년제)
재료물성시험장비,만능시험기,500 kN Dynamic Actuator,24441 G2,미국,Mts,2021-09-02,활용,65000,계명대학교 산학협력단,사립대학(4년제)
재료물성시험장비,만능시험기,500 kN Dynamic Actuator,24441 G2,미국,Mts,2021-09-02,활용,65000,계명대학교 산학협력단,사립대학(4년제)
재료물성시험장비,만능시험기,"1,000 kN Dynamic Actuator",24451 G2,미국,Mts,2021-09-02,활용,110200,계명대학교 산학협력단,사립대학(4년제)
열유체장비,항온/항습기,Environmental Temperature Chamber,모델명 없음,대한민국,Nk테스트,2021-09-02,활용,9100,계명대학교 산학협력단,사립대학(4년제)
하드웨어,저장장치,Data Acquisition System,모델명 없음,대한민국,Nk테스트,2021-09-02,활용,27200,계명대학교 산학협력단,사립대학(4년제)
길이/위치/자세측정장비,달리 분류되지 않는 길이/위치/자세측정장비,3D Scanner,모델명 없음,대한민국,(주)주신산업,2021-09-02,활용,24400,계명대학교 산학협력단,사립대학(4년제)
분광분석장비,유도결합플라즈마원자방출분광기,Nutritional Analysis (14 nutrition facts),Optima 7000 DV,미국,Perkin Elmer,2010-12-30,활용,600000,계명대학교 산학협력단,사립대학(4년제)
현미경,디지털현미경,3D Digital Microscope,KH-8700,일본,Hirox,2013-09-23,활용,18000,금오공과대학교 공동실험실습관,국공립대학(4년제)
분광분석장비,라만분광기,RAMAN,system 1000,영국,Renishaw,2008-11-20,활용,45000,금오공과대학교 공동실험실습관,국공립대학(4년제)
방사선발생/측정장비,달리 분류되지 않는 방사선발생/측정장비,X-ray Flaw detectors,XT H 160,일본,Nikon,2015-10-01,활용,57000,금오공과대학교 공동실험실습관,국공립대학(4년제)
입자분석장비,비표면적측정장비,Brunauer-Emmett-Teller,3Flex,미국,Micromeritics,2016-08-08,활용,36000,금오공과대학교 공동실험실습관,국공립대학(4년제)
온도/열/습도/수분측정장비,열분석기,Differential Scanning Calorimeter,Q2000,미국,Ta Instruments,2013-09-23,활용,42000,금오공과대학교 공동실험실습관,국공립대학(4년제)
신호발생장비,펄스발생장비,Pulse generators,HP81134A,미국,Agilent Technologies,2014-07-10,활용,8000,금오공과대학교 공동실험실습관,국공립대학(4년제)
온도/열/습도/수분측정장비,열분석기,Thermomechanical Analyzer,Q400EM,미국,Ta Instruments,2013-09-23,활용,35000,금오공과대학교 공동실험실습관,국공립대학(4년제)
온도/열/습도/수분측정장비,열분석기,TGA,Q500,미국,Ta Instruments,2005-09-09,불용,28000,금오공과대학교 공동실험실습관,국공립대학(4년제)
온도/열/습도/수분측정장비,열분석기,LFA,LFA 447,독일,Netzsch,2010-07-30,활용,32000,금오공과대학교 공동실험실습관,국공립대학(4년제)
측정시험장비,오실로스코프,Digital Oscilloscope,DPO71604C,미국,Tektronix,2015-08-13,활용,28000,금오공과대학교 공동실험실습관,국공립대학(4년제)
분광분석장비,유도결합플라즈마원자방출분광기,Inductively Coupled Plasma-Optical Emission Spectroscopy,720-ES,미국,Varian,2009-06-12,불용,17000,금오공과대학교 공동실험실습관,국공립대학(4년제)
질량분석장비,플라즈마질량분석기,Inductivity Cupled Plasma- Mass Spectromer,7500,미국,Agilent Technologies,2009-01-05,활용,23000,금오공과대학교 공동실험실습관,국공립대학(4년제)
성형/가공장비,표면가공기,Ion Milling System,IB-09020CP,일본,Jeol,2013-01-15,활용,27000,금오공과대학교 공동실험실습관,국공립대학(4년제)
분광분석장비,푸리에변환적외선분광기,FT-IR,Vertex 80v,독일,Bruker,2007-12-20,불용,20000,금오공과대학교 공동실험실습관,국공립대학(4년제)
현미경,주사전자현미경,Field Emission Scanning Electron Microscope,MAIA 3,체코,"TESCAN, sro",2017-09-21,활용,59000,금오공과대학교 공동실험실습관,국공립대학(4년제)
현미경,주사전자현미경,FESEM,JSM-6701F,일본,Jeol,2009-06-26,불용,53000,금오공과대학교 공동실험실습관,국공립대학(4년제)
현미경,주사전자현미경,FESEM,JSM-6500F,일본,Jeol,2004-01-12,활용,53000,금오공과대학교 공동실험실습관,국공립대학(4년제)
현미경,주사전자현미경,SEM,JSM-6380,일본,Jeol,2005-09-05,활용,35000,금오공과대학교 공동실험실습관,국공립대학(4년제)
현미경,주사탐침현미경,SPM(AFM),XE-100,대한민국,㈜파크시스템스,2008-12-23,활용,52000,금오공과대학교 공동실험실습관,국공립대학(4년제)
분광분석장비,핵자기공명분광기,NMR,AVANCE III 400,독일,Bruker,2007-12-20,활용,27000,금오공과대학교 공동실험실습관,국공립대학(4년제)
현미경,투과전자현미경,TEM,JEM-2100,일본,Jeol,2007-03-22,활용,50000,금오공과대학교 공동실험실습관,국공립대학(4년제)
입자분석장비,입도분석기,Particle Size Analyzer,Mastersizer 3000,영국,Malvern Instruments,2018-09-13,활용,31000,금오공과대학교 공동실험실습관,국공립대학(4년제)
분광분석장비,자외/가시광/적외선분광광도계,UV-VIS-NIR Spectrophotometer,UV-3600Plus,일본,Shimadzu,2018-09-17,활용,21000,금오공과대학교 공동실험실습관,국공립대학(4년제)
재료물성시험장비,만능시험기,Universal testing machine,5969,미국,Instron Corporation,2018-09-14,활용,25000,금오공과대학교 공동실험실습관,국공립대학(4년제)
표면특성측정장비,표면장력/접촉각측정장비,Contact Angle Measuring System,DSA100,독일,KRUSS,2018-09-18,활용,31000,금오공과대학교 공동실험실습관,국공립대학(4년제)
입자분석장비,입도분석기,zeta-potential-Particle Size Analyzer,ELSZ-2000,일본,Otsuka Electronics,2018-09-07,활용,17000,금오공과대학교 공동실험실습관,국공립대학(4년제)
분광분석장비,X-선회절분석기,X-ray Diffractometer (XRD),SmartLab,일본,Rigaku,2019-09-19,활용,55000,금오공과대학교 공동실험실습관,국공립대학(4년제)
길이/위치/자세측정장비,위치/자세측정장비,Thickness measurement,AlphaStep D-500,미국,Kla-tencor,2019-07-09,활용,23000,금오공과대학교 공동실험실습관,국공립대학(4년제)
분광분석장비,광전자분광기,XPS,PHI VersaProbe II,일본,Ulvac-phi,2020-12-28,활용,96000,금오공과대학교 공동실험실습관,국공립대학(4년제)
분광분석장비,유도결합플라즈마원자방출분광기,Inductively Coupled Plasma Optical Emission Spectrometer,iCAP PRO,미국,Thermo Fisher Scientific,2020-10-08,활용,18000,금오공과대학교 공동실험실습관,국공립대학(4년제)
현미경,주사전자현미경,Ultra High resolution Focused ion Beam,Helios 5 UX,미국,FEI,2022-12-30,활용,200000,금오공과대학교 공동실험실습관,국공립대학(4년제)
분광분석장비,X-선회절분석기,X ray Diffractometer,SmartLab,일본,Rigaku,2022-11-11,활용,55000,금오공과대학교 공동실험실습관,국공립대학(4년제)
분리분석장비,원소분석기,Automatic Elemental Analyzer,FlashSmart,미국,Thermo Fisher Scientific,2022-10-20,활용,50000,금오공과대학교 공동실험실습관,국공립대학(4년제)
분광분석장비,푸리에변환적외선분광기,infrared spectrometer,INVENIO-X,독일,Bruker,2021-10-06,활용,20000,금오공과대학교 공동실험실습관,국공립대학(4년제)
현미경,투과전자현미경,Atomic Resolution Analytical Electron Microscope,JEM-ARM200F,일본,Jeol,2021-12-21,활용,200000,금오공과대학교 공동실험실습관,국공립대학(4년제)
분석장비,스펙트럼분석기,Spectrum Analyzer,E4445A,미국,Agilent Technologies,2005-06-24,활용,45000,영남대학교 산학협력단,사립대학(4년제)
성형/가공장비,프레스장비,1000Ton Mechanical Try-out Press and NC Feeder,DE2P-1000,대한민국,동신프레스,2009-07-08,활용,100000,대구기계부품연구원,기타
성형/가공장비,프레스장비,2000Ton Mechanical Try-out Press and NC Feeder,DE4P-2000,대한민국,심팩(SIMPAC),2009-08-25,활용,160000,대구기계부품연구원,기타
전력발생/저장장비,교류/직류전원공급장치,Programmable Power Supply,ES6000W,일본,Nf Corporation,2007-03-28,활용,29000,대구기계부품연구원,기타
길이/위치/자세측정장비,위치/자세측정장비,3D Coordinate Measuring Machine,DEA GLOBAL 7.10.7,스웨덴,hexagon,2011-03-25,활용,32000,대구기계부품연구원,기타
길이/위치/자세측정장비,위치/자세측정장비,3D Coordinate Measuring Machine,PRISMO 10,독일,Carl Zeiss,2003-05-23,활용,80000,대구기계부품연구원,기타
길이/위치/자세측정장비,위치/자세측정장비,3D Coordinate Measuring Machine,CONTURA 7 VAST XT,독일,Carl Zeiss,2004-06-29,활용,50000,대구기계부품연구원,기타
성형/가공장비,프레스장비,500Ton Mechanical Try-out Press,DE2P-500,대한민국,동신프레스,2009-07-08,활용,50000,대구기계부품연구원,기타
장비소프트웨어,달리 분류되지 않는 장비소프트웨어,NVH Analysis System,Test.Lab,벨기에,Lms International,2008-11-28,활용,60000,대구기계부품연구원,기타
분광분석장비,X-선회절분석기,X-ray Diffraction Analysis System,X`Pert PRO MRD,네덜란드,Panalytical,2004-08-17,활용,45000,대구기계부품연구원,기타
재료물성시험장비,만능시험기,High temperature abrasion tester,모델명 없음,대한민국,(주)알앤비,2009-09-04,활용,43000,대구기계부품연구원,기타
재료물성시험장비,만능시험기,High temperature Plate & Draw Bead Tester,모델명 없음,대한민국,(주)알앤비,2009-09-04,활용,20000,대구기계부품연구원,기타
재료물성시험장비,만능시험기,High temperature Sheet Forming System,모델명 없음,대한민국,(주)알앤비,2009-11-26,활용,44000,대구기계부품연구원,기타
절삭장비,선반장비,Tool life evaluation machine CNC Turning machine,GT2100B,대한민국,두산공작기계,2017-12-26,활용,35000,대구기계부품연구원,기타
이미지분석장비,달리 분류되지 않는 이미지분석장비,Tool Geometry Measurement & Analysis Equipment,Infinite Focus G5 with AdvancedReal3D,오스트리아,Alicona,2017-12-18,활용,50000,대구기계부품연구원,기타
광파발생/측정장비,간섭계,Optical 3D Profiling System,Wyko NT8000,미국,Veeco,2004-09-30,활용,15000,대구기계부품연구원,기타
전력발생/저장장비,교류전원공급장치,AC Power Source Simulator,ES12000W,일본,Nf Corporation,2008-12-10,활용,75000,대구기계부품연구원,기타
반도체장비,프로브스테이션,AC Load Tester,PCZ1000A,일본,Kikusui,2010-02-01,활용,41000,대구기계부품연구원,기타
현미경,광학현미경,Optical Microscope,"Zeiss Model 1140224, AXIOVERT 200 MAT",독일,Carl Zeiss,2003-12-01,활용,55000,대구기계부품연구원,기타
길이/위치/자세측정장비,위치/자세측정장비,3D Coordinate Measuring Machine for DIE or JIG,Alpha Image 25.50.15,스웨덴,hexagon,2009-09-11,활용,80000,대구기계부품연구원,기타
카메라/영상처리장비,스캐너,Portable Laser Scanning System,FARO Fusion Arm Systems 12748ㅡ004,미국,Faro,2012-12-20,활용,37000,대구기계부품연구원,기타
장비소프트웨어,계측/분석소프트웨어,flexible multibody dynamic analysis s/w,recurdyn7.3,대한민국,펑션베이㈜,2009-12-22,활용,35000,대구기계부품연구원,기타
재료물성시험장비,만능피로시험기,Dynamic Material Testing System,Landmark,미국,Mts,2011-11-07,활용,60000,대구기계부품연구원,기타
광파발생/측정장비,간섭계,Laser Interferometer,5529B,미국,Agilent Technologies,2008-12-29,활용,50000,대구기계부품연구원,기타
재료물성시험장비,마모시험기,Tribometer,CETRUMT,미국,Cetr,2012-07-24,불용,37000,대구기계부품연구원,기타
현미경,투과전자현미경,Tool measurement vision system for robot prototype manufacturing,VHX-1000E,일본,Keyence,2012-11-28,활용,30000,대구기계부품연구원,기타
성형/가공장비,3D프린터,Rapid Tooling system,sPro 60 SLS,미국,3d Systems,2011-01-18,불용,40000,대구기계부품연구원,기타
성형/가공장비,3D프린터,Robot Parts 3D Printing System,projetHD5000,미국,3d Systems,2013-01-15,불용,45000,대구기계부품연구원,기타
입자분석장비,입도분석기,Micro-bubble size measuring system for prevention of disasters,QICPIC,독일,Sympatec,2012-12-18,활용,38000,대구기계부품연구원,기타
재료물성시험장비,경도시험기,Micro-vickers Hardness Testing Instrument,Tukon 2100 series,독일,Wolpert,2003-06-18,활용,50000,대구기계부품연구원,기타
재료물성시험장비,만능시험기,Universal Testing Machine(for Plastics),5569,미국,Instron Corporation,2003-10-19,활용,50000,대구기계부품연구원,기타
재료물성시험장비,만능시험기,Universal Testing Machine,5592,미국,Instron Corporation,2003-06-20,활용,25000,대구기계부품연구원,기타
힘/토오크/압력/진공측정장비,동력계,Motor Dynamometer System,550190,스위스,Kistler,2013-02-20,활용,150000,대구기계부품연구원,기타
재료물성시험장비,물성분석기,Scratch Tester,REVETEST,스위스,CSM Instruments,2003-09-14,불용,34000,대구기계부품연구원,기타
측정시험장비,전지/충방전측정시험장비,Battery Test System,61612,대만,Chroma ATE,2012-05-10,불용,36000,대구기계부품연구원,기타
절삭장비,복합장비,Hybrid robot precise manufacturing system,VARIAXIS 500-5X MK3,일본,Yamazaki Mazak,2011-11-03,활용,100000,대구기계부품연구원,기타
재료물성시험장비,부식시험기,Corrosion Cycling Tester,kkwt1000,독일,Weiss Technik,2012-09-06,불용,38000,대구기계부품연구원,기타
재료물성시험장비,진동내구시험장비,Combined Environmental Vibration Test System,J250/SA6M,일본,Imv Corporation,2009-04-01,활용,70000,대구기계부품연구원,기타
길이/위치/자세측정장비,달리 분류되지 않는 길이/위치/자세측정장비,Ball Bar System,QC,영국,Renishaw,2008-12-29,활용,30000,대구기계부품연구원,기타
재료물성시험장비,분진시험기,Dust Chamber,ST-1000U,독일,Weiss Technik,2012-09-25,불용,37000,대구기계부품연구원,기타
길이/위치/자세측정장비,위치/자세측정장비,None Contact 3-coordinate Measuring Machine,VideoCheckIP 600,독일,Werth Messtechnik,2004-09-30,활용,80000,대구기계부품연구원,기타
물리적측정장비,달리 분류되지 않는 물리적측정장비,Optical Emission Spectrometer,ARL 3460,스위스,Thermo ARL,2003-11-22,활용,40000,대구기계부품연구원,기타
장비소프트웨어,설계/생산소프트웨어,DEFORM,DEFORM 2D/3D,미국,Sftc,2009-02-13,활용,50000,대구기계부품연구원,기타
장비소프트웨어,연구장비기반소프트웨어,PAM-STAMP,PAM-STAMP 2G,프랑스,Esi,2009-01-09,활용,50000,대구기계부품연구원,기타
절삭장비,밀링장비,Horizontal machining center,HM800,대한민국,두산인프라코어,2010-11-18,활용,70000,대구기계부품연구원,기타
열유체장비,전기/소결로,Spark Plasma Sintering System,SPS-3.20MK-V,일본,Sps Syntex,2007-04-26,활용,125000,대구기계부품연구원,기타
카메라/영상처리장비,기타특수카메라,motion capture system for disaster prevention robot,MX-T20S,영국,Vicon,2013-01-24,활용,32000,대구기계부품연구원,기타
기계가공/시험장비,달리 분류되지 않는 기계가공/시험장비,Control simulator system for safety disaster prevention robot,Virtuose DELMIA V5,프랑스,Dassault Systemes,2012-03-12,불용,60000,대구기계부품연구원,기타
온도/열/습도/수분측정장비,열분석기,Thermal Analysis System,"Pyris Diamond TG/DTA, Pyris Diamond TGA",미국,Perkin Elmer,2004-06-25,활용,55000,대구기계부품연구원,기타
재료물성시험장비,열충격시험기,Thermal Shock Test Chamber,TS 60,독일,Weiss Technik,2012-10-05,활용,18000,대구기계부품연구원,기타
재료물성시험장비,열충격시험기,Thermal Shock Chamber,CST 360/3T3,이탈리아,Angelantoni Industrie,2003-12-20,불용,340000,대구기계부품연구원,기타
카메라/영상처리장비,열화상카메라,Thermal Imaging System,P25,미국,Flir Systems,2006-09-19,활용,30000,대구기계부품연구원,기타
측정시험장비,오실로스코프,Digital Osillocope,DPO7104,미국,Tektronix,2006-09-14,활용,14000,대구기계부품연구원,기타
분광분석장비,푸리에변환적외선분광기,Fourier-Transform Infrared Spectrometer,Nicolet 5700,미국,Thermo Electron,2004-10-20,활용,33000,대구기계부품연구원,기타
분광분석장비,X-선형광분석기,ICP/OES,ARCOS,미국,Ametek,2011-03-28,활용,60000,대구기계부품연구원,기타
입자분석장비,입도분석기,Particle Size Analyzer,LS 13 320,미국,Beckman Coulter,2004-11-01,활용,25000,대구기계부품연구원,기타
현미경,주사전자현미경,Field Emission Scanning Electron Microscope with EDX system,S-4300,일본,Hitachi,2003-06-20,활용,55000,대구기계부품연구원,기타
카메라/영상처리장비,스캐너,Laser Tracker System,Laser Scanner Focus 3D,미국,Faro,2012-05-21,활용,40000,대구기계부품연구원,기타
재료물성시험장비,가속수명시험기,Super Xenon Weather Meter,SX 75,일본,Suga Test Instruments,2004-10-01,불용,11000,대구기계부품연구원,기타
재료물성시험장비,진동내구시험장비,Vehicle Simulator,모델명 없음,대한민국,엔진텍,2013-05-16,활용,150000,대구기계부품연구원,기타
재료물성시험장비,가속수명시험기,Highly Accelerated Life Testing Machine,VTC-9,미국,Hanse Environmental,2005-02-28,불용,50000,대구기계부품연구원,기타
절삭장비,보링장비,Ultra Precision JIg Boring machine,YBM 10T,일본,Yasda,2010-01-12,활용,130000,대구기계부품연구원,기타
음향/소음/진동/충격/초음파측정장비,평형시험/충격시험기,Impact Testing Machine(Drop Weight type),9250HV,미국,Instron Corporation,2003-06-20,불용,30000,대구기계부품연구원,기타
질량분석장비,달리 분류되지 않는 질량분석장비,Carbon/Sulfur Determinator,CS200,미국,Leco,2003-09-26,활용,17000,대구기계부품연구원,기타
측정시험장비,전압/전류/전력측정시험장비,Power Analyzer,WT3000,일본,Yokogawa Electric Corporation,2007-04-13,활용,93000,대구기계부품연구원,기타
힘/토오크/압력/진공측정장비,중력/압력/진공측정장비,Grasping Force Measuring System,GRIP FScan CONFORMat,미국,F-scan,2012-03-30,불용,30000,대구기계부품연구원,기타
표면특성측정장비,표면거칠기/미세구조측정장비,Surface Roughness Measuring Machine,Form TALYSURF PGI,영국,Taylor Hobson,2003-06-09,활용,10000,대구기계부품연구원,기타
측정시험장비,전압/전류/전력측정시험장비,Programmable DC Power Test Unit,PAS 40-27,일본,Kikusui,2010-02-05,활용,30000,대구기계부품연구원,기타
열유체장비,항온/항습기,Climatic Test Chamber,C-70/200,독일,Cts,2004-12-28,활용,90000,대구기계부품연구원,기타
열유체장비,항온/항습기,Climatic Test Chamber,C-40/200,독일,Cts,2007-05-07,활용,4000,대구기계부품연구원,기타
열유체장비,항온/항습기,Climatic Test Chamber,C-40/350,독일,Cts,2007-05-07,활용,4000,대구기계부품연구원,기타
재료물성시험장비,염수분무시험기,Salt Spray Tester,CAP-110,일본,Suga Test Instruments,2004-12-28,활용,1000,대구기계부품연구원,기타
길이/위치/자세측정장비,달리 분류되지 않는 길이/위치/자세측정장비,MahrSurf XC 10,Mahrsurf XC20,독일,Mahr,2003-06-19,활용,20000,대구기계부품연구원,기타
분석장비,신호분석기,Transient Test System,MEC-Tran07001S,스위스,Rohdeamp;Schwarz 외,2007-04-01,활용,150000,대구기계부품연구원,기타
재료물성시험장비,경도시험기,Rockwell Hardness Tester,TESTER 2000,미국,Wolpert Europe,2003-06-18,활용,15000,대구기계부품연구원,기타
카메라/영상처리장비,스캐너,3D Scanning Measurement System,Coment 5,독일,Steinbichler,2008-12-01,활용,50000,대구기계부품연구원,기타
장비소프트웨어,연구장비기반소프트웨어,Rapid Form,"XOR3, XOV3",대한민국,아이너스기술,2012-10-31,활용,40000,대구기계부품연구원,기타
재료물성시험장비,특성평가시스템,Friction Test Machine,TE77 AUTO,영국,Phoenix Tribology,2003-07-13,활용,50000,대구기계부품연구원,기타
재료물성시험장비,만능피로시험기,compact fatigue tester,MTS-25KN,미국,Mts,2007-04-01,활용,60000,대구기계부품연구원,기타
성형/가공장비,프레스장비,(200Ton Mechanical Gear Servo Press),SV1P200,대한민국,㈜SIMPAC,2009-09-15,활용,50000,대구기계부품연구원,기타
측정시험장비,전자파측정시험장비,EMC Test System,MEC-EMC07001S,독일,Rohdeamp;amp;amp;amp;Schwarz 외,2007-04-01,활용,250000,대구기계부품연구원,기타
측정시험장비,절연/누설/정전기측정시험장비,ESD Test System,MEC-ESD07001S,스위스,Rohdeamp;Schwarz 외,2007-04-01,활용,150000,대구기계부품연구원,기타
분광분석장비,자외/가시광분광광도계,(UV)(UV-VIS Spectrometer),UV-1650PC,일본,Shimadzu,2007-02-08,활용,30000,대구기계부품연구원,기타
장비소프트웨어,달리 분류되지 않는 장비소프트웨어,Balancing Measurement System of Rotating Equipments,N500,이탈리아,Cemb,2008-08-19,활용,32000,대구기계부품연구원,기타
질량분석장비,기체크로마토그래피질량분석기,Gas Chromatography Mass Spectrometer,QP2010Plus,일본,Shimadzu,2007-02-08,활용,100000,대구기계부품연구원,기타
분광분석장비,광전자분광기,(CT) Xray 검사장비(Micro focus X-Ray CT System),inspeXio SMX-225CT,일본,Shimadzu,2008-09-12,활용,150000,대구기계부품연구원,기타
재료물성시험장비,경도시험기,Brinell Hardness Tester,AOB #2,미국,Tinius Olsen,2003-06-19,활용,15000,대구기계부품연구원,기타
재료물성시험장비,염수분무시험기,Cyclic Corrosion Test Chamber,CYP-90,일본,Suga Test Instruments,2008-05-30,불용,5000,대구기계부품연구원,기타
재료물성시험장비,염수분무시험기,(Salt Spray Tester),CAP-90V,일본,Suga Test Instruments,2008-06-25,활용,1000,대구기계부품연구원,기타
재료물성시험장비,진동내구시험장비,Compact Vibration Shaker,i220/SA1M,일본,Imv Corporation,2009-03-30,활용,30000,대구기계부품연구원,기타
재료물성시험장비,특성평가시험기,Instrumented Pendulum Impact Tester,RKP450&5113,독일,Zwick Roell,2004-09-10,활용,50000,대구기계부품연구원,기타
열유체장비,항온/항습기,Temp. & Humid Chamber,C600-40/C1000-40,독일,Weiss Technik,2008-04-17,활용,90000,대구기계부품연구원,기타
장비소프트웨어,달리 분류되지 않는 장비소프트웨어,Moldflow,모델명 없음,미국,Moldflow,2005-12-22,활용,50000,대구기계부품연구원,기타
장비소프트웨어,달리 분류되지 않는 장비소프트웨어,MSC,Msc Patran,미국,Msc Software,2005-12-22,활용,50000,대구기계부품연구원,기타
장비소프트웨어,계측/분석소프트웨어,MSC ACTRAN,ACTRAN v2005,미국,Msc Software,2005-12-22,활용,50000,대구기계부품연구원,기타
재료물성시험장비,만능시험기,Transverse Rupture Strength Testing Machine,5982,미국,Instron Corporation,2018-02-01,활용,50000,대구기계부품연구원,기타
현미경,광학현미경,Opical Microscope,ECLIPSE LV150N,일본,Nikon,2017-12-27,활용,35000,대구기계부품연구원,기타
절삭장비,복합장비,Ultraprecision 5 axis Hybrid Machining System,650FG v2,미국,Moore Nanotechnology Systems,2018-12-21,활용,200000,대구기계부품연구원,기타
힘/토오크/압력/진공측정장비,동력계,Measurement Equipment for Micro Cutting Forces,MiniDyn 9119AA2 / 5080A / 5697A,스위스,Kistler,2018-09-17,활용,50000,대구기계부품연구원,기타
현미경,주사전자현미경,High resolution FE-SEM with EBSD (JEOL JSM-7900F),JSM-7900F,일본,Jeol,2018-12-07,활용,100000,대구기계부품연구원,기타
절삭장비,밀링장비,Vertical machining center,NX6500II,대한민국,두산공작기계,2018-12-14,활용,72000,대구기계부품연구원,기타
성형/가공장비,레이저가공기,Laser machine for cutting tools,Lasertec 20,독일,Dmg Mori,2018-12-19,활용,159000,대구기계부품연구원,기타
열유체장비,전기/소결로,Gas Pressure Sintering Furnace,GPS-200-100B,대한민국,삼양세라텍,2018-12-31,활용,130000,대구기계부품연구원,기타
성형/가공장비,프레스장비,Oil Press,HLP-A50-DC,대한민국,㈜한테크,2019-01-04,활용,40000,대구기계부품연구원,기타
현미경,광학현미경,Tool and sample surface analysis device,VHX-5000,일본,Keyence,2017-11-23,활용,30000,대구기계부품연구원,기타
절삭장비,연삭/연마장비,Universal Precision Tool Grinding Machine,EWAMATIC LINEAR,스위스,EWAG,2019-01-24,활용,180000,대구기계부품연구원,기타
길이/위치/자세측정장비,위치/자세측정장비,3D Coordinate Measuring Machine for DIE or JIG,Alpha Image 25.50.15,스웨덴,hexagon,2009-09-11,활용,50000,대구기계부품연구원,기타
재료물성시험장비,만능피로시험기,robot shock tester,95/115,미국,Lansmont,2013-04-24,활용,50000,대구기계부품연구원,기타
재료물성시험장비,경도시험기,High temperature hardness testing machine,TriboLab,독일,Bruker,2019-12-09,활용,70000,대구기계부품연구원,기타
자기력발생/측정/응용장비,자기력측정장비,Magnetic Property Measurement System,SJ-SM-2000A,대한민국,석진산업,2020-01-06,활용,50000,대구기계부품연구원,기타
온도/열/습도/수분측정장비,열전도도/열상수측정기,Thermal Conductivity Tester,LFA-467,독일,Netzsch,2019-12-09,활용,60000,대구기계부품연구원,기타
반응/혼합/분쇄장비,분쇄/파쇄기,High Power Mechanical Alloying Equipment,08-626cWC,미국,The Jet Pulverizer,2020-03-09,활용,90000,대구기계부품연구원,기타
열유체장비,압력장비,Cold Isostatic Press Equipment,WIP-300600-40000B,대한민국,삼양세라텍,2020-03-19,활용,150000,대구기계부품연구원,기타
열유체장비,전기/소결로,Hot Isostatic Press Sintering,AIP12-30H,미국,American Isostatic Presses(AIP),2020-12-29,활용,1000000,대구기계부품연구원,기타
반도체장비,스퍼터,PVD Equipment with Multiple Deposition Sources,CC800 HiPIMS,일본,Cemecon,2020-12-16,활용,300000,대구기계부품연구원,기타
현미경,투과전자현미경,Field Emission Electron Microscope TEM (JEM-2100F),JEM-2100F,일본,Jeol,2005-02-28,활용,150000,대구기계부품연구원,기타
절삭장비,절단장비,3D Laser Shearing Machine,SJ-RC2000,중국,SEJONGTECH,2023-03-29,활용,60000,대구기계부품연구원,기타
질량분석장비,이차이온질량분석기,Inductively coupled plasma mass spectrometer,NexION 300X,미국,Perkin Elmer,2011-02-22,활용,50000,포항테크노파크,지자체출연연구기관
현미경,공초점현미경,Super resolution Microscope,Nikon N-SIM/Nikon N-STORM,일본,Nikon,2011-06-07,활용,100000,포항테크노파크,지자체출연연구기관
전문의학용특수장비,수의학/실험동물검사장비,PET/SPECT/CT (INVEON Multimodal System),INVEON,독일,Siemens,2011-09-15,활용,150000,포항테크노파크,지자체출연연구기관
반응/혼합/분쇄장비,시료절편기,Cryotome,CM1850,독일,Leica,2011-04-01,활용,9000,포항테크노파크,지자체출연연구기관
열유체장비,멸균기,steam sterilizer,,네덜란드,Tuttnauer,2011-06-21,불용,3000,포항테크노파크,지자체출연연구기관
생물사육/실험시설장비,동물사육/실험시설장비,IVC rack system,Micro-safe,싱가포르,Linair bio science,2011-06-29,불용,5000,포항테크노파크,지자체출연연구기관
생물사육/실험시설장비,동물사육/실험시설장비,IVC rack system,Micro-safe,싱가포르,Linair bio science,2011-06-29,불용,5000,포항테크노파크,지자체출연연구기관
분리분석장비,전기영동장치,Bioanalysis verification system,2100,미국,Agilent Technologies,2010-06-08,활용,107000,포항테크노파크,지자체출연연구기관
바이오제조/분석장비,유전자추출장치,Automated nucleic acid extractor,QIAcube,독일,Qiagen,2010-06-18,저활용,10000,포항테크노파크,지자체출연연구기관
분리분석장비,액체크로마토그래피,HPLC-FLD,Flexar SQ 300 MS,미국,Perkin Elmer,2010-09-09,활용,39000,포항테크노파크,지자체출연연구기관
전문의학용특수장비,수의학/실험동물검사장비,Auto Chemistry analyzer,BS390,중국,Shenzhen Mindray Bio-electronics,2010-07-15,활용,30000,포항테크노파크,지자체출연연구기관
질량분석장비,액체크로마토그래피질량분석기,LTQ-Orbitrap MSn Spectrometic system,LTQ Orbitrap Velos Pro,미국,Thermo Fisher Scientific,2010-11-02,활용,250000,포항테크노파크,지자체출연연구기관
전문의학용특수장비,수의학/실험동물검사장비,Complete blood counter,Medonic CA-620-vet,미국,Medonic,2010-10-31,활용,8000,포항테크노파크,지자체출연연구기관
입자분석장비,제타전위측정기,Particle size and zeta potential analyzer,Zetatrac NPA152,미국,Microtrac,2010-07-09,활용,11000,포항테크노파크,지자체출연연구기관
분리분석장비,액체크로마토그래피,High Performance Liquid Chromatograph(PDA),Flexar SQ 300 MS,미국,Perkin Elmer,2010-07-28,활용,30000,포항테크노파크,지자체출연연구기관
분광분석장비,자외/가시광분광광도계,Ultracentrifuge,Sorvall WX,미국,Thermo Fisher Scientific,2010-07-08,활용,11000,포항테크노파크,지자체출연연구기관
바이오제조/분석장비,마이크로플레이트리더,Milti-Functional Microplate Reader,INFINITE M200PRO,스위스,Tecan,2010-08-11,활용,8000,포항테크노파크,지자체출연연구기관
바이오제조/분석장비,유전자증폭장치,"Real-time PCR, PCR",CFX96,미국,Bio-rad,2010-06-08,활용,10000,포항테크노파크,지자체출연연구기관
분리정제장비,수처리장비,Ultrapure water system,Milli-Q A10,미국,Millipore,2010-07-15,활용,4000,포항테크노파크,지자체출연연구기관
분리분석장비,가스크로마토그래피,GC-FID (Shimadzu GC-2010 Plus),GC-2010 Plus,일본,Shimadzu,2010-06-18,활용,28000,포항테크노파크,지자체출연연구기관
분리정제장비,수처리장비,Ultrapure water system,Milli-Q A10,미국,Millipore,2010-07-15,활용,4000,포항테크노파크,지자체출연연구기관
질량분석장비,기체크로마토그래피질량분석기,GC-MS (Shimadzu GCMS-QP2010 Plus),GCMS-QP2010 Plus,일본,Shimadzu,2010-09-30,활용,40000,포항테크노파크,지자체출연연구기관
전문의학용특수장비,수의학/실험동물검사장비,Multi-channel blood pressure system,BP-2000,미국,Visitech Systems,2010-07-31,활용,25000,포항테크노파크,지자체출연연구기관
열유체장비,건조기,Freeze dryer,FreeZone 12 Liter Console Freeze Dry System,미국,Labconco,2010-11-23,활용,30000,포항테크노파크,지자체출연연구기관
이미지분석장비,생체내화학형광이미지분석기,Animal in-vivo imaging analyzer (IVIS Spectrum),IVIS Spectrum,미국,Caliper Life Sciences,2010-12-31,활용,22000,포항테크노파크,지자체출연연구기관
분리분석장비,가스크로마토그래피,GC-ECD/NPD,GC-2010 Plus,일본,Shimadzu,2010-06-18,활용,29000,포항테크노파크,지자체출연연구기관
전문의학용특수장비,수의학/실험동물검사장비,Trimodality imaging system,INVEON,독일,Siemens,2011-09-15,활용,150000,포항테크노파크,지자체출연연구기관
분광분석장비,자외/가시광분광광도계,UV/VIS Spectrophotometer,"UV-2450,UV-2550",일본,Shimadzu,2008-09-12,활용,10000,대구한의대학교 산학협력단,사립대학(4년제)
분리분석장비,가스크로마토그래피,7890A GC,7890A,미국,Agilent Technologies,2009-12-18,활용,55000,대구한의대학교 산학협력단,사립대학(4년제)
질량분석장비,기체크로마토그래피질량분석기,Gas Chromatograph Mass Spectroscopy,6890N/5975 inert GC/MSD,미국,Agilent Technologies,2005-10-27,활용,57000,대구한의대학교 산학협력단,사립대학(4년제)
분리분석장비,가스크로마토그래피,Haedspace Autosampler,HT3,미국,Teledyne Tekmar,2009-12-18,활용,53000,대구한의대학교 산학협력단,사립대학(4년제)
분리분석장비,액체크로마토그래피,High Performance Liquid Chromatography,Ultra Performance LC,미국,Waters,2007-11-16,활용,65000,대구한의대학교 산학협력단,사립대학(4년제)
분리분석장비,액체크로마토그래피,High Performance Liquid Chromatograph,e2695,미국,Waters,2011-12-01,활용,65000,대구한의대학교 산학협력단,사립대학(4년제)
분리정제장비,증류/농축기,Big Scale Evaporator,N-21NS,일본,Tokyo Rikakikai,2004-03-31,활용,30000,대구한의대학교 산학협력단,사립대학(4년제)
열유체장비,건조기,Freezer Dryer,FreeZone 6 Liter Console Freeze Dry System,미국,Labconco,2007-09-20,활용,4000,대구한의대학교 산학협력단,사립대학(4년제)
바이오제조/분석장비,마이크로플레이트리더,Microplate Readers,INFINITE M200PRO,스위스,Tecan,2009-12-16,유휴,15000,대구한의대학교 산학협력단,사립대학(4년제)
분리정제장비,원심분리기,Centrifugal separator,5810R,독일,Eppendorf,2008-10-07,활용,4000,대구한의대학교 산학협력단,사립대학(4년제)
분리분석장비,박막크로마토그래피,Thin-layer Chromatograph,TLC System,스위스,Camag,2005-10-11,활용,30000,대구한의대학교 산학협력단,사립대학(4년제)
분리정제장비,증류/농축기,Rotary Evaporator,N1000SW,일본,Tokyo Rikakikai,2004-03-31,활용,11000,대구한의대학교 산학협력단,사립대학(4년제)
분리정제장비,증류/농축기,High Throughput Centrifugal Evaporator,EZ-2 Plus,영국,Genevac,2008-11-14,활용,7000,대구한의대학교 산학협력단,사립대학(4년제)
분광분석장비,수은함량분석기,Automatic Mercury Analyzer,SP-3DS,일본,Nippon Instruments Corporation(NIC),2005-11-11,활용,36000,대구한의대학교 산학협력단,사립대학(4년제)
분광분석장비,유도결합플라즈마원자방출분광기,Inductively Coupled Plasma Spectrometer,iCAP 6300 DUO,미국,Thermo Fisher Scientific,2007-11-07,활용,40000,대구한의대학교 산학협력단,사립대학(4년제)
분광분석장비,자외/가시광분광광도계,SPF Analyzer,SPF-290AS,미국,Solar Light,2017-01-23,활용,50000,대구한의대학교 산학협력단,사립대학(4년제)
바이오제조/분석장비,자동화분주장치,Automatic Sample Preparation System for Residual Pesticide,Automated Sample preparation System,독일,Lc Tech,2007-11-09,활용,45000,대구한의대학교 산학협력단,사립대학(4년제)
분리정제장비,추출기,Automatic Soxhlet Extraction System,Soxtherm Sox416,독일,Gerhardt,2008-11-14,활용,10000,대구한의대학교 산학협력단,사립대학(4년제)
화합물전처리/분석장비,달리 분류되지 않는 화합물전처리/분석장비,Automatic Sample Preparation System for Sulfuric Oxide,TT A,독일,Gerhardt,2008-11-14,활용,28000,대구한의대학교 산학협력단,사립대학(4년제)
바이오제조/분석장비,달리 분류되지 않는 바이오제조/분석장비,Automatic Potentiometric Titrator,AT-500N(Titrino Plus),일본,Kyoto Electronics Manufacturing(KEM),2005-11-10,활용,14000,대구한의대학교 산학협력단,사립대학(4년제)
반응/혼합/분쇄장비,반응장비,Trace Metal Digestion System,SMA-20A,독일,Gerhardt,2008-11-14,활용,45000,대구한의대학교 산학협력단,사립대학(4년제)
분리정제장비,증류/농축기,Rotary Vacuum Evaporator,R-220,스위스,Buchi,2008-11-04,활용,30000,대구한의대학교 산학협력단,사립대학(4년제)
분리분석장비,액체크로마토그래피,Ultra Performance Liquid Chromatograph,Ultra Performance LC,미국,Waters,2006-03-10,활용,64000,대구한의대학교 산학협력단,사립대학(4년제)
질량분석장비,액체크로마토그래피질량분석기,High Performance Liquid Chromatograph & Mass Spectrometer,Triple Stage Quadrupole,미국,Waters,2007-06-08,활용,68000,대구한의대학교 산학협력단,사립대학(4년제)
반응/혼합/분쇄장비,반응장비,Microwave,MARSXpress,미국,Cem,2008-10-15,저활용,40000,대구한의대학교 산학협력단,사립대학(4년제)
재료물성시험장비,온습도시험기,Temp & Humid Chamber,HST-105SP (4Chamber),대한민국,한백과학(HANBAEK),2009-12-15,활용,4000,대구한의대학교 산학협력단,사립대학(4년제)
카메라/영상처리장비,스캐너,3D Scan,모델명 없음,미국,제작사명 없음,2016-02-19,활용,70000,대구한의대학교 산학협력단,사립대학(4년제)
성형/가공장비,3D프린터,3D Printer,ProJet 660 Pro,미국,3d Systems,2016-02-19,저활용,500000,대구한의대학교 산학협력단,사립대학(4년제)
바이오제조/분석장비,유전자증폭장치,PCR System,Mastercycler Nexus GSX1,독일,Eppendorf,2015-08-25,활용,270000,대구한의대학교 산학협력단,사립대학(4년제)
바이오제조/분석장비,배양장치,Incubator 105L,WIG-105,대한민국,대한과학,2011-12-04,활용,30000,대구한의대학교 산학협력단,사립대학(4년제)
바이오제조/분석장비,배양장치,Incubator 155L,WIG-155,대한민국,대한과학,2011-07-30,활용,30000,대구한의대학교 산학협력단,사립대학(4년제)
분석장비,스펙트럼분석기,signal analyzer,N9030A,미국,Agilent Technologies,2011-06-01,활용,22500,영남대학교 산학협력단,사립대학(4년제)
분석장비,신호분석기,Frequency Response Analyzer,FRA5097,일본,Nf Corporation,2010-02-09,활용,30000,영남대학교 산학협력단,사립대학(4년제)
분광분석장비,X-선형광분석기,Bench top X-ray Fluorescence Analyzer,SEA 1000A II,일본,Seiko Instruments,2013-02-26,활용,35000,영남대학교 산학협력단,사립대학(4년제)
분광분석장비,X-선회절분석기,X-ray Diffractometer (MPD for thin film),XPert PRO,네덜란드,Panalytical,2008-08-11,활용,18000,영남대학교 산학협력단,사립대학(4년제)
분광분석장비,X-선회절분석기,X-ray Diffractometer(MPP for Bulk),XPERT PRO,네덜란드,Panalytical,2008-08-11,활용,18000,영남대학교 산학협력단,사립대학(4년제)
분광분석장비,광전자분광기,X-ray Photoelectron Spectrometer,K-Alpha,미국,Thermo Fisher Scientific,2014-05-12,활용,120000,영남대학교 산학협력단,사립대학(4년제)
분광분석장비,유도결합플라즈마원자방출분광기,Inductively Coupled Plasma- Optical Emission Spectrometer,OPTIMA8300,미국,Perkin Elmer,2012-11-08,활용,50000,영남대학교 산학협력단,사립대학(4년제)
현미경,투과전자현미경,Field Emission- Transmission Electron Microscope,Technai G2 F20,미국,FEI,2009-01-22,활용,220000,영남대학교 산학협력단,사립대학(4년제)
현미경,주사전자현미경,Field Emission -Scanning Electron Microscope,S-4800,일본,Hitachi,2008-08-11,활용,60000,영남대학교 산학협력단,사립대학(4년제)
현미경,주사전자현미경,Field Emission -Scanning Electron Microscope,S-4200,일본,Hitachi,1998-02-10,활용,48000,영남대학교 산학협력단,사립대학(4년제)
현미경,주사탐침현미경,Scanning Probe Microscope / Atomic Force Microscope,Nanoscope Ⅲa,미국,Digital Instruments,1999-08-09,활용,48000,영남대학교 산학협력단,사립대학(4년제)
현미경,투과전자현미경,Transmission Electron Microscope(120KV),H-7600,일본,Hitachi,2002-01-10,활용,72000,영남대학교 산학협력단,사립대학(4년제)
하드웨어,저장장치,3D Optical Digitizing system,ATOS II,독일,Gom,2014-02-03,활용,40000,경운대학교 산학협력단,사립대학(4년제)
측정시험장비,무선시스템측정시험장비,Quick SAR Measurement System,Essay Quick,대한민국,이엠에프 세이프티,2011-12-22,활용,50000,경운대학교 산학협력단,사립대학(4년제)
측정시험장비,무선시스템측정시험장비,Wideband Radio Communication Tester,CMW500,독일,Rohde&Schwarz,2014-11-27,활용,50000,경운대학교 산학협력단,사립대학(4년제)
분석장비,벡터네트워크분석기,Network Analyzer,E5071B,미국,Agilent Technologies,2004-02-25,활용,30000,경운대학교 산학협력단,사립대학(4년제)
분석장비,벡터네트워크분석기,Network Analyzer,MS4623B,일본,Anritsu,2005-04-28,활용,10000,경운대학교 산학협력단,사립대학(4년제)
측정시험장비,오실로스코프,Digital Mixer Oscilloscope,DPO4104B,미국,Tektronix,2011-11-14,활용,10000,경운대학교 산학협력단,사립대학(4년제)
분석장비,벡터네트워크분석기,Vector Signal Generator,E4438C,미국,Agilent Technologies,2004-02-25,활용,20000,경운대학교 산학협력단,사립대학(4년제)
분석장비,스펙트럼분석기,Spectrum Analyzer,E4440A,미국,Agilent Technologies,2004-02-25,활용,20000,경운대학교 산학협력단,사립대학(4년제)
카메라/영상처리장비,스캐너,Portable 3D Color Scanner,GO SCAN 20,캐나다,Creaform,2018-01-31,활용,37000,경운대학교 산학협력단,사립대학(4년제)
측정시험장비,전자파측정시험장비,EMC Scanner,RCE25,대한민국,이레테크,2011-12-21,활용,30000,경운대학교 산학협력단,사립대학(4년제)
측정시험장비,전자파측정시험장비,SAR Measurement System,DASY4 Professional,스위스,Schmid &PARTNER Engineering AG,2004-02-14,활용,2000000,경운대학교 산학협력단,사립대학(4년제)
측정시험장비,전자파측정시험장비,SAR Measurement System,Dasy6,스위스,Speag,2016-02-03,활용,2000000,경운대학교 산학협력단,사립대학(4년제)
표면특성측정장비,표면거칠기/미세구조측정장비,Surface Roughness/Contour Measuring System,SV-C3200S4,일본,Mitutoyo,2016-12-26,활용,20000,경운대학교 산학협력단,사립대학(4년제)
길이/위치/자세측정장비,위치/자세측정장비,Computer Numeric Control CMM(Coordinated Measuring Machine),CRYSTA-Apex S 574,일본,Mitutoyo,2016-12-26,활용,30000,경운대학교 산학협력단,사립대학(4년제)
성형/가공장비,3D프린터,3D Printer,EDEN350,이스라엘,Objet,2013-01-09,활용,50000,경운대학교 산학협력단,사립대학(4년제)
열유체장비,항온/항습기,Temperature & Humidity Chamber,TH-G-408,대한민국,㈜제이오텍,2011-11-09,활용,20000,경운대학교 산학협력단,사립대학(4년제)
카메라/영상처리장비,스캐너,Handheld Laser 3D Scanner,MetraSCAN 3D,캐나다,Creaform,2018-02-09,활용,47000,경운대학교 산학협력단,사립대학(4년제)
장비소프트웨어,달리 분류되지 않는 장비소프트웨어,Quality Assurance sofeware,Polyworks,대한민국,이노브매트릭,2018-02-09,활용,37000,경운대학교 산학협력단,사립대학(4년제)
장비소프트웨어,계측/분석소프트웨어,Reverse Engineering Software,DesignX,미국,3d Systems,2018-01-18,활용,36000,경운대학교 산학협력단,사립대학(4년제)
카메라/영상처리장비,열화상카메라,thermal camera,TI400,미국,FLUKE,2013-12-19,활용,5000,경운대학교 산학협력단,사립대학(4년제)
장비소프트웨어,연구장비기반소프트웨어,ICAD PLUS,iCAD/SX Mechaniacl iCAD Plus,일본,ICAD LTD.,2019-08-23,활용,32000,경운대학교 산학협력단,사립대학(4년제)
측정시험장비,달리 분류되지 않는 측정시험장비,CoMeT RF cable Test System,CoMeT 40/T-E,독일,Bedea,2018-12-21,활용,500000,경운대학교 산학협력단,사립대학(4년제)
카메라/영상처리장비,스캐너,Broadband 3D Scanner,RTC360,스위스,Leica Geosystems,2019-10-25,활용,40000,경운대학교 산학협력단,사립대학(4년제)
성형/가공장비,3D프린터,3D Rapid Prototyping System,Projet 3500 3D Printers,미국,3d Systems,2013-06-14,활용,24000,대구경북과학기술원,기타
현미경,공초점현미경,3D measuring microscope,LSM 700,독일,Carl Zeiss,2012-01-31,활용,19200,대구경북과학기술원,기타
분광분석장비,X-선형광분석기,High resolution X-ray Fluorescence,Axios mAX,네덜란드,Panalytical,2012-02-09,활용,27600,대구경북과학기술원,기타
분광분석장비,X-선회절분석기,High resolution X-ray diffractometer,Empyrean,네덜란드,Panalytical,2012-02-09,활용,36000,대구경북과학기술원,기타
현미경,주사전자현미경,High Resolution Field Emission Scanning Electron Microscope,SU8020,일본,Hitachi,2012-03-19,활용,48000,대구경북과학기술원,기타
반도체장비,식각장비,Dielectric ICP Etcher System,FabStar,대한민국,(주)티티엘,2012-04-09,활용,54000,대구경북과학기술원,기타
절삭장비,복합장비,High Precision Laser Cutting System for Nonmetalics,VLS4.60,미국,Universal Laser System,2014-12-10,활용,24000,대구경북과학기술원,기타
절삭장비,복합장비,High Precision Fiber Laser Cutting System for Metals,ALC-100,대한민국,Advanced Technology Inc.,2015-01-16,활용,36000,대구경북과학기술원,기타
분광분석장비,광전자분광기,X-ray photoelectron spectrometer,ESCALAB 250Xi,미국,Thermo Fisher Scientific,2013-01-25,활용,79200,대구경북과학기술원,기타
현미경,주사탐침현미경,Laser-assisted Local Electrode Atom Probe,LEAP 4000X HR,프랑스,Cameca,2015-05-07,활용,240000,대구경북과학기술원,기타
반도체장비,식각장비,Metal etcher system,FabStar,대한민국,(주)티티엘,2012-01-31,활용,54000,대구경북과학기술원,기타
반도체장비,트랙장비,Metal Wet Station,모델명 없음,대한민국,Seunghyun,2013-01-31,활용,12000,대구경북과학기술원,기타
반도체장비,열처리장치,RTP(Rapid Thermal Process) System,RTA-150H SP1,대한민국,뉴영시스템,2012-10-17,활용,36000,대구경북과학기술원,기타
절삭장비,절단장비,Substrate dicing saw system,DAD3240,일본,Disco,2013-09-16,활용,36000,대구경북과학기술원,기타
반도체장비,와이어본딩,Substrate Bonding System,SE8e,독일,Suss Microtec,2014-07-18,활용,72000,대구경북과학기술원,기타
현미경,주사전자현미경,Multi-purpose Analytical FE-SEM,SU-70,일본,Hitachi,2013-01-08,활용,48000,대구경북과학기술원,기타
분광분석장비,X-선회절분석기,Single Crystal X-ray Diffractometer,D8 VENTURE,독일,Bruker,2014-12-08,활용,62400,대구경북과학기술원,기타
길이/위치/자세측정장비,위치/자세측정장비,Surface profiling measuring system,Dektak XT,독일,Bruker,2012-01-03,활용,12000,대구경북과학기술원,기타
현미경,주사탐침현미경,Large sample Atomic Force Microscope,XE-150,대한민국,㈜파크시스템스,2012-11-07,활용,24000,대구경북과학기술원,기타
반도체장비,식각장비,Dual Beam FIB,NB 5000,일본,Hitachi,2011-03-30,활용,108000,대구경북과학기술원,기타
분광분석장비,라만분광기,Raman spectrometer,Nicolet Almega XR,미국,Thermo Fisher Scientific,2012-11-07,활용,24000,대구경북과학기술원,기타
반도체장비,가공/리페어/절단장비,Laser writer,DWL 4000,독일,Heidelberg Instruments,2012-03-14,활용,96000,대구경북과학기술원,기타
반도체장비,트랙장비,Mask Single Wet Tool,모델명 없음,대한민국,쓰리디플러스,2013-09-12,활용,12000,대구경북과학기술원,기타
카메라/영상처리장비,스캐너,Contact-type 3 dimensional measurement devices with micrometer resolutions,ACCURA II 8,독일,Carl Zeiss,2015-01-26,활용,24000,대구경북과학기술원,기타
열유체장비,마이크로웨이브시료분해기,Microwave Digestion System,Start D,이탈리아,Milestone,2012-12-26,활용,17000,대구경북과학기술원,기타
열유체장비,유체발생장비,spin wet tool,모델명 없음,대한민국,아론,2010-12-28,불용,12000,대구경북과학기술원,기타
재료물성시험장비,환경모사시험기,Physical Property Measurement System,DynaCool-9,미국,Quantum Design,2014-10-21,활용,48000,대구경북과학기술원,기타
현미경,주사탐침현미경,bio AFM,NanoWizard Ultra Speed AFM,독일,Jpk Instrument Ag,2015-01-22,활용,48000,대구경북과학기술원,기타
현미경,투과전자현미경,Bio-TEM (Transmission Electron Microscope),Tecnai G2 F20 TWIN TMP,미국,FEI,2015-01-19,활용,111600,대구경북과학기술원,기타
반도체장비,식각장비,Plasma-enhanced chemical vapor deposition system,FabStar,대한민국,(주)티티엘,2012-02-09,활용,60000,대구경북과학기술원,기타
반도체장비,플라즈마기상화학증착장비,a-Si PECVD,KCT-800,대한민국,케이씨티,2015-01-26,활용,48000,대구경북과학기술원,기타
반도체장비,프로브스테이션,Semi Auto probe Station System,MST-6VC,대한민국,엠에스테크,2012-09-13,활용,36000,대구경북과학기술원,기타
열유체장비,전기/소결로,Vertical Annealing Furnace,KVD-106,대한민국,케이에스엠,2012-04-16,활용,180000,대구경북과학기술원,기타
열유체장비,전기/소결로,Horizontal Annealing Furnace,KHD-106,대한민국,케이에스엠,2012-04-16,활용,180000,대구경북과학기술원,기타
반도체장비,트랙장비,PR track system,모델명 없음,대한민국,Oft,2010-12-27,활용,24000,대구경북과학기술원,기타
반도체장비,식각장비,cleaning wet station,모델명 없음,대한민국,Union Eng,2012-05-10,활용,12000,대구경북과학기술원,기타
질량분석장비,메트릭스보조레이저탈착이온화질량분석기,Time of Flight Secondary Ion Mass Spectrometry,TOF-SIMS 5-100,독일,Ion-tof,2013-12-20,활용,144000,대구경북과학기술원,기타
반응/혼합/분쇄장비,시료절편기,Target Surfacing System,EM TXP,독일,Leica,2012-11-17,활용,24000,대구경북과학기술원,기타
온도/열/습도/수분측정장비,열분석기,Differential Scanning Calorimeter,DISCOVERY DSC,미국,Ta Instruments,2014-12-29,활용,48000,대구경북과학기술원,기타
반도체장비,식각장비,Silicon Deep Reactive Ion Etcher,LPX PEGASUS,영국,Spts,2012-04-26,활용,180000,대구경북과학기술원,기타
광파발생/측정장비,타원계,Ellipsometer system,Auto SE,일본,Horiba,2012-01-31,활용,12000,대구경북과학기술원,기타
반도체장비,원자층증착장비,thermal atomic layer depositon system,Lucida D200,대한민국,(주)엔씨디,2013-09-30,활용,48000,대구경북과학기술원,기타
온도/열/습도/수분측정장비,열분석기,Thermomechanical Analyzer,Q400EM,미국,Ta Instruments,2014-12-29,활용,19200,대구경북과학기술원,기타
질량분석장비,열중량질량분석기,Thermogravimetric Analyzer,Auto Q500,미국,Ta Instruments,2014-12-29,활용,19200,대구경북과학기술원,기타
열유체장비,전기/소결로,Diffusion furnace,KVD206,대한민국,케이에스엠,2012-12-05,활용,240000,대구경북과학기술원,기타
성형/가공장비,코팅기,Osmium Plasma Coater,HPC-1SW,일본,Vacuum Device,2012-03-05,활용,21600,대구경북과학기술원,기타
분광분석장비,X-선회절분석기,X-Ray Diffractometer of Variable Temperature Experiment,Empyrean ALPHA-1,네덜란드,Panalytical,2013-10-04,활용,36000,대구경북과학기술원,기타
반도체장비,식각장비,etch wet station,모델명 없음,대한민국,Union Eng,2012-05-10,활용,12000,대구경북과학기술원,기타
분광분석장비,유도결합플라즈마원자방출분광기,Inductively Coupled Plasma Optical Emission Spectrometer(ICP-OES),iCAP7400DUO,미국,Thermo Fisher Scientific,2015-01-28,활용,18000,대구경북과학기술원,기타
질량분석장비,이차이온질량분석기,Inductively Coupled Plasma Mass Spectrometer,iCAP Q ICP-MS,미국,Thermo Fisher Scientific,2012-11-15,활용,32400,대구경북과학기술원,기타
반도체장비,리소그래픽장비,Automatic mask aligner,MA8GEN3,독일,Suss Microtec,2011-03-30,활용,18000,대구경북과학기술원,기타
분광분석장비,자외/가시광/적외선분광광도계,Ultraviolet-Visible-Near Infrared Spectrophotometer,Cary 5000 UV-Vis-NIR,미국,Agilent Technologies,2012-01-03,활용,12000,대구경북과학기술원,기타
자기력발생/측정/응용장비,자기력측정장비,Magnetic Property Measurement System,MPMS3,미국,Quantum Design,2013-06-14,활용,45600,대구경북과학기술원,기타
반응/혼합/분쇄장비,시료절편기,Cryo Ultramicrotome,EM UC7,독일,Leica,2012-11-17,활용,115200,대구경북과학기술원,기타
현미경,주사전자현미경,Variable Pressure Bio-SEM,Evo HD15 LS,독일,Carl Zeiss,2014-12-29,활용,39600,대구경북과학기술원,기타
분광분석장비,푸리에변환적외선분광기,FT-IR Microscope,Nicolet Continuum,미국,Thermo Fisher Scientific,2013-01-22,활용,24000,대구경북과학기술원,기타
현미경,주사전자현미경,FE-SEM,S-4800,일본,Hitachi,2011-03-30,활용,48000,대구경북과학기술원,기타
현미경,투과전자현미경,Field Emission Transmission Electron Microscopy,HF-3300,일본,Hitachi,2011-03-30,활용,154800,대구경북과학기술원,기타
반도체장비,리소그래픽장비,Electron beam lithography system,Raith 150-two,독일,Raith,2012-12-20,활용,180000,대구경북과학기술원,기타
반도체장비,전자빔증착기,E-beam Evaporation system,SRN-200,대한민국,소로나,2012-01-31,활용,54000,대구경북과학기술원,기타
반도체장비,스퍼터,Dielectric sputtering system,SRN-110,대한민국,소로나,2012-04-09,활용,42000,대구경북과학기술원,기타
반도체장비,식각장비,Dielectric Etcher system,FabStar,대한민국,(주)티티엘,2013-01-07,활용,48000,대구경북과학기술원,기타
반도체장비,식각장비,Xenon Release etcher system,Lab Xe,영국,Memsstar,2013-01-29,활용,120000,대구경북과학기술원,기타
현미경,주사탐침현미경,Atomic Force Microscope,NX10,대한민국,㈜파크시스템스,2012-11-07,활용,24000,대구경북과학기술원,기타
반도체장비,전자빔증착기,Medium current ion implanter,E220HP,미국,Varian,2015-08-18,활용,60000,대구경북과학기술원,기타
반도체장비,트랙장비,Advanced Plasma Cleaner,950M,미국,Gatan,2012-04-20,활용,26400,대구경북과학기술원,기타
현미경,공초점현미경,Photoactivated Localization Microscopy,ELYRA P1,독일,Carl Zeiss,2013-01-25,활용,68400,대구경북과학기술원,기타
현미경,광학현미경,Superresolution Structured Illumination Microscopy,ELYRA S1,독일,Carl Zeiss,2013-01-25,활용,79200,대구경북과학기술원,기타
반도체장비,식각장비,Precision Etching Coating System,682.HA,미국,Gatan,2012-12-28,활용,26400,대구경북과학기술원,기타
성형/가공장비,표면가공기,Precision Ion Polishing System,695CZPM,미국,Gatan,2012-12-28,활용,28800,대구경북과학기술원,기타
반도체장비,플라즈마기상화학증착장비,Cluster Dry etcher,P-5000,대한민국,세미테크,2014-01-26,활용,54000,대구경북과학기술원,기타
열유체장비,전기/소결로,POCl3 diffusion furnace system,KVD206,대한민국,케이에스엠,2012-01-31,활용,240000,대구경북과학기술원,기타
반도체장비,식각장비,PR ashing system,Q-240,독일,Alpha Plasma,2012-12-03,불용,24000,대구경북과학기술원,기타
반도체장비,세척장비,Photo Wet Station,모델명 없음,대한민국,Seunghyun,2013-01-31,활용,12000,대구경북과학기술원,기타
측정시험장비,다기능임피던스측정시험장비,Sheet Resistance Measurement System,CMT-SR2000N,대한민국,에이아이티,2013-01-15,활용,24000,대구경북과학기술원,기타
반도체장비,원자층증착장비,Plasma Atomic Layer Deposition System,Lucida M200-PL,대한민국,(주)엔씨디,2013-09-30,활용,48000,대구경북과학기술원,기타
반도체장비,식각장비,Plasma deposition system,FabStar,대한민국,(주)티티엘,2012-01-31,활용,60000,대구경북과학기술원,기타
분광분석장비,핵자기공명분광기,Fourier-Transform Nuclear Magnetic Resonance Spectrometry,AVANCE III 400,독일,Bruker,2010-12-27,활용,48000,대구경북과학기술원,기타
분광분석장비,형광분광광도계,Fluorescence Spectrometer,LS 55,미국,Perkin Elmer,2013-01-16,활용,21600,대구경북과학기술원,기타
반도체장비,플라즈마기상화학증착장비,LPCVD system,KVL206,대한민국,케이에스엠,2012-12-05,활용,300000,대구경북과학기술원,기타
반도체장비,리소그래픽장비,Photoresist Track System,모델명 없음,대한민국,㈜테스,2017-09-27,활용,24000,대구경북과학기술원,기타
반도체장비,달리 분류되지 않는 반도체장비,3D fabrication system,Photonic professional,독일,Nanoscribe,2013-12-24,활용,72000,대구경북과학기술원,기타
반도체장비,리소그래픽장비,I-line stepper,FPA-2500i2,일본,Canon,2016-12-06,활용,60000,대구경북과학기술원,기타
반도체장비,리소그래픽장비,Substrate bond aligner,MA/BA6 GEN3,독일,Suss Microtec,2016-12-05,활용,18000,대구경북과학기술원,기타
반도체장비,식각장비,Multi-functional FIB,Helios NanoLab G3 UC,미국,FEI,2016-11-01,활용,144000,대구경북과학기술원,기타
반도체장비,식각장비,Deep oxide etching system,Versaline LL-ICP,미국,Plasma Therm,2017-03-02,활용,54000,대구경북과학기술원,기타
표면특성측정장비,표면장력/접촉각측정장비,Contact angle measurement system,모델명 없음,대한민국,(주)에스이오,2016-11-11,활용,12000,대구경북과학기술원,기타
반도체장비,스퍼터,Metal sputtering system,모델명 없음,대한민국,소로나,2017-12-19,활용,42000,대구경북과학기술원,기타
반도체장비,스퍼터,AlN Sputtering System,AMS2004 SMT,미국,Oem,2015-01-26,활용,42000,대구경북과학기술원,기타
반도체장비,유기금속화학증착장비,(Doped) Poly-Si LPCVD,Vulcan-V81RL,대한민국,리드엔지니어링,2015-01-22,활용,300000,대구경북과학기술원,기타
열유체장비,전기/소결로,Rapid Thermal Processor,AST2800,미국,Mattson,2016-08-16,활용,36000,대구경북과학기술원,기타
하드웨어,서버,Cloud Super computing,IBM X3650 M4,미국,Ibm,2013-12-26,활용,2000000,대구경북과학기술원,기타
하드웨어,서버,Big-data Supercomputing,HP DL380P G9,미국,Hewlett Packard(HP),2015-01-23,활용,2000000,대구경북과학기술원,기타
하드웨어,슈퍼컴퓨터,High Performance Supercomputing,모델명 없음,중국,Lenovo,2016-01-14,활용,2000000,대구경북과학기술원,기타
분광분석장비,자외/가시광분광광도계,Spectrophotometer,Cary 100 UV-Vis,미국,Agilent Technologies,2017-01-23,활용,21500,대구경북과학기술원,기타
질량분석장비,가속질량분석기,Matrix Assited Laser Desorption Ionization Mass Spectrometer,ultraflex,독일,Bruker,2017-12-06,활용,45000,대구경북과학기술원,기타
바이오제조/분석장비,배양장치,Automatic Fermentor System,Fermenter system,대한민국,Cns,2017-12-20,유휴,29800,대구경북과학기술원,기타
분리정제장비,원심분리기,연속원심분리기,HC-160HO,대한민국,한일에스엠이㈜,2017-09-27,활용,12500,대구경북과학기술원,기타
분광분석장비,형광분광광도계,Fluorescence spectro photometer,Cary Eclipse,미국,Agilent Technologies,2017-10-24,활용,12200,대구경북과학기술원,기타
현미경,광학현미경,Dual CCD Fluorescence Microscope system,BX53,일본,Olympus,2017-09-27,활용,14000,대구경북과학기술원,기타
분리정제장비,흡착정제장비,Automated Small Scale Protein Purification System,JANUSG3,미국,Perkin Elmer,2018-10-15,활용,34600,대구경북과학기술원,기타
온도/열/습도/수분측정장비,열분석기,Isothermal Titration Calorimetry,Nano ITC,미국,Ta Instruments,2018-10-19,활용,21400,대구경북과학기술원,기타
바이오제조/분석장비,생분자결합분석장비,Surface Plasmin Resonance System(Biomolecular interaction analysis),Monolith NT.115,독일,Nanotemper,2018-10-04,활용,22200,대구경북과학기술원,기타
분리정제장비,원심분리기,Ultracentrifuge,Optima XE-100,미국,Beckman Coulter,2018-10-24,활용,18000,대구경북과학기술원,기타
분리정제장비,원심분리기,High Speed Centrifuge,Avanti JXN-26,미국,Beckman Coulter,2018-09-20,활용,16400,대구경북과학기술원,기타
바이오제조/분석장비,단백질합성/분리분석장치,Protein analysis system,wes,미국,Proteinsimple,2018-10-15,활용,17100,대구경북과학기술원,기타
질량분석장비,메트릭스보조레이저탈착이온화질량분석기,matrix assisted laser desorption ionization Mass Spectrometry,microflex LT,독일,Bruker,2017-02-24,활용,29000,대구경북과학기술원,기타
바이오제조/분석장비,유전자합성/분석장치,Next generation sequencing system,Miseq,미국,Illumina,2017-02-17,활용,25700,대구경북과학기술원,기타
분리분석장비,액체크로마토그래피,High Performance Liquid Chromatography,Alliance e2695,미국,Waters,2017-01-26,활용,20900,대구경북과학기술원,기타
분리분석장비,액체크로마토그래피,Fraction Pure Local Control,AKTA pure 25 M1,미국,GE Healthcare,2017-01-26,활용,27500,대구경북과학기술원,기타
분광분석장비,자외/가시광/적외선분광광도계,UV-Visible Spectrophotometer,Cary 5000 UV-Vis-NIR,미국,Agilent Technologies,2017-01-26,활용,21500,대구경북과학기술원,기타
분리정제장비,원심분리기,High Performance Ultracentrifuge,Optima XE-100 Ultracentrifuge,미국,Beckman Coulter,2016-12-29,활용,22630,대구경북과학기술원,기타
분리정제장비,원심분리기,High-Performance Large-Capacity Centrifuge,Avanti JXN-26,미국,Beckman Coulter,2016-12-28,활용,22100,대구경북과학기술원,기타
바이오제조/분석장비,유전자증폭장치,Real-Time PCR,CFX96,미국,Bio-rad,2016-12-07,활용,20500,대구경북과학기술원,기타
바이오제조/분석장비,유전자증폭장치,Real-Time PCR,CFX96,미국,Bio-rad,2016-12-27,활용,20500,대구경북과학기술원,기타
이미지분석장비,시험관내화학형광이미지분석기,Fluorescence & ChemiluminescenceImaging System,ChemiDoc MP,미국,Bio-rad,2016-12-27,활용,21000,대구경북과학기술원,기타
분광분석장비,자외/가시광/적외선분광광도계,Spectrophotometer,J-1500,일본,Jasco,2017-11-16,활용,19000,대구경북과학기술원,기타
반도체장비,트랙장비,Vapor Self-Assembled Monolayer deposition system,모델명 없음,대한민국,소로나,2016-09-19,활용,36000,대구경북과학기술원,기타
반도체장비,리소그래픽장비,Nano-imprinting lithography system,EITRE 6,스웨덴,Obducat,2016-06-17,활용,48000,대구경북과학기술원,기타
성형/가공장비,코팅기,Parylene coating system,NRPC-500,대한민국,누리텍,2013-08-30,활용,36000,대구경북과학기술원,기타
자기력발생/측정/응용장비,자기력측정장비,Vibration Sample Magnetometer,7407,미국,Lake Shore Cryotronics,2015-09-15,활용,33600,대구경북과학기술원,기타
현미경,주사전자현미경,Ultra-High Resolution Field Emission Scanning Electron Microscope,SU8230,일본,Hitachi,2017-08-16,활용,62400,대구경북과학기술원,기타
성형/가공장비,3D프린터,RP machine for multi-material,Projet MJP 5500X,미국,3d Systems,2016-10-10,활용,36000,대구경북과학기술원,기타
카메라/영상처리장비,스캐너,3D Scanner,SMARTSCAN,독일,Aicon,2016-10-07,활용,24000,대구경북과학기술원,기타
성형/가공장비,사출장비,Micro-Injection Molding system,Micropower 5,오스트리아,Wittmann Battenfeld,2015-04-03,활용,36000,대구경북과학기술원,기타
절삭장비,복합장비,3D nano CNC machine,AP1L,일본,Sodick,2013-07-17,활용,36000,대구경북과학기술원,기타
절삭장비,절단장비,Wire Cut Electric Spark Machine,AD-55,대한민국,희성정기,2019-12-10,활용,0,대구경북과학기술원,기타
질량분석장비,액체크로마토그래피질량분석기,Hybrid triple quadrupole Linear Ion trap mass spectrometer,QTRAP 5500,미국,Ab Sciex,2019-03-20,활용,42900,대구경북과학기술원,기타
질량분석장비,액체크로마토그래피질량분석기,Hybrid Quadrupole-Orbitrap Mass Spectrometer,Q-Exactive plus,미국,Thermo Fisher Scientific,2019-09-20,활용,40200,대구경북과학기술원,기타
현미경,투과전자현미경,Ultra High resolution TEM,Themis Z,미국,Thermo Fisher Scientific,2019-03-22,활용,240000,대구경북과학기술원,기타
분리정제장비,원심분리기,High Performance Ultracentrifuge,Optima XPN-100,미국,Beckman Coulter,2012-10-10,활용,12000,대구경북과학기술원,기타
하드웨어,서버,GPU Accelerated Advanced Supercomputer,AC922,미국,Ibm,2020-08-24,활용,800000,대구경북과학기술원,기타
신호발생장비,영상음성신호발생기,DMB Signal Generator,Ventus 1.0 DMB,대한민국,루먼텍,2009-08-20,저활용,0,계명대학교 산학협력단,사립대학(4년제)
분광분석장비,가스분석기,VOC Measure System,ppbRAE 3000,미국,Rae Systems,2009-08-20,활용,3000,계명대학교 산학협력단,사립대학(4년제)
재료물성시험장비,가속수명시험기,Weather-Ometer,Ci5000 DCS,미국,Atlas,2011-04-08,활용,175000,계명대학교 산학협력단,사립대학(4년제)
재료물성시험장비,부식시험기,Combined Cyclic Corrosion Tester,CC1000iP,영국,Ascott Analytical Equpment,2012-11-27,활용,30000,계명대학교 산학협력단,사립대학(4년제)
열유체장비,항온/항습기,Temperature & Humidity Chamber,HB-805-4M-T,대한민국,한백과학(HANBAEK),2008-12-29,저활용,18000,계명대학교 산학협력단,사립대학(4년제)
시간/주파수/속도/회전수측정장비,달리 분류되지 않는 시간/주파수/속도/회전수측정장비,Wireless Data Logger,"MSP-100, RS219B",대한민국,한국유지관리,2009-02-18,활용,39000,계명대학교 산학협력단,사립대학(4년제)
물리적측정장비,달리 분류되지 않는 물리적측정장비,AUTOMATIC VICAT APPARATUS,Vicatronic E044N,독일,Zwick Roell,2009-02-24,활용,39000,계명대학교 산학협력단,사립대학(4년제)
재료물성시험장비,달리 분류되지 않는 재료물성시험장비,Auto permeability Tester,Blaine BSA1,독일,Zwick Roell,2009-07-02,활용,39000,계명대학교 산학협력단,사립대학(4년제)
하드웨어,저장장치,High Speed Data Logger,UCAM-500A,일본,Kyowa,2006-03-16,활용,1000,계명대학교 산학협력단,사립대학(4년제)
재료물성시험장비,달리 분류되지 않는 재료물성시험장비,Carbonation Test Chamber,HJ-1457,대한민국,흥진정밀,2009-06-23,활용,8000,계명대학교 산학협력단,사립대학(4년제)
음향/소음/진동/충격/초음파측정장비,평형시험/충격시험기,Tapping Machine,Tapping Machine,헝가리,Samp;amp;amp;amp;V KOREA,2009-07-02,활용,143000,계명대학교 산학협력단,사립대학(4년제)
광파발생/측정장비,광특성측정장비,Universl Goniometer,OPI-370,대한민국,광전자정밀,2010-02-24,활용,100000,계명대학교 산학협력단,사립대학(4년제)
분리분석장비,액체크로마토그래피,High Performance Liquid Chromatograph,e2695,미국,Waters,2019-11-18,활용,41500,계명대학교 산학협력단,사립대학(4년제)
분리분석장비,가스크로마토그래피,Gas Chromatography system,450,미국,Varian,2008-12-23,활용,41500,계명대학교 산학협력단,사립대학(4년제)
질량분석장비,액체크로마토그래피질량분석기,Liquid Chromatography Mass Spectrometer(LC-MS-MS),QTRAP 4500,미국,Ab Sciex,2015-01-07,활용,41500,계명대학교 산학협력단,사립대학(4년제)
열유체장비,건조기,BIOTRON CLEANVAC,PVTFD 20R,대한민국,일신바이오베이스,2007-12-04,활용,72000,계명대학교 산학협력단,사립대학(4년제)
카메라/영상처리장비,X-선/자외선/적외선카메라,Fixed IR Camera,Oqus 7,스웨덴,Qualisys,2016-10-11,활용,80000,계명대학교 산학협력단,사립대학(4년제)
카메라/영상처리장비,X-선/자외선/적외선카메라,Mobile IR Camera,Oqus 7,스웨덴,Qualisys,2016-10-11,활용,80000,계명대학교 산학협력단,사립대학(4년제)
힘/토오크/압력/진공측정장비,달리 분류되지 않는 힘/토오크/압력/진공측정장비,Ground Reaction Force Plate,FP4060-07,미국,Bertec Corporation,2016-10-11,활용,50000,계명대학교 산학협력단,사립대학(4년제)
임상측정/진단장비,근전도측정/진단장비,Wireless Electromyogram Device,Mini Wave Infinity,이탈리아,Cometa,2016-10-11,활용,50000,계명대학교 산학협력단,사립대학(4년제)
임상측정/진단장비,뇌신경측정/진단장비,Electroencephalograph,NEURO PRAX,독일,Neuroconn,2016-10-25,활용,50000,계명대학교 산학협력단,사립대학(4년제)
힘/토오크/압력/진공측정장비,중력/압력/진공측정장비,Whole Body Pressure Measurement System,Pliance,독일,Novel,2016-10-25,활용,70000,계명대학교 산학협력단,사립대학(4년제)
임상측정/진단장비,달리 분류되지 않는 임상측정/진단장비,Chair-type Pressure Analysis System,Pliance-HS,독일,Novel,2016-10-25,활용,50000,계명대학교 산학협력단,사립대학(4년제)
카메라/영상처리장비,모션캡쳐카메라,Visual Analysis System,ETG2 wireless,독일,Sensomotoric Instruments,2016-10-11,활용,50000,계명대학교 산학협력단,사립대학(4년제)
자동화/이송장비,달리 분류되지 않는 자동화/이송장비,Insole manufacturing System,BDI-PCO,독일,Pedcad,2016-10-26,활용,50000,계명대학교 산학협력단,사립대학(4년제)
힘/토오크/압력/진공측정장비,중력/압력/진공측정장비,Insole Type Foot Pressure Measurement System,medilogic flex insole,독일,T&t Medilogic,2017-02-24,활용,50000,계명대학교 산학협력단,사립대학(4년제)
임상측정/진단장비,달리 분류되지 않는 임상측정/진단장비,3D Foot Scanner,backmapper,독일,Abw,2016-10-11,활용,50000,계명대학교 산학협력단,사립대학(4년제)
전문의학용특수장비,외과용검사장비,Body Balance Assessment Device,SmartEquilTEST,미국,Natus Medical Incorporated,2017-04-12,활용,80000,계명대학교 산학협력단,사립대학(4년제)
음향/소음/진동/충격/초음파측정장비,음향분석/음향표정장비,Voice analysis equipment,4500,미국,Kaypentax,2017-10-19,활용,70000,계명대학교 산학협력단,사립대학(4년제)
임상측정/진단장비,달리 분류되지 않는 임상측정/진단장비,Visual rotation insection equipment,I-Portal Neuro,미국,Neuro Kinetics,2017-10-24,활용,110000,계명대학교 산학협력단,사립대학(4년제)
음향/소음/진동/충격/초음파측정장비,소음계/잡음지수분석장비,Multifunal sleep measurement and analysis equiment,NOX C1,아이슬랜드,Nox Medical,2017-09-19,활용,60000,계명대학교 산학협력단,사립대학(4년제)
하드웨어,입/출력장치,AOS High Speed Camera System,Q-MISE,스위스,Aos Technologies,2017-10-19,활용,40000,계명대학교 산학협력단,사립대학(4년제)
전문의학용특수장비,달리 분류되지 않는 전문의학용특수장비,Realtime Wireless Motion Tracker,MyoMotion,미국,Noraxon,2017-08-24,활용,50000,계명대학교 산학협력단,사립대학(4년제)
장비소프트웨어,데이터처리장비기반소프트웨어,Fullbody musculoskeletal modeaing simulator,SIMM,미국,Musculographics,2017-09-05,활용,50000,계명대학교 산학협력단,사립대학(4년제)
자동화/이송장비,로봇,Upper body Neuro Robot,Armeo Power,스위스,Hocoma,2017-09-12,활용,80000,계명대학교 산학협력단,사립대학(4년제)
임상측정/진단장비,호흡기측정/진단장비,Portable respiratory gas metabolic unit,k5,이탈리아,Cosmed,2017-09-20,활용,50000,계명대학교 산학협력단,사립대학(4년제)
임상측정/진단장비,심혈관측정/진단장비,Large treadmills such as wheelchairs and bicycles,saturn250,독일,HP Cosmos sports,2018-12-04,활용,70000,계명대학교 산학협력단,사립대학(4년제)
힘/토오크/압력/진공측정장비,부하시험기,6axis loadcell plate,FP4060-08,미국,Bertec Corporation,2018-11-12,활용,50000,계명대학교 산학협력단,사립대학(4년제)
카메라/영상처리장비,스캐너,3D scan edge detector,Scuve G4,일본,Spacevision,2018-08-20,활용,60000,계명대학교 산학협력단,사립대학(4년제)
열유체장비,건조기,DRYER,FD-45,대한민국,(주)화인텍,2006-10-30,활용,5200,계명대학교 산학협력단,사립대학(4년제)
성형/가공장비,3D프린터,3D shape molding machine,Fortus 380mc,미국,Stratasys,2019-05-13,활용,60000,계명대학교 산학협력단,사립대학(4년제)
임상측정/진단장비,달리 분류되지 않는 임상측정/진단장비,Mobile multidimensional biosignal measurement system,iMotions,가나,imotions,2019-06-05,활용,60000,계명대학교 산학협력단,사립대학(4년제)
분리분석장비,액체크로마토그래피,High Performance Liquid Chromatograph,e2695,미국,Waters,2011-12-02,활용,41500,계명대학교 산학협력단,사립대학(4년제)
질량분석장비,기체크로마토그래피질량분석기,GAS CHROMATOGRAPHY MASS,7890-5975C,미국,Agilent Technologies,2012-04-05,활용,41500,계명대학교 산학협력단,사립대학(4년제)
열유체장비,전기/소결로,FURNACE,JSMF-270T,대한민국,㈜제이에스리서치,2012-07-13,활용,12000,계명대학교 산학협력단,사립대학(4년제)
분리분석장비,액체크로마토그래피,High Performance Liquid Chromatograph,2695,미국,Waters,2012-08-30,활용,41500,계명대학교 산학협력단,사립대학(4년제)
분리분석장비,액체크로마토그래피,High Performance Liquid Chromatograph,2695,미국,Waters,2012-08-30,활용,41500,계명대학교 산학협력단,사립대학(4년제)
분리정제장비,추출기,Auto fat analyzer,Soxtec 2050,덴마크,Foss,2012-09-17,활용,30000,계명대학교 산학협력단,사립대학(4년제)
분리분석장비,가스크로마토그래피,GAS CHROMATOGRAPHY SYSTEM,7890A,미국,Agilent Technologies,2012-10-04,활용,41500,계명대학교 산학협력단,사립대학(4년제)
바이오제조/분석장비,단백질합성/분리분석장치,Auto kjeldahl Analyzer,Kjeltec 8460,덴마크,Foss,2013-06-12,활용,30000,계명대학교 산학협력단,사립대학(4년제)
질량분석장비,기체크로마토그래피질량분석기,GAS CHROMATOGRAPHY,SCION 456-GC,독일,Bruker,2014-02-07,활용,41500,계명대학교 산학협력단,사립대학(4년제)
분광분석장비,자외/가시광분광광도계,UV-Vis Spectrophotometer,Lambda365,미국,Perkin Elmer,2015-12-01,활용,15000,계명대학교 산학협력단,사립대학(4년제)
분리분석장비,액체크로마토그래피,High Performance Liquid Chromatograph,e2695,미국,Waters,2016-10-25,활용,41500,계명대학교 산학협력단,사립대학(4년제)
열유체장비,건조기,dry oven,JSOF-100,대한민국,㈜제이에스리서치,2019-02-14,활용,10000,계명대학교 산학협력단,사립대학(4년제)
질량/무게/부피/밀도측정장비,전자식저울,ANALYTICAL BALANCE,PX224KR,미국,Ohaus,2020-02-11,활용,10000,계명대학교 산학협력단,사립대학(4년제)
온도/열/습도/수분측정장비,온도/습도/수분측정기,Water activity analyzer,LabMaster-aw,스위스,Novasina,2006-10-16,활용,12000,계명대학교 산학협력단,사립대학(4년제)
바이오제조/분석장비,배양장치,INCUBATOR,MCO-15AC,일본,Sanyo,2006-10-16,활용,50000,계명대학교 산학협력단,사립대학(4년제)
분광분석장비,수은함량분석기,Automatic Mercury Analyzer,MA-3000,일본,Nippon Instruments Corporation(NIC),2020-12-23,활용,35000,계명대학교 산학협력단,사립대학(4년제)
분리분석장비,액체크로마토그래피,Nutritional Analysis (9 nutrition facts),e2695,미국,Waters,2019-11-18,활용,267000,계명대학교 산학협력단,사립대학(4년제)
분리분석장비,액체크로마토그래피,Preservatives,2695,미국,Waters,2012-08-30,활용,47400,계명대학교 산학협력단,사립대학(4년제)
분광분석장비,자외/가시광분광광도계,미입력,Lambda365,미국,Perkin Elmer,2015-12-01,활용,102200,계명대학교 산학협력단,사립대학(4년제)
신호발생장비,영상음성신호발생기,3D Digital Signal Generator,K-8880+HDSM-200,대한민국,엠아이케이21,2013-06-27,활용,30000,구미전자정보기술원,지자체출연연구기관
하드웨어,저장장치,3D scanner,ATOS III,독일,Gom,2016-04-14,활용,158000,구미전자정보기술원,지자체출연연구기관
열유체장비,전기/소결로,Anti-reflective Coating and Doping system,TS81254,네덜란드,tempress,2013-02-22,활용,1600000,구미전자정보기술원,지자체출연연구기관
반도체장비,프로브스테이션,OLED Electro-Optics Measurement System,MST-12000C,대한민국,엠에스테크,2017-10-31,활용,56000,구미전자정보기술원,지자체출연연구기관
재료물성시험장비,만능시험기,Peel Off Test System,QM100T-1T,대한민국,큐머시스(qmesys),2013-12-06,활용,31000,구미전자정보기술원,지자체출연연구기관
분석장비,벡터네트워크분석기,RF Signal Generator,MG3700A,일본,Anritsu,2006-04-28,활용,18000,구미전자정보기술원,지자체출연연구기관
측정시험장비,무선시스템측정시험장비,RF Test System,TS-8955GW,독일,Rohde&Schwarz,2008-03-25,불용,24000,구미전자정보기술원,지자체출연연구기관
분리분석장비,가스크로마토그래피,Gas Chromatography Mass Spectrometer,Clarus 500,미국,Perkin Elmer,2006-03-02,활용,67000,구미전자정보기술원,지자체출연연구기관
질량분석장비,기체크로마토그래피질량분석기,Gas Chromatograph Mass,6890N/5975 inert GC/MSD,미국,Agilent Technologies,2007-02-07,활용,117000,구미전자정보기술원,지자체출연연구기관
재료물성시험장비,온습도시험기,High Accerated stress test system,EHS-411M,일본,Espec,2008-03-12,활용,10000,구미전자정보기술원,지자체출연연구기관
재료물성시험장비,환경모사시험기,Solar module hail tester,모델명 없음,대한민국,오토테크,2014-02-28,활용,34000,구미전자정보기술원,지자체출연연구기관
분리분석장비,액체크로마토그래피,Gel Permeation Chromatograph,2695,미국,Waters,2007-02-26,불용,65000,구미전자정보기술원,지자체출연연구기관
길이/위치/자세측정장비,위치/자세측정장비,Altitude Temperature machine,EAH-55-2-35-LAC-X,미국,Envirotronics,2015-06-26,활용,60000,구미전자정보기술원,지자체출연연구기관
현미경,주사전자현미경,HR-SEM,S-4800,일본,Hitachi,2008-08-05,활용,74000,구미전자정보기술원,지자체출연연구기관
카메라/영상처리장비,고속카메라,High Speed Camera,Phantom V9.1,미국,Vision Research,2008-06-01,불용,17000,구미전자정보기술원,지자체출연연구기관
재료물성시험장비,가속수명시험기,Continuous Defect Tester at High Temperature and Humidity,모델명 없음,대한민국,티엔이테크,2014-02-21,활용,43000,구미전자정보기술원,지자체출연연구기관
측정시험장비,다기능임피던스측정시험장비,High Resistance Meter,6517A/8009,미국,Keithley Instruments,2007-04-12,활용,24000,구미전자정보기술원,지자체출연연구기관
온도/열/습도/수분측정장비,투습도측정기,High-precision Water Vapor Tranmission Rate Tester,AQUATRAN 2,미국,Mocon,2017-11-30,활용,20000,구미전자정보기술원,지자체출연연구기관
현미경,공초점현미경,Confocal Laser Scanning Microscope,LSM 5 PASCAL MAT,독일,Carl Zeiss,2007-05-09,불용,25000,구미전자정보기술원,지자체출연연구기관
광파발생/측정장비,레이저발생장비,Optical Spectrum Analyzer,OPI-100M,대한민국,광전자정밀,2007-03-21,활용,34000,구미전자정보기술원,지자체출연연구기관
분광분석장비,광전자분광기,X-Ray Photoelectron Spectroscopy,K-Alpha,미국,Thermo Fisher Scientific,2008-04-08,활용,74000,구미전자정보기술원,지자체출연연구기관
현미경,광학현미경,Lens Curvature Microscope,ContourGT-K,독일,Bruker,2013-10-29,활용,54000,구미전자정보기술원,지자체출연연구기관
광파발생/측정장비,광특성측정장비,Optical Measurement System,GS-1290-NVIS-2,미국,Gammascientific,2014-06-20,유휴,100000,구미전자정보기술원,지자체출연연구기관
반도체장비,라미네이터장비,Optical Film Lamination System,LABA-1300,대한민국,(주)리소텍,2014-06-24,유휴,83000,구미전자정보기술원,지자체출연연구기관
전력발생/저장장비,교류전원공급장치,AC Power Supply,6813B,미국,Agilent Technologies,2007-04-03,활용,11000,구미전자정보기술원,지자체출연연구기관
반도체장비,전자빔증착기,E-beam evaporator,U-900,대한민국,유니벡,2012-01-10,활용,74000,구미전자정보기술원,지자체출연연구기관
반도체장비,열처리장치,Rapid Thermal Process System,RTA-150H SP1,대한민국,뉴영시스템,2013-02-15,활용,68000,구미전자정보기술원,지자체출연연구기관
분석장비,벡터네트워크분석기,Network Analyzer,ZVA40,독일,Rohde&Schwarz,2008-01-29,활용,15000,구미전자정보기술원,지자체출연연구기관
반도체장비,스퍼터,CVD,모델명 없음,대한민국,지브이텍,2014-05-30,활용,100000,구미전자정보기술원,지자체출연연구기관
측정시험장비,오실로스코프,Digital Oscilloscope,WaveRunner 6100A,미국,Teledyne LeCroy,2005-01-12,활용,22000,구미전자정보기술원,지자체출연연구기관
신호발생장비,영상음성신호발생기,Digital Broadcast Transmitter,SFU,독일,Rohde&Schwarz,2008-02-05,불용,30000,구미전자정보기술원,지자체출연연구기관
반도체장비,라미네이터장비,Laminator system,LA-100,대한민국,(주)엘디케이,2010-08-09,활용,67000,구미전자정보기술원,지자체출연연구기관
재료물성시험장비,가속수명시험기,Life time measurement,WT-2000PVN,헝가리,Semilab,2013-12-06,활용,83000,구미전자정보기술원,지자체출연연구기관
반도체장비,식각장비,Laser Etcher,MACH600,대한민국,엘티에스,2010-08-08,불용,69000,구미전자정보기술원,지자체출연연구기관
반도체장비,가공/리페어/절단장비,Laser edge isolation system,LEIX-200,대한민국,룩스이엔지,2012-12-13,활용,67000,구미전자정보기술원,지자체출연연구기관
분석장비,논리분석기,Logic Analyzer,TLA7012/TLA7NA3,미국,Tektronix,2008-03-11,활용,15000,구미전자정보기술원,지자체출연연구기관
반도체장비,달리 분류되지 않는 반도체장비,Micro-Display panel fabrication system,LCoS,대한민국,셀코스(Selcos),2015-07-29,활용,400000,구미전자정보기술원,지자체출연연구기관
재료물성시험장비,경도시험기,Micro Vickers Hardness Tester,HM-124+HAT-400,일본,Mitutoyo,2006-04-12,활용,26000,구미전자정보기술원,지자체출연연구기관
재료물성시험장비,만능피로시험기,High Load UTM,Insight 5,미국,Instron Corporation,2008-06-01,활용,25000,구미전자정보기술원,지자체출연연구기관
반도체장비,칩검사기,Module Test System,모델명 없음,대한민국,(주)제우스,2014-02-28,활용,640000,구미전자정보기술원,지자체출연연구기관
장비소프트웨어,연구/개발용학습소프트웨어,Wireless LAN Analyzer,AiroPeek NX,미국,Wildpackets,2006-03-02,불용,12000,구미전자정보기술원,지자체출연연구기관
길이/위치/자세측정장비,위치/자세측정장비,Film Thickness Measurement System,Alpha-Step IQ,미국,Kla-tencor,2004-02-27,활용,36000,구미전자정보기술원,지자체출연연구기관
반도체장비,리소그래픽장비,Film pattern alignment system,모델명 없음,대한민국,에스엔유프리시젼,2016-12-15,활용,300000,구미전자정보기술원,지자체출연연구기관
재료물성시험장비,환경모사시험기,Solar Module Pressure Distribution Tester,모델명 없음,대한민국,오토테크,2014-02-28,활용,35000,구미전자정보기술원,지자체출연연구기관
재료물성시험장비,염수분무시험기,Salt Mist Chamber,모델명 없음,대만,King Design,2013-11-20,활용,15000,구미전자정보기술원,지자체출연연구기관
재료물성시험장비,진동내구시험장비,UV Endurance Tester,모델명 없음,대한민국,㈜테스,2013-04-30,활용,31000,구미전자정보기술원,지자체출연연구기관
반도체장비,원자층증착장비,Implanter and ALD cluster system,모델명 없음,대한민국,에피코스,2014-01-29,활용,307000,구미전자정보기술원,지자체출연연구기관
현미경,공초점현미경,Surface analysis system,모델명 없음,대한민국,나노스코프시스템즈,2014-05-02,활용,43000,구미전자정보기술원,지자체출연연구기관
열유체장비,항온/항습기,Environmental Chamber,모델명 없음,대한민국,제이오이엔지,2012-12-06,활용,15000,구미전자정보기술원,지자체출연연구기관
분광분석장비,자외/가시광/적외선분광광도계,UV visible spectrometer,Cary 5000 UV-Vis-NIR,미국,Agilent Technologies,2014-03-05,활용,40000,구미전자정보기술원,지자체출연연구기관
측정시험장비,전지/충방전측정시험장비,Solar Cell Sorter,모델명 없음,대한민국,맥사이언스,2014-02-28,활용,300000,구미전자정보기술원,지자체출연연구기관
광파발생/측정장비,레이저발생장비,Solar simulator,94063A,미국,Newport,2012-12-17,활용,44000,구미전자정보기술원,지자체출연연구기관
현미경,투과전자현미경,Cs-Corrected FE-TEM,JEM-ARM200F,일본,Jeol,2013-05-27,활용,250000,구미전자정보기술원,지자체출연연구기관
반도체장비,프린팅장비,Screen Printer,LSP-6050VSL,대한민국,라인시스템,2010-08-08,활용,60000,구미전자정보기술원,지자체출연연구기관
분석장비,스펙트럼분석기,Spectrum Analyzer I,E4440A,미국,Agilent Technologies,2007-05-14,활용,26000,구미전자정보기술원,지자체출연연구기관
재료물성시험장비,환경모사시험기,Solar module wet leakage curren tester,모델명 없음,대한민국,그린테크,2014-02-28,활용,36000,구미전자정보기술원,지자체출연연구기관
반도체장비,라미네이터장비,Bonding system,SL-100,대한민국,(주)엘디케이,2010-08-08,활용,55000,구미전자정보기술원,지자체출연연구기관
질량분석장비,액체크로마토그래피질량분석기,LC-MS,6410,미국,Agilent Technologies,2008-05-02,활용,105000,구미전자정보기술원,지자체출연연구기관
분광분석장비,X-선형광분석기,X-Ray Fluorescence Spectrometer,ZSX-100E,일본,Rigaku,2005-03-23,활용,50000,구미전자정보기술원,지자체출연연구기관
분광분석장비,X-선회절분석기,X-Ray Diffratcion Spectrometer,D/MAX-2500/PC,일본,Rigaku,2006-05-08,활용,78000,구미전자정보기술원,지자체출연연구기관
온도/열/습도/수분측정장비,열분석기,ThermoMechanical Analyzer,TMA Q400,미국,Ta Instruments,2005-01-03,활용,33000,구미전자정보기술원,지자체출연연구기관
온도/열/습도/수분측정장비,열분석기,Thermal Conductivity Meter,LFA457 MicroflashTM,독일,Netzsch,2007-04-25,활용,85000,구미전자정보기술원,지자체출연연구기관
온도/열/습도/수분측정장비,열분석기,Simultaneous DSC-TGA,SDT Q600,미국,Ta Instruments,2005-01-03,불용,50000,구미전자정보기술원,지자체출연연구기관
온도/열/습도/수분측정장비,열분석기,Thermo Gravimetric Mass-Spectrometer,STA449C-QMS403C,독일,Netzsch,2007-06-21,활용,80000,구미전자정보기술원,지자체출연연구기관
온도/열/습도/수분측정장비,온도/습도/수분측정기,Thermal shock panel reliability system,PES-1506LH,대한민국,냉열,2017-10-30,활용,27000,구미전자정보기술원,지자체출연연구기관
재료물성시험장비,열충격시험기,Thermal Impact Test Machine,ES-206LH,일본,Hitachi,2006-03-07,활용,13000,구미전자정보기술원,지자체출연연구기관
광파발생/측정장비,레이저발생장비,Hot Spot Endurance Tester,모델명 없음,대한민국,티엔이테크,2013-12-20,활용,35000,구미전자정보기술원,지자체출연연구기관
현미경,디지털현미경,Image Analyzer System,DM4000 M,독일,Leica,2007-11-09,활용,10000,구미전자정보기술원,지자체출연연구기관
열유체장비,오븐,Autoclave,ISA-100-1006,대한민국,(주)엘디케이,2010-08-08,활용,40000,구미전자정보기술원,지자체출연연구기관
온도/열/습도/수분측정장비,온도/습도/수분측정기,Thermometer,2635A,미국,FLUKE,2006-02-16,활용,10000,구미전자정보기술원,지자체출연연구기관
반도체장비,프린팅장비,Solution process type micro pattern generator,모델명 없음,대한민국,(주)에스티아이,2016-12-19,활용,319000,구미전자정보기술원,지자체출연연구기관
온도/열/습도/수분측정장비,온도/습도/수분측정기,Walk-in panel reliability system,PER-185EXHH,대한민국,냉열,2017-10-30,활용,25000,구미전자정보기술원,지자체출연연구기관
측정시험장비,다기능임피던스측정시험장비,Auto sheet resistance measuring system,RS8-1G,대한민국,다솔이엔지,2014-05-09,활용,36000,구미전자정보기술원,지자체출연연구기관
재료물성시험장비,가속수명시험기,Organic Panel Lifetime test System,모델명 없음,대한민국,맥사이언스,2016-06-29,활용,58000,구미전자정보기술원,지자체출연연구기관
측정시험장비,광/LED/반도체/디스플레이측정시험장비,Organic electric Device lifetime test system,모델명 없음,대한민국,맥사이언스,2016-06-29,활용,55000,구미전자정보기술원,지자체출연연구기관
분광분석장비,유도결합플라즈마원자방출분광기,Inductively Coupled Plasma spectrometer,Optima 5300 DV,미국,Perkin Elmer,2006-03-17,활용,75000,구미전자정보기술원,지자체출연연구기관
분리분석장비,이온크로마토그래피,Ion Chromatograph,ICS-3000,미국,Thermo Fisher Scientific,2007-02-13,불용,75000,구미전자정보기술원,지자체출연연구기관
광파발생/측정장비,타원계,Ellipsometer,GES-5E,헝가리,Semilab,2014-04-04,활용,40000,구미전자정보기술원,지자체출연연구기관
입자분석장비,입도분석기,Particle Size Analyzer,Mastersizer 2000,영국,Malvern Instruments,2007-02-16,활용,30000,구미전자정보기술원,지자체출연연구기관
자기력발생/측정/응용장비,자기력측정장비,Magnetic Field Measurement System,480 Fluxmeter,미국,Lake Shore Cryotronics,2006-02-28,활용,10000,구미전자정보기술원,지자체출연연구기관
온도/열/습도/수분측정장비,열분석기,Low Temp. DSC,DSC Q2000,미국,Ta Instruments,2007-04-05,활용,41000,구미전자정보기술원,지자체출연연구기관
카메라/영상처리장비,열화상카메라,Thermo Tracer,TH9100PMV,일본,Nec Corporation,2007-05-01,불용,15000,구미전자정보기술원,지자체출연연구기관
현미경,주사전자현미경,Field Emission Scanning Electron Microscope,JSM-7000F,일본,Jeol,2005-03-15,활용,89000,구미전자정보기술원,지자체출연연구기관
반도체장비,스퍼터,Screen printer and firing furnace,모델명 없음,대한민국,(주)울텍,2013-12-17,활용,671000,구미전자정보기술원,지자체출연연구기관
측정시험장비,전압/전류/전력측정시험장비,I-V measurement system,4155C-semiconductor parameter analyzer외 부속품 1개,미국,Agilent Technologies,2006-12-27,활용,30000,구미전자정보기술원,지자체출연연구기관
측정시험장비,절연/누설/정전기측정시험장비,Insulation Tester,TOS9213AS,일본,Kikusui,2014-03-10,활용,6000,구미전자정보기술원,지자체출연연구기관
유체특성측정장비,점도계,Rheometer Analyzer,ARES,미국,Ta Instruments,2007-04-05,불용,40000,구미전자정보기술원,지자체출연연구기관
표면특성측정장비,표면장력/접촉각측정장비,Contact Angle Goniometer,DM 700,일본,Kyowa,2007-02-27,불용,21000,구미전자정보기술원,지자체출연연구기관
광파발생/측정장비,레이저발생장비,Solar junction box tester,모델명 없음,대한민국,티엔이테크,2013-12-27,활용,47000,구미전자정보기술원,지자체출연연구기관
현미경,주사탐침현미경,Scanning Probe Microscope,XE-100,대한민국,㈜파크시스템스,2007-03-13,불용,25000,구미전자정보기술원,지자체출연연구기관
재료물성시험장비,진동내구시험장비,Vibration Test System,SAI60-T2000-64,독일,Unholtz Dickie,2015-07-07,활용,100000,구미전자정보기술원,지자체출연연구기관
반도체장비,식각장비,Dual-Beam FIB/HRSEM,AURIGA,독일,Carl Zeiss,2013-05-27,활용,300000,구미전자정보기술원,지자체출연연구기관
재료물성시험장비,가속수명시험기,HALT,VTC-6,미국,Hanse Environmental,2007-07-04,불용,52000,구미전자정보기술원,지자체출연연구기관
반도체장비,세척장비,Substrate Cleaning System,APS-1350S,대한민국,피에스엠,2014-06-17,유휴,47000,구미전자정보기술원,지자체출연연구기관
반응/혼합/분쇄장비,시료절편기,Ultramicrotome,PT-PC PowerTome Ultramicrotomes,미국,RMC Boeckeler,2011-05-17,불용,50000,구미전자정보기술원,지자체출연연구기관
측정시험장비,전지/충방전측정시험장비,Module simulator,모델명 없음,일본,Denken,2013-11-14,활용,56000,구미전자정보기술원,지자체출연연구기관
측정시험장비,전지/충방전측정시험장비,Quantum Efficiency Measurement System,IQE-200,미국,Newport,2012-12-17,활용,47000,구미전자정보기술원,지자체출연연구기관
온도/열/습도/수분측정장비,투습도측정기,Water Vapor Permeability Testers System,PERMATRAN-W Model 3/33,미국,Mocon,2014-04-24,활용,50000,구미전자정보기술원,지자체출연연구기관
온도/열/습도/수분측정장비,투습도측정기,Water vapor transmission rate tester,PERMATRAN-W Model 3/33,미국,Mocon,2006-12-02,불용,50000,구미전자정보기술원,지자체출연연구기관
재료물성시험장비,특성평가시험기,TSP Linearity Tester,ST-100,대한민국,(주)엘디케이,2010-08-08,활용,10000,구미전자정보기술원,지자체출연연구기관
전기/전자장비,달리 분류되지 않는 전기/전자장비,Panel Interface Module,k-270,대한민국,엠아이케이21,2013-06-28,활용,30000,구미전자정보기술원,지자체출연연구기관
반도체장비,트랙장비,Testuring and PSG remove system,모델명 없음,대한민국,(주)울텍,2014-01-17,활용,350000,구미전자정보기술원,지자체출연연구기관
입자분석장비,비표면적측정장비,BET Surface area analyzer,BELSORP-max,일본,Bel Japan,2007-03-20,활용,86000,구미전자정보기술원,지자체출연연구기관
분광분석장비,푸리에변환적외선분광기,Fourier Transform Infrared Spectrometer,Vertex 70,독일,Bruker,2006-03-21,활용,33000,구미전자정보기술원,지자체출연연구기관
열유체장비,항온/항습기,Hot-Cold & Humidity Chamber,C600-70,독일,Weiss Technik,2007-04-04,활용,7000,구미전자정보기술원,지자체출연연구기관
측정시험장비,광/LED/반도체/디스플레이측정시험장비,Hall effect measurement system,HMS-3000,대한민국,에코피아,2007-09-18,활용,21000,구미전자정보기술원,지자체출연연구기관
측정시험장비,다기능임피던스측정시험장비,Impedance Analyzer,4294A,미국,Agilent Technologies,2005-01-30,활용,24000,구미전자정보기술원,지자체출연연구기관
분광분석장비,X-선형광분석기,ED-XRF,SEA 1200 VX,일본,Seiko Instruments,2008-01-15,활용,15000,구미전자정보기술원,지자체출연연구기관
광파발생/측정장비,색도계/색차계/탁도계,SpectroPhotometer,CM-3700d,일본,Konica Minolta,2007-01-17,활용,36000,구미전자정보기술원,지자체출연연구기관
재료물성시험장비,진동내구시험장비,combined environmental vibration test system,850-440,영국,LDS,2008-02-11,활용,364000,구미전자정보기술원,지자체출연연구기관
장비소프트웨어,설계/생산소프트웨어,EMC TEST SYSTEM,모델명 없음,독일,Rohde&Schwarz,2014-04-25,활용,250000,구미전자정보기술원,지자체출연연구기관
반도체장비,리소그래픽장비,Photolithography mask aligner,MDA-60MS,대한민국,마이다스시스템(주),2014-05-21,활용,50000,구미전자정보기술원,지자체출연연구기관
반도체장비,유기금속화학증착장비,Thermal Evaporator System,KVE-T4000,대한민국,코리아바큠테크㈜,2016-02-19,활용,50000,구미전자정보기술원,지자체출연연구기관
현미경,주사전자현미경,Field Emission-Scanning Electron Microscope,JSM-7610F,일본,Jeol,2016-06-23,활용,55000,구미전자정보기술원,지자체출연연구기관
반도체장비,원자층증착장비,Metal Atomic Layer Deposition,SPACE-S,대한민국,(주)울텍,2017-04-10,활용,95000,구미전자정보기술원,지자체출연연구기관
반도체장비,열처리장치,Rapid Thermal Process Equipment,VULCAN-R81RD,대한민국,리드엔지니어링,2016-12-22,활용,25000,구미전자정보기술원,지자체출연연구기관
재료물성시험장비,열충격시험기,Thermal Shock Chamber,TS-120,독일,Weiss Technik,2016-10-11,활용,18000,구미전자정보기술원,지자체출연연구기관
현미경,주사탐침현미경,AFM,AFM5300E/AFM5000Ⅱ,일본,Hitachi,2016-03-04,활용,40000,구미전자정보기술원,지자체출연연구기관
재료물성시험장비,온습도시험기,RTCC,ARSF-0800-15,일본,Espec,2023-01-19,활용,10000,구미전자정보기술원,지자체출연연구기관
재료물성시험장비,달리 분류되지 않는 재료물성시험장비,TSCC,TSA-1100HS-W,일본,Espec,2023-01-19,활용,20000,구미전자정보기술원,지자체출연연구기관
온도/열/습도/수분측정장비,온도/습도/수분측정기,SDT,SDT-650,미국,Ta Instruments,2022-01-11,활용,40000,구미전자정보기술원,지자체출연연구기관
분광분석장비,유도결합플라즈마원자방출분광기,ICP-OES,AVIO550,미국,Perkin Elmer,2022-01-11,활용,70000,구미전자정보기술원,지자체출연연구기관
현미경,주사전자현미경,FIB,Helios 5 UX,미국,Thermo Fisher Scientific,2021-09-29,활용,200000,구미전자정보기술원,지자체출연연구기관
방사선발생/측정장비,X-선발생기,XRM,Xradia 620 Versa,독일,Carl Zeiss,2021-09-29,활용,200000,구미전자정보기술원,지자체출연연구기관
장비소프트웨어,연구장비기반소프트웨어,Muscle Simulation System,nmotion,일본,NAC,2021-11-22,활용,32600,대구보건대학교 산학협력단,사립대학(2년제)
카메라/영상처리장비,스캐너,3D Body shape / Body temperature Measurement Sytetm,GO SCAN SAPRK,캐나다,Creaform,2021-12-02,활용,34100,대구보건대학교 산학협력단,사립대학(2년제)
힘/토오크/압력/진공측정장비,중력/압력/진공측정장비,Universal Testing Machine,34TM-10,미국,Instron Corporation,2021-12-02,활용,36200,대구보건대학교 산학협력단,사립대학(2년제)
질량분석장비,미량가스질량분석기,Indoor air analyzer,IQ-610Xtra,미국,Graywolf,2021-12-07,활용,32200,대구보건대학교 산학협력단,사립대학(2년제)
분리정제장비,달리 분류되지 않는 분리정제장비,Ultrasound Extractor,VCX-750,미국,Sonics & Materials,2021-10-18,활용,29300,대구보건대학교 산학협력단,사립대학(2년제)
전문의학용특수장비,의료교육장비,Pediatric Dummy,S3010,미국,Gaumard,2021-12-02,활용,44000,대구보건대학교 산학협력단,사립대학(2년제)
힘/토오크/압력/진공측정장비,중력/압력/진공측정장비,Body Pressure Distribution Measurement System,XSENSOR X3 Pro,캐나다,Xsensor Technology,2021-11-15,활용,32200,대구보건대학교 산학협력단,사립대학(2년제)
임상측정/진단장비,심혈관측정/진단장비,Remote Physiological Monitor,BioHarness3,미국,Zephyr,2021-11-02,활용,58000,대구보건대학교 산학협력단,사립대학(2년제)
카메라/영상처리장비,스캐너,3D Scanner,HandySCAN BLACK Elite,캐나다,Creaform,2021-10-18,활용,32200,대구보건대학교 산학협력단,사립대학(2년제)
분리분석장비,박막크로마토그래피,Thin-Layer Chromatography,ATS 4,스위스,Camag,2021-06-15,활용,43500,대구보건대학교 산학협력단,사립대학(2년제)
임상측정/진단장비,임상추적/인식측정/진단장비,Biological Signal Measurement System,CAPTIV-L7000,프랑스,Tea,2021-06-11,활용,49700,대구보건대학교 산학협력단,사립대학(2년제)
임상의료장비,달리 분류되지 않는 임상의료장비,Mobile based usability evaluation system,IMotions,덴마크,Imotions,2020-12-28,활용,56800,대구보건대학교 산학협력단,사립대학(2년제)
임상측정/진단장비,달리 분류되지 않는 임상측정/진단장비,Eye Tracker,Tobii Pro Glasses 2,스웨덴,Tobii Technology,2020-12-23,활용,31400,대구보건대학교 산학협력단,사립대학(2년제)
물리적측정장비,달리 분류되지 않는 물리적측정장비,Wireless Portable Body Analysis Kit,ergo PAK,미국,HOGGAN Scientific,2020-03-10,활용,24400,대구보건대학교 산학협력단,사립대학(2년제)
시간/주파수/속도/회전수측정장비,주파수계수기,Sound Noise Analyzer,Type 3050,덴마크,Bruel & Kjaer VTS Limited,2022-03-31,활용,37400,대구보건대학교 산학협력단,사립대학(2년제)
카메라/영상처리장비,스캐너,3D whole body scanner,VITUSbodyscan,독일,Vitronic,2022-10-14,활용,45600,대구보건대학교 산학협력단,사립대학(2년제)
임상측정/진단장비,달리 분류되지 않는 임상측정/진단장비,Evaluating Infants Cognitive Functioning,모델명 없음,대한민국,(주)인더텍,2022-08-30,활용,39100,대구보건대학교 산학협력단,사립대학(2년제)
광파발생/측정장비,달리 분류되지 않는 광파발생/측정장비,Establishment of empirical lighting environment,모델명 없음,대한민국,중원,2022-12-31,활용,32700,대구보건대학교 산학협력단,사립대학(2년제)
카메라/영상처리장비,모션캡쳐카메라,Motion analysis system,Miqus-Hybrid,스웨덴,Qualisys,2022-10-21,활용,52800,대구보건대학교 산학협력단,사립대학(2년제)
힘/토오크/압력/진공측정장비,달리 분류되지 않는 힘/토오크/압력/진공측정장비,Ground Reaction Force Plate System,FP4060-07,미국,Bertec Corporation,2022-10-19,활용,39600,대구보건대학교 산학협력단,사립대학(2년제)
시간/주파수/속도/회전수측정장비,속도/회전수측정장비,Driving performance stage,모델명 없음,대한민국,(주)인터오션,2022-10-21,활용,57400,대구보건대학교 산학협력단,사립대학(2년제)
데이터처리장비,달리 분류되지 않는 데이터처리장비,Sleep Analysis System,Miniscreen PRO,독일,lowenstein,2022-08-25,활용,48500,대구보건대학교 산학협력단,사립대학(2년제)
힘/토오크/압력/진공측정장비,중력/압력/진공측정장비,Human body Pressure Measurement System,Pliance,독일,Novel,2022-11-03,활용,55400,대구보건대학교 산학협력단,사립대학(2년제)
카메라/영상처리장비,모션캡쳐카메라,Behavior analysis system,Portable observation lab,네덜란드,Noldus,2022-10-19,활용,37300,대구보건대학교 산학협력단,사립대학(2년제)
성형/가공장비,3D프린터,Biochemical prototype manufacturing facility,j850 prime,미국,stratasys,2022-09-19,활용,175200,대구보건대학교 산학협력단,사립대학(2년제)
분리분석장비,전기영동장치,High Performance Capillary Electrophoresis System,7100CE,미국,Agilent Technologies,2022-04-05,활용,55100,대구보건대학교 산학협력단,사립대학(2년제)
분리분석장비,액체크로마토그래피,High Performance Liquid Chromatograph Post Column Reaction System,Alliance e2695,미국,Waters,2022-04-01,활용,40200,대구보건대학교 산학협력단,사립대학(2년제)
분리분석장비,액체크로마토그래피,HPLC Quardrupole Mass Spectrometer,Alliance e2695,미국,Waters,2022-04-01,활용,45900,대구보건대학교 산학협력단,사립대학(2년제)
질량분석장비,기체크로마토그래피질량분석기,Gas Chromatograph Mass Spectrometry,Clarus 690 SQ 8T,미국,Perkin Elmer,2022-04-01,활용,46100,대구보건대학교 산학협력단,사립대학(2년제)
질량분석장비,플라즈마질량분석기,Inductively Coupled Plasma Mass Spectrometer,NexION2000,미국,Perkin Elmer,2022-09-22,활용,62200,대구보건대학교 산학협력단,사립대학(2년제)
재료물성시험장비,특성평가부대장비,Emission Test Chamber System,MSCS-T9-ISO,대한민국,탑트레이딩 이엔지,2022-10-21,활용,52500,대구보건대학교 산학협력단,사립대학(2년제)
반도체장비,리소그래픽장비,Field Emission Scanning Electron Microscope System,MIRA LMS,체코,TESCAN,2022-11-28,활용,57300,대구보건대학교 산학협력단,사립대학(2년제)
열유체장비,항온/항습기,Temperature Humidity Test Chamber,EBE-2EW6P2T-38,일본,Espec,2022-11-25,활용,74600,대구보건대학교 산학협력단,사립대학(2년제)
임상측정/진단장비,달리 분류되지 않는 임상측정/진단장비,Eye Tracker,Tobii Pro Glasses 2,스웨덴,Tobii Technology,2020-12-23,활용,5000000,대구보건대학교 산학협력단,사립대학(2년제)
