협력대학기관,연도,분야,연구ID,제목,참여학생,소속고등학교,지도교사,지도교수,연구요약,주제어
DGIST,2024,수학,자_1_수학_23,,김민성･이동윤･정진우,대구일과학고등학교,서혁민,강효상,"본 연구는 4차원 공간을 미로 프로그램의 형태로 구현함으로써 4차원의 개념에 대한 직관적인 이해를 도우는 방법을 찾는 것을 목적으로 한다. 본 연구에서는 4차원 공간을 4개의 3차원 공간 으로 사영한 인터페이스를 pygame을 통해 프로그래밍하였으며, 인터페이스에서는 사용자의 입력에 따라 좌표가 변화하며 1차원 미로 공간을 이동할 수 있다. 테서랙트의 하위 셀인 정육면체의 여섯 개 중 비로 구조에서 뚫려 있는 여부를 색으로 표현함으로써, 각 3차원 인터페이스에서 사용자가","4차원, pygame, 미로, 테서렉트"
DGIST,2024,물리,지_2_물리_75,,박재현･박지민･오승찬,경남과학고등학교,박호철,최승호,"근사를 이용하지 않으면 일반적으로 풀기 어려운 상황을 MATLAB을 이용한 시뮬레이션을 통해 분석하고, 이를 실제 실험 결과와 비교하여 고전역학에 대해 심도 있게 이해하고자 한다. MATLAB을 이용하여 공기저항이 존재하는 투사체 운동을 실제 실험 결과와 비교하여 분석하였 고, 태양 주변 행성의 라그랑주 점을 분석하였다.","고전역학, 매트랩, 투사체 운동, 공기저항, 행성 운동, 라그랑주 점"
DGIST,2024,화학,자_3_화학_29,금속유기구조체를 이용한 의약물질의 흡착,박유민･이강욱･이준우,대구일과학고등학교,정규한,박진희,"연구에서는 항염증제인 나프록센(Naproxen)을 효과적으로 흡착할 수 있는 금속-유기 구조체 (Metal-Organic Frameworks, MOFs)를 합성하고자 했다. MOFs는 금속 이온 또는 금속 클 러 스터와 유기 리간드가 결합하여 형성되는 다차원 구조체로, 넓은 비표면적과 조절 가능한 기공 크 기로 인해 다양한 응용 분야에서 주목받고 있다. 본 연구에서는 다양한 테레프탈산 유도체와 금속 이온을 조합하여 새로운 MOFs를 합성하고, 이들의 나프록센 흡착 성능을 평가하였다. 특히,","금속-유기 골격체, 다공성 물질, 나프록센, 흡착, 수질 정화"
DGIST,2024,화학,자_3_화학_81,폐의약품 잔류 수용액 정제를 위한 MOFs,구동호･이승채,충남과학고등학교,윤자민,남창훈,"정수처리 연구의 발전은 Zeolites와 활성탄을 대중적으로 부상시켰지만, 최근 금속-유기 골격체 (잔류의 약물질)로 오염된 수질을 정화하는 효율성을 평가하였으며, 산(-SO3H)과 염기 CHATMOF와 XRD 분석 결과, 세공크기가 가장 큰 –SO3H 작용기의 AMSA-MIL-101-Cr의 높은 효율을 예상하였으나 실제 결과 E D-MIL-101-Cr이 PPCPs 88.15~98.0%를 제거할 정도","MIL-101-Cr, AMSA-MIL-101-C r, ED-MIL-101-Cr, PPCPs(잔류의약물질),  세공 및"
DGIST,2024,화학,자_4_생물_57,구멍갈파래 바이오차의 냉각속도에 따른 이화학적 특성 분석 및 토양 염분 제거제로의,오지후･서보겸･박소현,창원과학고등학교,허영희,김성균,"기후변화로 인해 증식하며 여러 피해를 주고 있는 구멍갈파래를 열분해시켜 바이오차를 제작한 후 냉각 온도에 따른 이화학적 특성 비교를 위해 0℃, 25℃, 50℃, 75℃에서 냉각시킨 바이오차의 냉각 속도를 계산하고 표면 구조, 비표면적 크기, 수득률, pH, 원소 함량 비율을 측정하였다. 그 결과 표면 구조와 비표면적 크기, 수득률, pH의 변화는 0℃에서 냉각시킨 바이오차가 가장 우수 하였고, 원소 비율은 모든 바이오차에서 큰 차이가 없었다. 가장 성능이 우수한 0℃에서 냉각시","구멍갈파래, 바이오차, 냉각 속도, 공극 구조, 염분 제거제"
DGIST,2024,정보,지_7_공학_43,하베스팅 소자 개발 및 응용,권시후･김성재･박서준･안영민,대구과학고등학교,김성진,이주혁,"것을 목표로 한다. 압전 에너지 하베스팅은 기계적 에너지를 전기적 에너지로 변환하는 기술로, 다양한 진동, 충격, 압력 등 외부 자극을 통해 전기를 생산한다. 특히, FF(Phe-Phe) 나노튜브를 이용한 압전 소자의 자가조립 과정을 연구하였다. FF 나노튜브는 환경과 인체에 무해한 생체 압 전 소자로, 바이오 응용 분야에서의 에너지 문제 해결에 기여할 수 있다. 연구 과정에서는 HFIP와 FF의 용액을 다양한 농도로 제조하고, 이를 ITO 필름 위에 자가조립시","압전 소자, 에너지 하베스팅, 생체 재료, 나노튜브"
DGIST,2024,정보,지_7_공학_44,친환경 가소제를 이용한 신축성 소재 기반 마찰대전 에너지 하베스팅 소자 개발 및 응용,성정규･이민성･이위진･임강민,대전동신과학고등학교,손민욱,이주혁,"TENG)의 출력 성능과 내구성을 개선하기 위한 다양한 방안을 탐구하였다. DBA, DOA, Triethyl Citrate 순으로 성능이 우수한 것으로 나타났으며, 이는 가소제의 극성 차이와 분자 크 기 및 유연성에서 기인하는 것으로 분석되었다. 또한, 개발된 TENG를 키보드에 적용하여 실생활 에서의 활용 가능성을 검증하였다.","친환경 가소제, 마찰대전, TENG, PVC"
DGIST,2024,융합,자_8_융합_18,프롤린 아미노산에 의한 세포 투과성 펩타이드의 세포 내 투과 향상 메커니즘 연구,강효영･신민석･전지우,대구일과학고등학교,김충만,최승호,"세포 내 전달을 가능하게 하는 매개체로서 최근 주목받고 있다. 특히 프롤린(Proline) 아미노산이 CPP의 세포 투과성을 증가시키는 중요한 역할을 한다는 보고가 있지만, 그 구체적인 메커니즘은 아직 명확히 밝혀지지 않았다. 본 연구에서는 프롤린이 포함된 CPP가 세포막을 통과하는 과정과 그 효과를 분자 수준에서 분석하여, 프롤린이 세포 투과성에 미치는 영향을 규명하고자 한다. 연구를 통해 프롤린이 펩타이드의 구조적 유연성을 증가시키고, 이로 인해 CPP가 세포막과의 상","프롤린, 세포 투과성 펩타이드, 세포 내 투과성, 약물 전달, 구조적 유연성"
DGIST,2024,융합,지_8_융합_55,,강다연･김정우･김지환･차단비,대전동신과학고등학교,김해수,임용섭,"본 연구는 드론을 활용한 해변 익수 사고 예방 및 구조 시스템을 제안하고, 카메라 캘리브레이션 를 고려하여, 체커 보드 패턴을 이용한 캘리브레이션으로 내부 및 외부 파라미터를 추정하고, 왜곡 간으로 정확히 파악할 수 있으며, 구조 작업의 효율성을 크게 향상시킬 수 있음을 입증하였다.","드론 구조 시스템, 카메라 캘리브레이션, 익수 사고 예방, 위치 추정, 왜곡 보정"
DGIST,2024,융합,지_8_융합_56,,"본 연구에서는 AI 기술을 활용한 딥러닝을 활용한 주행 환경 인식, 주행 기반 기술인 객체 인식",대전동신과학고등학교,김해수,임용섭,"및 차선 인식 기술을 구현하였다. 자율주행 자동차는 자동차 충돌 사고, 공평한 이동권 제공을 위 을 구현하였다. 이를 실제 주행 영상에 적용해 기술의 작동 여부를 확인하고 문제점을 파악하였 다. 이를 통해 추후 실제 자율주행 시 적용가능함을 확인하였다. 고가의 라이다가 아닌 경제적인","딥러닝, AI, 객체인식, 차선인식, 자율주행"
DGIST,2024,융합,지_8_융합_67,드론 기반 시각장애인의 위험 감지 시스템 연구,김준수･김택윤･안현우,충북과학고등학교,이민혁,임용섭,"본 연구는 시각장애인의 안전 강화를 위해 드론과 인공지능 기반 객체 인식 기술을 활용한 위험 감지 시스템을 개발하였다. PixHa wk 4 기반의 드론에 Raspberry Pi와 카메라를 장착하여 시각 장애인의 주변 환경을 실시간으로 모니터링하고, YOLO 모델을 통해 사람 이외의 물체를 감지하 고음을 발생시켜 시각장애인에게 접근 위험을 알린다. 본 시스템은 물체와 시각장애인 간의 거리 와 접근 속도를 기반으로 경고음의 주파수와 지속 시간을 조정하여 실제 위험 상황에서만 효과적","드론 보조 기술, YOLO 모델, 블루투스 경고 시스템, 시각장애인 위험 감지"
DGIST,2025,물리,지정_물리_05,분자동력학 시뮬레이션을 활용한 전해질 속 이온들의 유동성 탐구,"전해질 내 이온 유동성은 배터리 및 전기화학 장치 성능을 좌우하는 핵심 요소이나, 기존 실험",대구과학고등학교,이형준,최승호,"(EIS 등)만으로는 이온 용매화, 이온쌍, 계면 거동과 같은 미시적 현상을 정량적으로 분리 및 해석 하는 데 한계가 명확하다. 본 연구는 이러한 문제 인식을 바탕으로 GROMACS기반 분자동력학 MD 시뮬레이션을 수행, 다양한 조성의 Li+ - FSI- 전해질을 모델링하고 미시적 지표를 도출 형성이 촉진되었고, 이로인해 MSD 기울기가 감소하며 Li 확산계수는 낮아지는 경향을 보였다. 통한 정량적 이동성 분석 체계를 구축하여, 미시적 관점에서 전해질 조성과 유동성의 상관관계를","분자동력학, 이온유동성, LiFSI전해질, RDF, MSD"
DGIST,2025,융합,지정_융합_42,,"본 연구는 외부 상부 카메라를 이용하여 RC카의 위치와 방향을 실시간으로 인식하고, 중앙 컴퓨터",대구과학고등학교,김동균,임용섭,"템을 구현하였다. 영상 좌표를 실제 거리 단위로 변환하기 위해 호모그래피 변환을 적용하였으며, 차량 상단의 두 개의 색상 마커를 통해 안정적인 위치와 방향을 추정하였다. 또한 일방통행 조건 을 고려한 A* 알고리즘과 가짜 목적지(Fake Goal) 전략을 도입하여 주행 방향성을 보장하였고, 동적 장애물 감지를 통해 회피(Evasion) 및 우회(Re-planning) 로직을 수행하였다. 연구 결과, 주행 제어가 가능함을 확인하였다.","자율주행, 위성 시점, 중앙 관제, A* 알고리즘, 동적 장애물 회피"
DGIST,2025,융합,지정_융합_44,자율주행 RC카를 활용한 단일 카메라 기반 알고리즘 개발 및 가중치 최적화,"최근 자율주행 기술은 다중 센서 융합을 통한 고도화가 이루어지고 있으나, 저비용 플랫폼에서는",대구과학고등학교,정재환,임용섭,"고리즘을 개발하였다. 이 알고리즘은 ‘차선 방향각’ 기반 조향과 ‘무게중심 오차’ 기반 조향이라는 중점적으로 분석하였다. 연구를 위해 카메라 입력 영상을 OpenCV로 처리하여 차선 중심 좌표와 기울기를 검출하였고, 알고리즘의 융합 가중치를 변화시켜가며 모터 속도, 차선 중심 편차, 차선 기울기, 스티어링 값 등의 데이터를 수집하였다. 실험 결과, 융합 가중치의 크기에 따라 차선 이탈 시 경로에 복귀하는 반응 패턴과 안정화 시간이 달라짐을 확인하였다. 이는 단일 영상 기반 시스","자율주행, 주행 안정성, 라인트레이싱, 무게중심 오차, 조향 가중치"
DGIST,2025,융합,지정_융합_86,,"실험을 수행한 결과, 차선 인지와 제어 명령이 정상적으로 작동함을 확인하였으며, 이를 통해 향후",전북과학고등학교,황지영,임용섭,"본 연구는 RC-Car 기반 플랫폼을 활용하여 자율주행의 핵심 요소인 환경 인지와 제어 알고리즘을 알고리즘을 구축하고, OpenCV 기반 전처리와 확률적 허프 변환을 이용해 차선 유형과 중심 오프셋을 계산하였다. 또한 PID 제어기를 적용해 조향각과 속도를 안정적으로 조절함으로써, 직선과 곡선 구간 모두에서 주행 안정성을 확보하였다. 실제 RC-Car에 알고리즘을 적용해 주행 다양한 AI·딥러닝 기반 자율주행 기술을 확장 적용할 수 있는 기초 토대를 마련하였다.","자율주행 알고리즘, 영상 기반 차선 인식, PID 제어, RC-Car 플랫폼, AI 자율주행 기초"
GIST,2024,화학,자_3_화학_19,프러시안 블루 유사체 MOF의 수계 내 CO₂,"블루 유사체를 기반으로 한 금속-유기 골격체를 합성하고, 대기 중, 수계 내에서 CO₂ 흡착 성능",경산과학고등학교,이황기,김태영,"본 연구에서는 해양 생태계에 심각한 위협이 되는 해양 산성화 문제를 해결하기 위해 프러시안 을 평가하였다. 기존 PBA의 수중안정성 문제를 해결하기 위해 AA 개질된 다공성 물질을 지지체 로 사용하였다. PBA의 특성은 UV-Vis와 XRF, FT-IR 분석을 통해 확인되었다. CO₂ 흡착능은 대기 및 수계 내 환경에서 CO₂ 농도 센서와 전기 전도도 센서를 통해 각각 정량하였다. AA 개 질시 더욱더 높은 수중안정성을 가지며, 대기 중에서 표면 개질된 황토 지지체 흡착제가 가장 높","MOF(Metal-Organic Framework),  PBA(Prussian Blue Analogue),  이산화탄소"
GIST,2024,화학,지_3_화학_86,,우신영･홍정우･김영진･이진우,대전동신과학고등학교,하서영,김현우,"최근 몇 년간 에너지 저장 시스템에 대한 관심과 수요가 급증하면서 리튬 이온 배터리(LIB)에 대 한 연구가 활발히 이루어지고 있다. 이차전지는 높은 에너지 밀도와 긴 수명으로 인해 휴대용 전 자기기, 전기 자동차 등에 널리 사용된다. 그러나 성능과 안전성, 수명을 최적화하는 것은 여전히 도전 과제이다. 본 연구는 이차 전지 소재의 성능을 예측하기 위한 머신 러닝 모델을 개발하고자 터와 머신 러닝 기법을 결합하여 새로운 소재 개발의 효율성을 높이고 예측 정확성을 향상시키는","2차 전지, 인공지능, 소재, 딥러닝"
GIST,2024,화학,지_3_화학_87,분자 용해도 예측 기계학습 모델 개발,조혜인･박민서,세종과학예술영재학교,하승현,김현우,"약물 용해도는 신약 설계 초기 단계에서 반드시 평가해야 하는 중요한 물리화학적 특성이다. 하 측 성능을 비교 분석하였다. 연구 결과 , GeDML(Generalized Deep Metric Learning)을  도 입 하여 소규모 데이터 환경에서도 높은 예측 성능을 달성하였다. 본 연구에서 개발한 모델은 제약","그래프 신경망, 용해도 예측, 딥러닝, Generalized Deep Metric Learning (Ge DML)"
GIST,2024,화학,지_3_화학_88,습식방법과 나노입자를 이용한 카이랄 분자,구동준･곽도윤･이현규･최준서,전남과학고등학교,성제록,방윤수,본 연구는 나노입자들을 합성하고 이를 표지물질을 활용하여 카이랄 분자를 높은 민감도로 선택 적으로 검출할 수 있는 센서를 제작하는 것을 목표로 한다 . 나노입자를 합성하고 페닐알라닌을 룰로스 나노 결정과 같은 차세대 친환경 소재를 활용한 분야에서 분자의 카이랄성을 감지하는 기 술이 많이 연구되고 있다 . 친환경 소재를 활용하여 빛과의 상호작용을 극대화하는 방식이 진행되,"거울상 이성질체, 카이랄 분자, 표지물질, SERS 분광법"
GIST,2024,지구과학,자_5_지구과학_12,광물 침전 미생물의 강 오염수 정화 능력,박강민･이영선･조하은,경남과학고등학교,정태준,황희정,"본 연구는 미생물과 탄산칼슘을 활용하여 강물 내 오염물질의 제거 효율을 평가하는 것을 목적으로 질을 완전히 제거하지 못하는 한계를 가진다. 본 연구에서는 특정 미생물을 이용해 탄산칼슘을 침전시키고, 이를 통해 오염물질을 물리적으로 제거하는 방법을 탐구한다. 실험은 미생물의 정화 기술의 실용성을 검토한다. 이 연구는 비용 효율적이고 환경 친화적인 수질 정화 방법을 제시함","주수질 정화, 미생물 기반 정화, 탄산칼슘 침전, 오염물질 제거, XRD"
GIST,2025,정보,지정_공학_09,산화물 멤리스터 제작 및 특성 평가를 통한,"본 연구는 차세대 인공지능 하드웨어로 주목받는 멤리스터를 제작하고, 시냅틱 기능 모사 가능성을",대구일과학고등학교,,이상한,"평가하는 것을 목표로 한다. 스퍼터링을 통해 Co 3O4 박막을 증착하고, 마랑고니 효과를 이용해 자기조립된 단결정 나노 크리스탈을 seed laye r로 형성하여 에피택셜 박막 성장을 유도하였다. Pt 전극을 이용한 전기적 특성 분석 결과, 에피택셜 박막 기반 멤리스터는 균일한 산소 공공","멤리스터, 산화 코발트 박막, 마랑고니 효과, 전극패터닝, 지능형 반도체"
GIST,2025,정보,지정_공학_10,,"한 두께로 형성되었으며, 박막의 두께와 결정성이 광흡수 및 전기화학적 성능에 미치는 영향을",대전동신과학고등학교,박동성,이상한,전기 촉매로 적용하여 광전기화학(PEC) 성능을 비교한다.  박막은 스핀코팅을 통해 다양 분석한다. 이후 NiFe 촉매를 전극 표면에 증착하여 수소 발생 반응의 효율을 향상시키고자 한다. 을 크게 향상시킴을 탐구한다. 본 연구는 고효율 광전극 설계에 있어 소재 조합과 구조 최적화의,"그린수소, PEC 수소 생산 기술, 촉매 코팅"
GIST,2025,정보,지정_공학_28,광촉매를 사용한 물분해 반응에서의 조촉매,권미진·김민율·박예찬·엄지우·임채원,대구과학고등학교,하태진,김봉중,"수소 연료는 대표적인 친환경 에너지원으로, 물의 전기분해 반응을 통한 수소 생산이 주목받고 된다. 본 연구에서는 BiVO₄를 광촉매로, Co₃O₄를 조촉매로 적용하고 몰농도 변화에 따른 전기 화학적 특성을 분석하였다. LSV, ABPE, EIS, 안정성 측정 결과, Co₃O₄ 농도가 과소하면 촉매 효과가 부족하고, 과다하면 광 흡수를 방해하여 성능이 저하되었다. 특히 0.03 M Co₃O₄에서 가장 높은 광전류 밀도와 효율, 낮은 onset potential과 전하 전달 저항이 확인되었다. 이는 조","광촉매, 조촉매, 전기 분해, PEC 셀, sol-gel 스핀 코팅"
GIST,2025,융합,지정_융합_12,나이오븀 도핑으로 전기전도도를 높이 TiO 2 담지체에 루테늄을 담지한 양이온 교환막,"생산하는 방법은 주로 수전해를 사용하며, 그중 양이온 교환막 수전해(PEMWE)가 다른 수전해",전남과학고등학교,김창진,박찬호,TiO2의 낮은 전기 전도성으로 인해 이를 개선할 필요성이 있다. 따라서 이 탐구에서는 문제 해결 방법으로 나이오븀을 지지체에 도핑하여 전기전도성과 촉매 안전성을 높이고 이리듐을 루테늄으로 대체하는 것을 제시한다. 실험은 나이오븀이 도핑되지 않은 대조군과 각각 나이오븀 도핑량이,"그린 수소, PEMWE, 산화극 촉매, Nb 도핑"
GIST,2025,융합,지정_융합_24,수전해용 담지 촉매의 합성 및 특성 연구,"본 탐구는 친환경적인 그린 수소 자원 개발의 향상을 위하여 진행되었으며, 이를 위한 목적으로",대전동신과학고등학교,김해수,박찬호,"수 전해에 사용 가능한 담지 촉매의 성능 향상을 목표로 삼았습니다. 또한 부촉매의 개발로 기존의 촉매를 개선 시키는 방향으로써 연구를 진행하였고, 이를 위하여 다양한 부촉매 재룔를 탐색 및","수전해, 친환경, 청정에너지, 촉매"
KAIST,2024,수학,지_1_수학_61,,김지호･김태현･배상훈･이신후･정준섭,강원과학고등학교,심관수,송익호,"뇌전도(EEG)는 뇌의 전기적 활동을 실시간으로 기록할 수 있는 도구로, 정신 질환 진단과 수면 연구 등에 활용되지만 신호 분석의 복잡성과 낮은 정확도가 문제로 지적된다. 본 연구는 디랙 델타 개선하고자 하며, 푸리에 변환과 이산 푸리에 변환을 함께 사용하여 EEG 신호 분석의 정밀도와 효율성을 높이는 방법을 제시하였다.","디랙 델타 함수, 데이터 보간, 비균일 샘플링, EEG, ICA"
KAIST,2024,수학,지_1_수학_64,열대 대수학의 이론과 응용에 대한 다각적,조은호･박세영･윤태혁,대구과학고등학교,최재혁,한상근,"본 연구는 열대 대수학의 기본 개념과 응용을 탐구하고, 이를 바탕으로 다양한 응용 분야에서의 최적화 이론, 그래프 이론, 신경망 등 여러 분야에서 유용한 수학적 틀을 제공한다. 본 연구에서는 문제의 해결에 관한 방향성을 제시하고자 한다.","열대 대수학, 그래프, 단순화, 해시 알고리즘"
KAIST,2024,수학,지_1_수학_70,충격함수의 뜻매김,"함수, 극한, 미분 개념을 활용한 계단함수와",충남과학고등학교,정종원,송익호,"이 연구에서는 집합과 함수의 개념을 바탕으로 계단함수와 충격함수를 탐구하였다. 집합의 기본 법칙과 특성을 분석하고 이를 응용한 여러 성질을 증명하였다. 셀 수 없는 집합과 셀 수 있는 집합의 개념을 정리하였고, 이에 대한 유리수와 무리수의 조밀성을 증명하는 활동을 수행하였다. 또한, 정의역, 공역, 치역과 같은 함수의 기초적인 구성 요소를 다루고, 단사함수와 전사함수의 개념을 통해 함수의 성질을 심화하였다. 함수의 연속성과 불연속성에 대한 탐구에서는 고른 연속","계단함수, 연속, 집합, 충격함수, 함수"
KAIST,2025,수학,지정_수학_03,충격함수를 활용한 인공지진 전파 모델링,정선민 · 정호준,세종과학예술영재학교,강향임,송익호,"이 연구에서는 충격함수와 계단함수를 기반으로 한 수학적 모형을 활용하여 인공지진의 전파 양상을 분석하였다. 충격함수는 순간적인 외력의 작용을 나타내는 데에 활용되었으며, 계단함수는 신호의 시작을 알리는 데 사용되었다. 이때, 파동 방정식의 그린함수를 이용한 해법을 통해 1차원 및 2차원에서 지진파 전파를 수식화하였고, 모의실험 도구 매트랩을 활용하여 각 지점에서 지진 파의 세기를 시각화하였다. 또, 이를 응용해 지진파의 진원과 가중치 정보가 주어지면 위험 지역을","충격함수, 계단함수, 그린함수, 인공지진, 수학적 모형화"
POSTECH,2024,수학,자_1_수학_44,,이소윤･서인혁･이준학･김준서,인천과학고등학교,지문선,장진우,"내쉬 균형을 분석한다. 게임 이론은 다수의 이해관계자가 자신의 이익을 극대화하기 위해 전략을 선택하는 과정에서 발생하는 상호작용을 연구하는 학문이다. 본 연구는 특히 평균장 게임 이론을 활용하여 대규모 참가자가 있는 복잡한 시스템에서 최적화 문제를 해결하는 방법을 제안한다. 평균 장 게임 이론은 복잡한 상호작용을 단순화하여 분석하며, 평균장 극한을 통해 참가자 수가 무한대인 상황을 가정하여 시스템의 효율성을 최적화한다.","게임 이론, 평균장 게임 이론, 내쉬 균형, 교통 체증, 편미분방정식"
POSTECH,2024,수학,지_1_수학_62,코로나와 같은 전염병 확산에 대한 수학적,전준서･장준혁･김민찬･장준혁,경북과학고등학교,권동근,정재훈,"코로나와 같은 전염병 상황을 효과적으로 대비하고 해결하기 위해서 이 상황을 예측할 수 있는 모델이 필요하다고 생각을 하였다. 따라서 본 연구는 SIR모델의 기본 이론을 이용하였다. 또한 예측의 정확도를 더 올리기 위해서 사망률과 백신, 재감염률과 같은 변수들을 같이 고려하였다. 처음 SIR모델을 사용했을때에는 미분방정식을 사용하였지만 상수를 추가하는 과정에서 미분방정 식을 그대로 사용하는것에는 무리가 있을것으로 판단해 점화식 형태로 식을 고쳐 좀 더 복잡한","위상 공간, 수학 모델, 다변수 미분방정식, 수치해석, 그래프, 다변수 점화식"
POSTECH,2024,수학,지_1_수학_66,가짜뉴스 전파 과정 분석을 위한 SIR 모델,채재현･김대훈･김시준･양동민･이준현,대구과학고등학교,박진환,정재훈,"본 연구는 전염병 확산을 설명하는 SIR 모델을 가짜뉴스 전파 분석에 적용하여, 가짜뉴스가 어떻게 퍼져나가고 특정 시간 동안 얼마나 많은 사람들이 노출될 수 있는지를 예측하고자 한다. 설문 하였고 새로운 모델을 만들었다. 연구 결과, 가짜뉴스의 확산 양상은 초기 조건에 따라 크게 달라 지며, 이를 통해 가짜뉴스 전파를 억제하거나 통제하기 위한 최적의 개입 시점과 방법을 모색할 수 있었다. 이 연구는 가짜뉴스뿐만 아니라 다양한 정보 확산 분석에도 적용 가능하여, 정보 통제","SIR 모델, 가짜뉴스, 정보 확산, 전파율, 회복률"
POSTECH,2024,수학,지_1_수학_67,데이터의 기하학 및 위상적인 분석과 인공지능 방법론의 적용,고유주･김도윤･박경도･손정현,전북과학고등학교,박정우,정재훈,"Data Analysis, TDA) 방법론을 탐구하고자 한다. 각각 원, 숫자, 구 및 무작위로 움직이는 네 지능에 접목하여 위상적 특성을 활용한 새로운 데이터 분석 방법을 제시함으로써 인공지능의 데이터 처리 능력을 향상시키고 복잡한 패턴을 보다 효율적으로 탐지 하는 데 기여하고자 한다.","위상적데이터분석 (Topological Dat a Analysis, TDA), 지속성 호몰로지"
POSTECH,2024,화학,자_3_화학_64,탄닌을 이용한 아세트아미노펜 흡착 연구,김기양･김서진･김시윤･김영찬･정서준,인천과학고등학교,민혜리,진경식,"하천에 방류된 폐의약품은 하천을 오염시키고, 여러 생물의 생명 활동을 방해하여 생태계 교란을 유발한다. 본 연구에서는 곡물에서 추출한 탄닌이 카페인이나 중금속 이온의 흡착에 효과적이라는 등의 선행 연구를 바탕으로 탄닌이 폐의약품 성분의 흡착제로 기능할 수 있는지 확인하고자 하였 다. 표적 물질로 탄닌의 작용기와 강한 쌍극자 상호작용을 할 것으로 예상되는 아세트아미도기 (-NHCOCH₃)를 가진 아세트아미노펜을 선정하여 실험을 진행하였다. 수용성 탄닌과 수산화나트","폐의약품, 탄닌, 아세트아미노펜, 분광광도계, FT-IR"
POSTECH,2024,화학,자_3_화학_65,루미놀 반응의 발광 세기를 증폭시킬 수 있는,"최적의 형광 트레이서의 종류, 농도, 온도에",인천과학고등학교,양승원,진경식,"이서 조건을 찾고자 하였다. 기존의 루미놀 반응은 범죄 현장에서 유용하게 사용되지만, 발광세기 는 형광 트레이서의 종류와 농도, 그리고 온도가 발광 세기에 미치는 영향을 조사하였다. 실험 결 과, 플루오레세인 0.001M, 로다민 0.0005M, SDF-1 9배, 요소 0.2M, 퀴닌 0.001M의 농도 에서 최적의 발광 효과가 나타났다. 또한, 0℃에서 45℃까지의 온도 조건을 변화시키며 실험한 결과, 플루오레세인, SDF-1, 요소, 퀴닌은 온도가 높아질수록 발광 효과가 증가하는 반면, 로다","루미놀, 발광 반응, 형광 트레이서, 농도, 온도"
POSTECH,2024,화학,자_3_화학_66,자외선 광주기에 따른 TiO 2 광촉매의 톨루엔,이은결･조정우･양소윤･김범준,인천과학고등학교,이순이,서종철,"톨루엔의 효율적 분해를 위해 광주기에 따른 TiO 2의 톨루엔 분해 효과를 연구하였다. 본 연구에 서는 TiO 2를 Dip-coating하여 사용하였다. 코팅된 유리판과 CO 2, O 2 MBL, 톨루엔 1mL을 투 명밀폐상자에 배치 후 UV를 쬐어주어 조건 충족 시에만 CO 2변화가 유의미하게 나타나는지 확인 장 효과적인 광주기를 도출해냈다. UV와 백색 LED 광주기에서 평균 CO 며, UV와 암실 상태에서는 27.7ppm이라는 것을 확인하였다. 전 조건에서 UV를 차단한 시간이","이산화 타이타늄, 광촉매, 톨루엔, 광주기, VOCs"
POSTECH,2024,정보,자_7_공학_14,,노현우･이성원･박소은,경산과학고등학교,이황기,김영기,"차선에서 재귀반사의 목적을 지니고 도포되지만, 경제성과 지속성 측면에서 문제를 지닌 고휘도 경적인 문제를 지닌 패각과, 고휘도 유리알 이외의 재귀반사 방법인 역반사 패턴을 이용하고자 우는 작업을 통해 역반사 패턴의 문제점을 해결함으로써 결과적으로, 실제 차선에 적용 가능한","패각, 도로 차선, 광도 향상, 재귀반사, 고휘도 유리알"
POSTECH,2024,정보,지_7_공학_42,식물 유래 천연물질을 활용한 의약품 캡슐,류한경･전시현,대구과학고등학교,옥창규,차형준,"광우병에 대한 우려로 제약 원료로 사용되는 동물 유래 원료의 사용에 대한 위험성이 대두되었고 현재 사용되고 있는 젤라틴은 반응성이 높고 여러 반응에 연관되어 있다. 이에 천연물질을 활용한 D-sorbitol, Sodium Carbonate, 그리고 실험에 맞는 전분을 재료로 하여 젤라틴화를 진행했고","캡슐, 식물성, 젤라틴, 칡, HPMC, 천연물질, 임상시험"
POSTECH,2024,정보,지_7_공학_45,돼지 간 유래 탈세포화한 세포외기질을 이용한 파우더형 지혈제 개발,윤찬영･박찬우･곽민준,세종과학고등학교,강희정,차형준,"출혈량이 많은 상황에서는 파우더형 지혈제의 사용이 필요하다. 이번 연구에서는 각광받는 돼지 간, 피부 등의 생체 조직을 사용하여 탈세포화한 세포외기질(decellularized extracellular matr ix, dECM)을 만들어 지혈제로 활용할 수 있는지에 대한 가능성을 알아보고자 하였다. 돼지 간, 피부를 이용하여 탈세포화를 진행하였고, 동결건조하여 펩신을 사용해 녹인 후 다시 동결건조하여 파우더 형으로 제형하였다. HBT(Hemoglobin binding test), TEG test(Thromboelasto graphy test),","세포외기질, 탈세포화, 지혈제, 혈액적합성"
POSTECH,2024,융합,자_8_융합_33,,김민결･유시현･임한빈･최강현,인천과학고등학교,임한빈,서종철,"최근 한국의 급속한 경제 발전에 힘입어 많은 산업적 성장이 이루어졌지만, 그에 따른 부작용으 경 문제 중 하나로 주목받고 있다. 이에 우리는 광촉매를 활용하여 수질 오염 물질을 분해함으로 써 수질정화를 도모하는 방안을 연구하 였다. 본 연구에서는 TiO₂ 광촉매와 365nm 파장의 자외 선을 이용하여 오염 물질을 분해하였으며, 분해가 완료된 후 원심분리기를 사용하여 촉매를 효과 적으로 분리하였다. 물질의 분해 정도는 분광광도계를 통해 정량적으로 측정하였으며, 이를 위해","수질 오염, TiO 2 광촉매, 자외선, 분광광도계, 색소"
POSTECH,2024,융합,지_8_융합_49,실버나노와이어 합성 및 실버나노와이어를,김구범･한연우･김성훈,경북과학고등학교,곽희진,한세광,"투명전극에는 가장 널리 사용되고 있는 ITO와 금속 나노 와이어, 그래핀 등이 있다. 하지만 플렉 시블 디스플레이에는 휘어지지 않는 그래핀, ITO는 사용되기 어렵다. 본 연구에서는 차세대 투명 유연전극인 실버나노와이어를 사용하여 실버나노 와이어 만의 강점인 높은 전기 전도성과, 투명성 게 설계한 의료용 투명 스마트 밴드를 직접 제작하였다. 실버 나노 와이어를 합성하는 과정에서 투명 전극에 적합한 합성 온도와 반응 시간을 도출하였으","실버나노 와이어, 투명유연전극,스마트 밴디지"
POSTECH,2024,융합,지_8_융합_50,소리굽쇠의 특성과 소리와의 상관관계 탐구,김동우･김우진･김윤서･손유찬,경북과학고등학교,강종현,윤건수,"본 연구는 기존의 소리굽쇠 모양인 U자형 이외에 다른 다양한 형태, 종류와 두께의 소리굽쇠를 이용하여 소리를 발생시키게 된다면 U자형 소리굽쇠와 비교하여 음색이 어떻게 변하는지 탐구하 는 연구이다. 또한, 판의 재질이나 모양에 따라서 왜 그러한 소리의 특성을 나타나게 되는것인지","소리굽쇠, 파동, 공명, 진동"
POSTECH,2024,융합,지_8_융합_51,오케스트라 공연 홀 내부에서의 최적의 청취를,이재우･최재훈･홍주희･황서영,경산과학고등학교,박경진,윤건수,"오케스트라에서 각 위치마다 소리가 다르게 들린다는 선행 연구와 전문가 인터뷰를 접한 뒤 음악 감상에 있어서 가장 이상적인 좌석은 어디인가에 대한 호기심으로부터 본 연구는 시작되었다. 고 정된 장소를 설정하여 일정한 소리를 지속적으로 발생시키고 소리를 측정하는 공간의 구역을 세 분화하여 음향을 측정하고 녹음하였다. 그 후 REW 프로그램을 사용하여 음압레벨, 임펄스 리스 펀스, 잔향 시간 등의 파라미터를 추출한 뒤, 분석을 수행하였다. 이를 통하여 최적의 음악 감상","오케스트라, 소리의 조화성, 공간 음향, 실내 음향, 음악 감상"
POSTECH,2024,융합,지_8_융합_52,양자물리학을 통한 음악적 사고의 확장 및,김시언･김태민･안태섭･이준서,경산과학고등학교,최재혁,윤건수,"본 연구는 자연 소리를 정량적으로 분석하여 소리 분류 모델을 개발하고, 자연 소리의 과학적 분 다양한 분석 방법을 통해 각 소리의 특성을 파라미터로 추출하고, 각 소리 유형이 특정 파라미터 값 범위에 집중되는 경향을 시각적으로 분석하였다. 분석 결과, 소리 유형에 따라 주요 파라미터 82%의 분류 정확도를 달성하였다. 본 연구는 자연 소리의 특성을 체계적으로 규명하여 청각 자","자연 소리, 파라미터 수치화, 소리 분류 기준, 소리 예측 모델"
POSTECH,2024,융합,지_8_융합_59,바이메탈 나노촉매를 이용한 당뇨 연속 모니터링 디바이스,이지윤･정승현･이은서,대전동신과학고등학교,임영후,한세광,"량을 연속적으로 관리 가능하도록 금과 백금을 이용한 나노 촉매를 통해 혈당량의 수치를 효과적 사용하고, 포도당과의 반응을 촉매하기 위해 Au@Pt NP 촉매를 사용하였으며, Zeta potential 분석과 크기 분석을 통해 촉매 합성 유무를 검증하였다. 최종적으로, 설계한 장치가 당의 농도를 변화시켰을 때 전류의 변화가 명확히 나타나는 결과를 얻었다. 본 연구를 통해 체액 속 혈당량을 연속적으로 측정할 수 있는 패치를 제작하여 당뇨병 환자들이 겪는 어려움을 효과적으로 도울 수","바이메탈 나노촉매, 모니터링 디바이스, 맞춤형 의료"
POSTECH,2025,융합,지정_융합_38,음악과 신경과학의 만남,,경남과학고등학교,조은영,윤건수,특정 코드 진행에는 그에서 느껴지는 감정이 존재한다. 본 연구에서는 코드 진행 속의 어떤 요인 들이 어떻게 감정에 영향을 미치는지 알아본다. 감정을 Thayer 감성 모델을 통해 조작적으로 정의 하였으며 AI 모델을 학습시킨 후 분석해 최종적으로 감정에 영향을 주는 코드 진행 속 요인들의,"음악, 코드, 감정, AI"
POSTECH,2025,융합,지정_융합_40,신경과학과 물리와 음악의 만남! 질리지 않는,"이를 위해 홀 모형을 직접 제작하고, 다양한 크기로 기타의 원형 홀을 가공하여 변인을 통제한다.",경북과학고등학교,방민영,윤건수,"본 연구는 악기 울림통의 홀 크기의 변화가 소리의 진폭과 파형에 미치는 영향을 규명하고자 한다. 빈도를 분석한다. 이론적 배경으로는 배음 구조, 헬름홀츠 공명 이론, 그리고 푸리에 변환을 활용 주파수 특징의 상관관계를 탐구함으로써 현악기 음향학 이해를 넓히고, 향후 악기 설계학에 기여","배음, 푸리에 변환, 헬름홀츠 공명, 홀의 형상, 파동 역학"
UNIST,2024,물리,자_2_물리_23,수중 환경에서의 브라키스토크론 문제에 관한,이승헌･이현서･지현욱,경산과학고등학교,최재혁,장봉수,"실제로 독수리의 경우 진공에서의 브라키스토크론 문제의 해인 사이클로이드 곡선을 따라 강하한다. 이러한 물리적 분석방법이 어류인 경우에도 비슷하게 존재할 것인가라는 생각에 착안하여 본 연구를 진행하였다. 연구에서는 실제로 관상용 물고기인 시클리드의 운동 경향성을 트래킹을 통해 확인하고, 수치해석을 통해 수중 브라키스토크론 문제의 근사적 해를 탐색하여 실제 시클리드의","브라키스토크론, 사이클로이드, 최적화, 수치해석, 시클리드"
UNIST,2024,화학,지_4_생물_66,동물대체시험법 간독성을 측정할 수 있는 간 오가노이드를 제작,공하현･정인지･최하늘,전북과학고등학교,최안나,김정범,"배아줄기세포 연구는 윤리적 논란과 면역거부반응 문제를 동반한다. 오가노이드는 특정 기관의 미 세환경을 모방하여 해당 기관의 기능과 구조를 재현하는 3차원 세포집합체이다. 배아줄기세포의 문제점을 보완할 수 있으면서도 동물 실험을 대체할 수 있고, 인간에게 더 안전한 치료법을 제공 하는데 기여 할 수 있는 오가노이드를 연구해 보고자 한다. 간줄기세포와 혈관내피세포를 공배양(Co-Culture)하고, albumin과 cd31을 표지하는 항원을 이","간오가노이드, 바이오마커, 간줄기세포, ICC, 공배양"
㈜코러스트(민간기업),2024,수학,자_1_수학_31,볼록 사각형의 방접 타원에 대한 연구,나현석･박제열･신유안･최수헌･이은기,대전과학고등학교,조영민,차영규,"본 연구에서는 삼각형의 방접 타원을 사각형으로 확장하여 볼록 사각형의 방접 타원을 정의하고, 대한 방접 타원이 서로 닮음임을 밝혔으며, 닮음의 중심을 찾고 증명하였다. 이를 바탕으로 볼록 사각형의 방접 타원의 장축 길이 사이의 관계를 발견하였다. 본 연구를 통해 삼각형에서 정의되는 방접 타원을 볼록 사각형으로 확장하여 정의할 수 있었다. 이렇듯 수학적 개념을 좀 더 넓은","방접 타원, 내접 타원, 장축의 길이, 닮음"
㈜코러스트(민간기업),2024,수학,자_1_수학_32,슈타이너 외접 타원과 마든의 정리의 확장에,이순호･김재준･노진우･조영민,대전과학고등학교,조영민,차영규,"본 연구에서는 아핀변환 및 사영변환을 활용하던 기존의 연구 방법과는 다르게 타원의 기하적 성질, 슈타이너 외접 타원에 대해 연구하였다. 본 연구를 통해 다음과 같은 결과를 얻을 수 있었다. 마든의 정리를 발견하였다. 다섯째, 사각형의 슈타이너 외접 타원을 정의하고 존재성 및 유일성을 일곱째, 사각형의 슈타이너 외접 타원에 대한 마든의 정리를 발견하였다. 본 연구를 바탕으로","삼각형, 사각형, 슈타이너 외접 타원, 슈타이너 내접 타원, 마든의 정리"
경남대학교,2024,수학,자_1_수학_56,몬테카를로 시뮬레이션을 이용한 스트림스봇,박성민･김도현･이준성,창원과학고등학교,오지훈,서샛별,"본 연구는 스트림스 게임에서의 가장 효율적인 게임 전략을 탐구한다. 직접 스트림스 게임을 진행해 보며 여러 게임 전략을 구상한 후 이 게임전략을 스트림스 게임에 앞서 구상한 게임전략을 적용 하여 코드를 작성하고 이를 이용하여 몬테카를로 시뮬레이션을 통해 스트림스 게임에서 각각의 게임전략에 대한 평균점수를 도출해낸 후, 수학적 분석을 통해 상황에 따라 가장 적절한 스트림스 게임에서의 게임 전략이 무엇인지 확인한다. 그 이후 스트림스 봇을 상황에 따라 가장 적절한","몬테카를로, 스트림즈 게임, 몬테카를로, 파이썬, 조건부확률, 상황별 최적화"
경북대학교,2024,수학,자_1_수학_20,가우스 다항식환에서의 인수분해에 대하여,김세홍･이선재･우민준,대구일과학고등학교,곽정아,임정욱,"가우스 다항식환에서의 인수분해는 다항식의 대수적 구조를 이해하는 데 있어 중요한 주제이다. 본 보고서에서는 가우스 다항식환을 보다 깊이 있게 이해하기 위해 그 기반이 되는 헐위츠 다항 식환에서의 성질을 간단하게 알아본다. 또한 헐위츠 다항식환은 다항식의 인수분해와 관련된 여러 중요한 특성을 지니고 있으며, 이러한 특성들이 가우스 다항식환에서도 적용되는지 살펴본다. 본 연구에서는 다양한 종류의 다항식에 대해 인수분해 가능성을 조사하고, 헐위츠 다항식환에서 확인한","가우스 다항식환, 인수분해, 기약다항식"
경북대학교,2024,수학,자_1_수학_21,헐위츠 다항식환에서의 산술,권민재･김나린,대구일과학고등학교,곽정아,임정욱,"이 논문은 헐위츠 다항식의 인수분해를 다루기 위해 헐위츠 다항식환 의 구조적 특성을 (ED)일 동치 조건을 찾고, 이러한 조건들이 헐위츠 다항식의 인수분해에 미치는 영향을 체계적으로 가 정역이 될 필요충분조건을 도출 한다. 이어서, PID와 ED가 될 조건들을 구체적으로 제시하고, 이들 조건이 어떻게 상호 연관 되는지 분석한다. 또한, 각 조건이 성립할 때 헐위츠 다항식의 인수분해가 어떻게 이루어지는지를","헐위츠 다항식환, 유클리드 정역, 주 아이디얼 정역, 정수값을 갖는 다항식환"
경북대학교,2024,수학,자_1_수학_22,,이조슈아･이종현･장준서,대구일과학고등학교,손주희,양승엽,"연구 분야로서 저차원 다양체의 연구뿐만 아니라 물리학, 생물학, 화학 등 다양한 과학 분야에서도 그 활용 범위를 넓혀가고 있다. 한편, 퀀들 이론은 자기 분배법칙을 만족하는 대수적 구조에 대한 이론으로, 매듭 이론의 연구와 더불어 비결합 대수학의 연구에 널리 활용되고 있다. 본 연구에서는 이를 활용한 조합적 매듭 불변량을 활용하여 매듭과 고리의 위상수학적 특징을 분석하고 비교하며 새로운 매듭 분류 방법론의 가능성을 탐구하였다.","매듭, 매듭의 분류, Fox -채색, 퀀들(quandle)"
경북대학교,2024,수학,자_1_수학_54,,박한결･강련욱･조윤형,창원과학고등학교,손혜선,최하영,"방법에 대해 탐구하고자 하였다. 탐구결과, 약수에 대한 무한곱을 감마함수에 대한 무한곱으로 자연수에 대한 제타함수의 함숫값을 일반적인 극한식 형태로 표현할 수 있었다. 추가적으로 짝수에 대한 제타함수의 함숫값을 사용하여 베르누이 수를 구하는 방법을 제안하였고, 이러한 방법을 응용한다면 홀수에 대한 제타함수의 함숫값을 구하는데 활용할 수 있을 것으로 기대된다. 본 논문을 통해 제타함수, 감마함수, 약수 간의 관계를 연구하며 자연수에 대한 제타함수의 함숫값을","약수, 감마함수, 제타함수, 베르누이 수, 극한"
경북대학교,2024,화학,자_4_생물_16,광민감성 단백질을 이용한 세균의 특이적 파괴,우연서･김하랑･조휘슬,경산과학고등학교,김준호,이상규,"그중에서도 광민감성 단백질을 활용한 연구가 많은데, 광민감성 단백질이 발현된 세포가 연구 실 다. 따라서 본 연구에서는 광민감성 단백질인 채널로돕신이 발현된 세포를 특이적으로 제거 및 비활성화하는 방법을 제시하고 그 효과를 검증하고자 하였다. 대장균 형질전환을 진행하여 원하는 플라스미드를 추출한 뒤 형질 주입을 통해 세포에 채널로돕신을 발현시켰다. 그 후 채널로돕신에 배지에 세포를 배양한 후 청색광을 비추고 저장액에 처리해 삼투압을 통해 세포를 손상시키는 것","채널로돕신, 광민감성, 대장균, 이온 채널, 삼투압"
경북대학교,2024,정보,자_6_정보_22,딥러닝을 위한 효율적인 연산기 설계 연구,최우창･정석현･박한회,대구일과학고등학교,이정민,김용태,"연구를 진행했다. AI의 학습의 결과는 효율성과 높은 정확도를 가져야한다. 즉 시간도 덜 걸리고 에너지도 덜 쓰는 효율적이고, 정확도가 높은 방법을 2가지를 고안했다. 두 방법 다 LOA방식의 두 방법들을 모두 정확한 덧셈 비트를 4개로 고정하고 다음 bit위치에 적용시켰을 때는 정확도","효율적인, 정확도가 높은, Approximate덧셈, 논리 게이트 Exact부분"
경북대학교,2024,융합,지_8_융합_53,,길은수･주현섭･권윤재,대구과학고등학교,이형준,오지민,최근 전기차의 수요가 증가함에 따라 향후 5~10년  간의 리튬 이차 전지의 폐배터리의 양이 크게 증가할 것으로 예상된다. 이에 폐배터리를 재사용할지 배터리의 유가금속을 재활용할지 결정하기 위해 폐배터리의 상태를 진단하는 리튬 전주기 활용 기술이 필요하다. 리튬 전주기 활용은 리튬 용하거나 폐기하는 과정까지의 모든 단계를 의미한다. 현재 폐배터리 상태 진단 기술은 시간이 전지를 다양한 환경에 노출시켜가며 전압을 측정하여 리튬 전지의 노화 상태를 파악함으로써 리,"리튬 이차 전지, 전주기, 사용 후 배터리"
경북대학교,2024,융합,지_8_융합_61,모빌리티 핵심기술인 이차전지 기술에 대해서 알아보자!,한우진･이채원･강윤수･정우진･최서연,세종과학고등학교,박미경,오지민,"최근 들어서 모빌리티(차, 지하철 등)가 많이 이용되면서 그 핵심 기술인 이차전지 기술이 중요해 지고 있다. 하지만 현재 이차전지의 효율을 높이는 기술에 관한 연구는 필요성을 따라오지 못한 리량을 측정하였고, 정량적 비교 분석을 통해 과일 전지의 개선 방향을 제시하였다. 또한, 여러 과일전지의 효율을 높일 방법들을 직접 실험 해보면서 무게당 전력을 비교하여, 실용적이고 효율 적인 전지 제작 방법을 연구하였다. 결과적으로, 레몬을 조각내어 파라 필름으로 묶어낸 것과 레","과일 전지, 무게당 전력, 효율"
경북대학교,2025,수학,자율_수학_10,보로노이 다이어그램을 활용한 실종자 추적 프로그램 제작 및 활용,"본 연구는 실종자의 위치를 예측하고, 수색 구역과 골든타임을 도출하는 프로그램의 구축에 목적이",경기북과학고등학교,조동기,최하영,"있다. 베이즈 정리의 접근 방식, 전이 확률, 몬테카를로 시뮬레이션, 보로노이 다이어그램 등 여러 수학적 원리를 응용하였으며, 이를 Python 언어를 통해 실종 위치와 실종자의 정보를 입력하면 보로노이 다이어그램 분할, 골든 타임을 도출할 수 있었다. 또한, 시뮬레이션 시 경과 시간, 관찰하였다. 이를 통해, 설정한 변수들이 의도대로 확률 분포에 영향을 미치는 것을 확인하였으며, 프로그램의 활용 가능성을 제시하였다.","실종자, 보로노이 다이어그램, 전이 확률, 몬테카를로 시뮬레이션"
경북대학교,2025,정보,지정_공학_29,금속 이온 또는 산성도의 변화를 이용한 광학,"가에 따른 형광 세기의 변화를 확인했으며, 이러한 결과는 HQS가 미량의 Al 3+를 감지할 수 있는",대구과학고등학교,이형준,김종호,알루미늄 이온(Al 3+)은 환경과 인체에 누적될 경우 독성을 나타내기에 간단하고 정밀한 분석법이 알루미늄 이온의 농도를 정량적으로 분석하는 간단한 방법을 제시한다. 연구 결과 Al 3+의 농도 증,"HQS(8-hydroxyquinoline- 5-sulfonic acid), 알루미늄 이온, 형광"
경북대학교,2025,융합,지정_융합_33,리튬 전주기 활용을 위한 리싸이클 연구,"최근 리튬 이차 전지는 여러 이점으로 휴대전화, 전기차 등 다양한 분야에 활용 되어지고 있다.",대구과학고등학교,이형준,오지민,"이렇게 리튬 이차전지의 수요가 증가함에 따라 리튬 전주기를 위한 기술 탐색이 중요시되고 있는 가운데, 본 연구는 합성 공정의 차이에 따른 리튬전지 전극의 구조 및 성능 상관관계를 분석하고자 하였다. 본 연구에서는 고가의 실험 장비를 사용하지 않고 NCA 폐배터리 전극 내부 유가금속 침출 및 NCA 전극 제조 실험을 진행하였다. 이에 5개의 전극을 제조하였으며 대부분의 전극이 선행 연구에서의 전극과 전기화학적 반응성이 유사함을 확인할 수 있었고, 열악한 환경에서 제조하였음","리튬 이차 전지, 전극 제조, 전주기, 재활용"
경북대학교,2025,융합,지정_융합_35,interconnected LLZO 고체 전해질 제작에서,"결하였으며, 주사전자현미경(SEM)과 에너지 분산형 X선 분광기(EDS)를 이용해 시료의 입자 구",대구과학고등학교,전경희,오지민,"본 연구는 interconnected 형 고체전해질인 Li 7La3Zr2O12(LLZO)의 소결 온도 변화가 미세구조 조와 원소 조성을 비교하였다. 그 결과, 750℃ 에서는 결정화가 불완전하고  유기물 잔류가 확인되 었으나, 850℃에서는 입자가 조 밀하고 균질한 결정형을 나타내었다.  반면 900℃에서는 과도한 입자 성장으로 균질성이 저하되었다. 따라서 850℃ 조건이  interconnected LLZO의 구조적 안","전고체 전지, 산화물계 고체 전해질, LLZO, 전해질 제작"
경상국립대학교,2024,화학,자_4_생물_09,해파리의 젤라틴을 활용한 친환경 멀칭 막,강가희･이지민･이하림･황수민,경남과학고등학교,김영수,전병균,"현재 비닐 멀칭재는 그 편리성으로 농가에서 흔히 사용되지만, 재활용이 어렵고 생분해가 되지 않아 환경오염을 야기한다. 본 연구에서는 해파리에서 추출한 젤라틴과 바이오차를 혼합한 한천 필름으로 생분해성 멀칭 필름를 제작해 보고 기능성을 확인해보려고 하였다. 제작된 생분해성 멀칭 필름과 현재 사용되고 있는 멀칭 비닐의 기능성을 비교하여 그 실용성을 검증한다면 농촌에서의","멀칭, 생분해성, 바이오차, 해파리"
경성대학교,2024,정보,자_6_정보_32,,이준서･제영민･김세준,부산일과학고등학교,황윤환,박장식,"우리나라에 위치하고 있는 많은 양의 옹벽들에 소모되는 인력을 줄이기 위해 객체인식을 할 수 있는 딥러닝 모델인 YOLO를 활용하여 옹벽의 외부문제를 실시간 탐지하기 위해 옹벽에 나타나 는 주요 문제들인 옹벽의 균열, 백태, 배수구 막힘, 박리 현상을 수집하여 모델을 학습시킨다. 이 식증류법을 통해 학습시키고 m, l 모델을 Teacher model로 s모델을 Student model로 지식증 류법을 통해 학습시키고 l모델을 Teacher mod el로 m모델을 Student model로 지식증류법을","객체 탐지, YOLO, 옹벽 이상, 지식증류"
경희대학교,2024,화학,자_4_생물_51,,"음파, 감광제, 포도당 수송 저해제가 흑색종에",인천과학예술영재학교,조항설,엄기환,"해제(Phlorizin)의 영향을 분석하고 예측 모델링을 수행하였다. 실험을 통해 각각의 요인이 암세포 적인 접근법을 제시하고자 하였다. 음파와 빛 조사, 저해제 투입 조건에서 피부 유래 세포주의 세포사멸율과 유전자 발현 변화를 분 석한 결과, 음파를 조사했을때 조 직병리학적으로 정상세포(Detroi t-551)에 비해 흑색종 세포 (SK-MEL-28)의 세포사멸율이 높았지만 유전자 발현량에서는 유의미한 차이를 보이지 않았다.","항암, 흑색종, 음파, 포도당 수송 저해, 활성 산소 유발"
국가수리과학연구소,2024,수학,지_1_수학_65,미분방정식의 수치해 계산,김영주･김태우･이동건･전대원･최승호,대구과학고등학교,박진환,하태영,"본 연구는 물리적 현상을 기술하는 미분방정식의 수치해를 구하는 방법으로서 고전적 수치해석 기법과 딥러닝을 활용한 접근법을 비교·분석하는 데 목적이 있다. 기존의 수치해석적 방법은 오일러 방법을 적용하여 미분방정식의 근사해를 구하는 데 사용하며, 딥러닝 기반 접근법은 인공 신경망 및 물리기반 신경망을 활용하여 복잡한 미분방정식의 해를 학습한다. 특히 본 연구는 미분 방정식의 역문제 해결에 초점을 맞추어 기울기 소실 문제를 최소화하고, 수치해와 실제 해 사이의","미분방정식, 수치해석, 딥러닝, PINN"
국가수리과학연구소,2024,수학,지_1_수학_68,미분방정식의 수치해 계산,고건화･최진욱,충남과학고등학교,박태형,하태영,"본 연구는 미분방정식에 대한 기본적인 배경과 미분방정식의 수치해를 계산하는 다양한 방법, 그리고 딥러닝을 이용해 미분방정식의 역문제를 해결하는 방법 등에 대한 이해를 바탕으로 한다. 우리는 자연 현상 또는 사회 현상을 기술하는 기존의 미분방정식에 이러한 방법들을 적용하여 현상의 동태를 분석하고 예측하여 보았다. 본 보고서에서는 특히 질병 전파 과정을 미분방정식 형태로 모델링한 SEIR 모델에 수치해 계산 방법과 딥러닝을 적용하여 매개변수를 예측하는 과정의","미분방정식, 수치해석, 딥러닝, SEIR model"
국가수리과학연구소,2024,수학,지_1_수학_69,원형 물체를 최적으로 배치하는 평면 및 공간 채우기: 효율적인 패킹 알고리즘 연구,이창현･이기율･정상수,충남과학고등학교,정성권,우영호,"본 연구는 제한된 공간 내에서 원형 물체를 효율적으로 배치하여 공간 활용도를 최대화하는 패킹 알고리즘을 연구하는 데 목적을 두고 진행되었다. 본 연구에서는 원형 물체의 최대 밀집 배치를 위한 여러 알고리즘을 구현하고 성능을 분석하였다. 첫 번째 알고리즘은 무작위 위치에 원을 배치 외곽에서 안쪽으로 채우기 및 중심에서 바깥으로 채우기)을 실험하여, 평균적으로 약 60%대의 점유율을 나타내는 최적의 배치 방법을 확인하였다.","원 채우기, 구 채우기, 패킹 알고리즘"
국가수리과학연구소,2024,융합,자_8_융합_25,2040년 세종시의 노인 인구 비율 변화에 따른 최적의 버스노선 제안,성효재･이지원･김서현･이도헌,세종과학예술영재학교,김대중,이순주,"본 연구는 2040년 세종시의 인구 변화를 예측하고,  고령화 사회에 대비한 최적의 버스노선을 제 안하는 것을 목표로 한다. 기존 버스노선과 관련 정책의 한계를 보완하여, 노인 친화적인 노선 설 계를 시도하였다. 연구에서는 시계열 분석을 통해 2040년 세종시의 인구 변화를 예측하였고, 버 이터를 사용해 목적함수를 개발하였다. 이 목적함수를 통해 현재 존재하는 버스 정류장에 가중치 를 부여하고, 이를 기반으로 다양한 노선을 설계하였다. 설계된 노선들을 대상으로 거리와 시간","고령화 사회, 대중교통 접근성, 버스노선 최적화"
국가수리과학연구소,2025,수학,지정_수학_05,,김소연 · 이혜윤 · 임명민 · 한겸재,충남과학고등학교,박태형,우영호,"본 연구는 두 곡면의 교선을 그뢰브너 기저를 활용하여 대수적으로 분석하고, 이를 3차원 시각 화해 비교함으로써 두 방법 간의 차이를 검증하였다. 열린-열린, 열린-닫힌, 닫힌-닫힌 곡면 하지 않았다. 닫힌 곡면에서는 정의역의 경계와 복소해의 영향으로 두 방법 간 불일치가 나타났다.","Gr öbner 기저, 교선, 대수적 집합, 닫힌 곡면, 투영"
국가수리과학연구소,2025,수학,지정_수학_08,일변수 다항식을 일차식의 거듭제곱의 합으로 표현하기,정성규·정성우,한성과학고등학교,김완규,우영호,"본 연구는 Apolarity 보조정리를 활용해 다항식을 일차식의 거듭제곱의 합으로 표현할 수 있는 조건을 탐구하였다. 기존의 와링 문제를 정수 영역에서 다항식 영역으로 확장하고, 이변수 다항식의 편 미분과 선형결합을 통해 계수비 조건을 도출하였다. 이를 만족할 때 다항식이 소수 개의 일차 식의 제곱의 합으로 표현 가능함을 증명하였다. 또한 정수계수 일차다항식을 정수나 정수계수 일차다항식의 세제곱의 합으로 표현할 때 필요한 최소 개수의 최댓값을 구해 2차 다항식 확장","합함수, 다항식, 유한개의 항, 와링 문제"
기초과학연구원(IBS),2025,화학,자율_화학_43,자성 나노입자를 이용한 알칼로이드계 물질,암모니아 수용액으로 pH를 조절한 뒤 에탄올과 TMAOH로 세척·분산하여 균일한 분산성을 확보,대전과학고등학교,이충섭,윤원구,"본 연구에서는 신속 대응이 가능한 환경 정화용 소재 개발의 기초 단계로 마그네타이트(Fe 3O4) 자성 나노입자를 공침법으로 합성하였다. FeCl 2 ∙ 4H2O와 FeCl 3 ∙ 6H2O를 전구체로 사용하고, 하였다. 합성된 나노입자는 DLS 분석을 통해 입자 크기와 응집 정도를 확인하였으며, 재실험을 통해 자성 나노입자를 합성하였고, 알칼로이드 간의 흡착 정도의 차이를 활용하여 자성 나노입자를 통해 알칼로이드류 화합물을 분리할 수 있음을 입증하였다. 이러한 결과는 본 연구에서 합성한","알칼로이드류 화합물, 자성 나노입자, 흡착, 분리, 표면 개질"
동국대학교,2024,화학,자_3_화학_53,,김건우･김도윤･김서윤･김현준,세종과학예술영재학교,김재숙,진하늘,"필터의 제작에 관한 연구가 활발히 진행되고 있다. 그런 상황에서, MOF(금속유기골격체)에 대한 제 폐수와 유사한 환경에서의 중금속 경쟁흡착 특성에 대한 연구가 필요하다. 다공성 구조로 중 금속 흡착성능이 뛰어난 MOF의 경쟁흡착 특성을 파악하기 위해, 여러 MOF 중에서 MOF-5와 ZIF-8을 직접제작하였다. 그중 구조가 안정된 ZIF-8의 흡착 특성을 분석한 후, 실제 폐수와 유 사한 농도의 중금속 혼합 용액에 대한 경쟁흡착 실험을 진행함으로써, ZIF-8에 대한 각 중금속의","MOF, 중금속, 경쟁흡착, 폐수, ZIF-8"
동국대학교,2024,화학,자_3_화학_54,,김준영･이우석,세종과학예술영재학교,김기향,진하늘,"본 연구는 CNT 혼합 콘크리트의 균열 감지 가능성을 평가하였다. CNT는 질산-황산 혼합물 산처 리로 소수성 개선을 통해 균일한 분산을 유도하여 물리적 ․ 전기적 특성을 분석하였다. 실험 결과, CNT함량이 증가하였을 때, 산처리가 진행되지 않았을 때 전기전도도가 높아졌으며, 산처리된 편차가 커 관계식 도출은 불가하였으나 다른 배합비 시편 간 편차보다는 작아 경향성 분석은 수 압축 강도 실험에서 CNT 함량이 증가하였을 때, 산처리가 진행되었을 때 C-S-H가 더 많이 형","탄소나노튜브(CNT), 산 처리, 자기감지, 4-전극법, 비파괴검사"
동서대학교,2024,정보,자_7_공학_19,,김현우･오준호･전재민･김단우,부산일과학고등학교,김승만,지용석,"본 연구는 ROS(Robot Operating System)와 라즈베리파이(Raspberry Pi)를 활용하여 자 율주 행 모형차를 제작하고, 차선 인식 및 자율주행 알고리즘을 구현하는 데 초점을 맞추었다. 단안 카 메라를 센서로 활용하여 카메라 캘리브레이션(intrinsic, extrinsic)을 수행하였으며, 이를 통해 차 기술을 적용하여 제작된 모형차의 성능을 테스트하였다. 연구 결과, 체스보드 패턴을 활용한 캘리 브레이션이 차선 인식의 정밀도에 크게 기여하였으며, 개선된 보정값을 반영한 자율주행 시스템이","카메라 기반의 자율주행, ROS, 차선 인식, calibration"
동서대학교,2024,정보,자_7_공학_20,라이다를 활용한 ROS(Robot Operating,곽태현･이지헌･장준호,부산일과학고등학교,김승만,지용석,"을 통해 로봇이 올바르게 경로를 탐색하고 이동할 수 있도록 하는 것을 목표로 진행되었다. 작을 성공적으로 수행하여 원활하게 작동함을 확인하였다. 그리고 장애물 환경을 만들고 SLAM(Simultaneous Localization and Mapping) 과정을 수행하여 로봇이 실시간으로 위치를 추정하고, 환경 지도를 구축하여 자율적으로 최적 경로를 탐색하게 하였다. 이 과정에서 팽창계수 를 변경하며 각 환경에서 최적의 팽창계수를 찾아봤다.","자율주행 자동차, ROS(Robot Operating System), Turtlebot3, LiDAR, SlAM"
동아대학교,2025,수학,자율_수학_30,아핀 암호 알고리즘에서 보안 강화기법의 활용,고전적 암호인 아핀암호와 다른 종류의 암호들을 결합하여 보안성을 비교·분석하는 것을 목적으로,부산일과학고등학교,황종철,박상원,"시간 및 처리량 등을 통해 각 알고리즘의 강점과 취약점을 분석하였다. 연구 결과 아핀암호에 블록 셔플링 암호를 결합하였을 때 암호의 보안성은 향상되었으나 연산 속도 및 메모리 사용에서 한계가 존재하였고, 아핀암호에 RSA 지수 기반과 선형합동생성기를 적용한 결과 암호 구현은 용이 하나 보안 강도 측면에서 상대적으로 취약한 점이 확인되었다. 본 연구는 다양한 암호 기법의 이론적 배경과 실제 구현을 종합적으로 고찰함으로써 암호 기술의 발전 방향과 보안성 강화의 필요성을","아핀암호, RSA 지수기반 암호, 선형합동생성기(LCG), 블록 셔플링"
동의대학교,2024,화학,자_3_화학_40,수용액 내 금속이온의 고감도 센싱을 위한 기능화된 나노다공성 실리카,김민경･최은･문서현･이율,부산일과학고등학교,주민지,박성수,"본 연구에서는 실리카원으로 T EOS를 사용하고 주형으로 트리 블럭  공중합체 (P123)를 사용하여 산성 조건에서 자기조립 과정과 수열반응을 거친 뒤, 용 매추출법을 통해 성공적으로 배열된 육 방체구조의 메조 세공 배열을 가지는 나노다공성 실리카 물질(Surfactant-extracted SBA-15) 을 합성하였다. 또한, 본 연구에서는 일정한 나노미터 크기와 일반적으로 규칙적인 배열된 기공을 가지는 나노다공성 실리카 물질에 아미노 실란기를 개질시킨 다음(AAPDMS SBA-15) 다양한","나노다공성 실리카, 금속 이온 센싱, 육방체 구조, AAPDMS"
동의대학교,2024,정보,자_6_정보_30,생성형 인공지능을 이용한 코딩역량평가,김가영･정보경･변진서･김시형,부산일과학고등학교,김기범,이정훈,"본 연구는 코딩역량을 평가하는 기존 방식의 한계를 극복하고, 생성형 인공지능을 활용하여 보다 정확한 코딩역량평가 시스템을 개발하는 것을 목표로 한다. 연구는 파이썬 코딩 스타일 가이드 문서(PEP8)를 기준으로 코딩 역량평가를 진행하였다. 코딩 스타일 가이드 문서를 청크 단위로 나 누어 임베딩한 벡터스토어에 저장한다. 드의 문제점과 개선 방안을 제시하여 사용자의 코딩역량을 키우는 것을 돕는다.","PEP8, RAG, 임베딩, 리랭킹"
동의대학교,2024,정보,자_6_정보_31,,노윤건･배준영･전태윤･하영준,부산일과학고등학교,김기범,이정훈,기법을 통해 표 데이터를 자연어로 바꿔줌으로써 위와 같은 문제를 해결한다. 우리는 표 속성에 서 가장 상위 데이터를 기준으로 나열하고 가장 상위 데이터에서 하위 데이터가 추가되면 특정 기호를 통해 표 속성의 데이터 간의 연관성을 나타내는 전처리 방식을 고안하였다. 이후 RAG 과 이해하고 답변하도록 하였다. 그 결과 생성형 AI의 표의 인식률과 답변 정확도가 이전보다 향상,"생성형 AI, 표 데이터, 전처리 기법, 표 내 속성 간의 연관성, 질의응답 정확도"
동의대학교,2024,정보,자_6_정보_33,인공지능 기법을 활용한 반도체 결함 감지,임상아･최윤형･김태완･이연우,부산일과학고등학교,이수진,우영운,"본 연구는 인공지능 기법을 활용하여 반도체 결함 검사를 자동화하고 효율성을 극대화하는 방법 이 소요되고 정확도가 떨어지는 문제점을 가지고 있다. 이를 극복하기 위해 본 연구에서는 딥러 효과적으로 탐지할 수 있는 모델을 개발하였다. 이 모델은 웨이퍼 이미지를 학습 데이터로 활용 하며, 다양한 반도체 결함 유형을 자동으로 분류하고 검출하는 데 중점을 둔다. 향후 연구에서는 데이터셋을 다양화하고 추가적인 딥러닝 기법을 적용하여 모델의 성능을 더욱 향상시킬 예정이다.","결함 검사, 반도체, 인공지능, 딥러닝, CNN"
동의대학교,2024,정보,자_6_정보_34,유전 알고리즘을 이용한 최적화 기법 탐구,김가빈･김민겸･박시현･박주영,부산일과학고등학교,이수진,우영운,"기계학습은 데이터를 기반으로 기계가 스스로 학습하여 특정 작업을 수행하는 기술로, 그 활용 범위가 점점 넓어지고 있다. 본 연구에서는 인공신경망과 유전 알고리즘을 활용한 강화학습을 탐 구한다. 본 연구의 목표는 유전 알고리즘을 활용하여 강화학습 환경에서 최적의 하이퍼파라미터를 탐색하는 것이다. 이를 위해, 우선적으로 유전 알고리즘을 통해 마방진 문제를 해결하며, 그 과정 통해 최적의 학습 파라미터를 찾고, 이를 활용하여 강화학습 모델의 성능을 향상시키는 방법을","유전 알고리즘, 강화학습, 최적화, 바이페달워커"
부경대학교,2024,화학,자_3_화학_39,,서유성･최서준･하승민,부산일과학고등학교,여혜원,목진홍,"산균은 인체의 물질대사를 도와 그 필요성을 인정받고 있지만, 기존의 섭취 방법에는 편의성과 품을 개발하고자 한다. 김칫국물을 단계 희석법과 순수분리를 통해 유산균을 배양 후 API kit를 사용하여 동정하였다. 생산된 유산균을 통해 제작된 요구르트의 생균수, pH와 산도를 측정하였고 다. 또한 TPA 시험법을 통해 제작된 젤리의 물리적 특성을 분석하는 과정을 진행하였다. 이러한 옴 가열 기술의 실용적 활용을 통해 발효 식품의 새로운 가공 가능성을 제시하였다.","미생물 발효, 전기장 기반, 비가열 살균, 고령친화식품, 식품공학"
부산대학교,2024,수학,자_1_수학_34,질량-용수철 시스템의 수학적 모델링과 시간에,강민석･박선우･안정현･이서연,부산일과학고등학교,신한결,박선혜,"의존하는 미분방정식의 형태로 나타내고자 하였다. 핵심적인 내용으로는 상대속도의 제곱에 비례 하는 공기저항을 감쇄장치(damper)로 생각하고 이를 이용해 미분방정식을 변위 y에 대한 비선형 미분방정식을 모델링한 것이다. Python을 이용한 프로그램으로 값을 근사하여서 대수적으로 풀이 비교한다. 이를 통하여서 공기저항이 들어간 비선형 미분 방정식의 해를 다항, 초월함수로 근사할","미분방정식, 질량 – 용수철 시스템, 해, 해법"
부산대학교,2024,화학,자_3_화학_38,타이로신-설포베테인을 이용한 안티파울링,노준형･황준영,부산과학고등학교,황종률,홍대화,"타이로신 설포베테인은 중합과정에서 카테콜기와 아민기가 있어 강력한 접착력을 나타내고, 결합 한 설포베테인이 수화층을 형성하여 안티파울링 효과를 나타낸다. 실험실의 기판이 아닌 실생활 접촉각 단백질 부착 비교실험을 통해 코팅이 유의미한 수준으로 나타나며 안티파울링 효과 또한","실생활, 타이로신-설포베테인, 코팅, 안티파울링"
부산대학교,2024,화학,자_3_화학_41,전이금속 발색단 전자전이를 이용한 식품신선도 측정 컬러센서 개발,김동건･김민준･송준우･오승우,부산일과학고등학교,허은아,오진우,"실제 유통 환경에서 적용 가능한 실시간 식품 신선도를 감지하고자 하였다. 전이금속을 적용한 센서의 민감도를 증대시키고자 solvat ochromic effect, 산화와 환원, ligand strength를  적용한 array를 구축하였고 전이금속 중 Cu와 Co 를 이용하여 실험을 진행하였다. 센서 후보군은 140개 의 센서 어레이를 제작한 후 0.5M의 암모니아와 아민을 타겟으로 적용하여 스크리닝을 통해 선 정하였다. 결과적으로 10개의 센서 후보군을 선정하여 이를 종이 센서로 제작한 후, 밀폐된 용기","전이금속, 착화합물, 유해가스, 종이 컬러 센서"
부산대학교,2024,화학,자_4_생물_29,식물의 환경 스트레스 반응에 있어서 WRKY 전사인자의 기능 연구,문예은･안형민･이다현･조서현,부산일과학고등학교,박상영,문용환,"변이체를 이용하여 환경 스트레스 반응을 분석하였다. WRKY gene family의 한 종류인 WRKY31 전사인자 유전자의 과발현체를 만들기 위해 재조합 DNA로 형질전환된 식물을 제조했다. WRKY31 과발현체의 종자 선별이 잘 이루어지지 않아 고염 스트레스 반응을 확인할 때 WRKY31 knock out 돌연변이체를 사용했고, 그 결과 WRKY31이 고염 스트레스에 저항성을 Mannitol을 처리한 시간에 따른 WRKY31 발현량을 비교했고, WRKY31이 건조 스트레스에","WRKY31 전사인자, 애기장대, 식물 스트레스, 과발현체, 돌연변이체"
부산대학교,2024,화학,자_4_생물_30,식물의 환경 스트레스 반응 NAC 그룹 전사인자의 분자생물학적 특성에 관한 연구,심지민･손지민･김동찬,부산일과학고등학교,박상영,문용환,"본 연구는NAC 그룹 전사인자가 식물의 환경 스트레스 대응 메커니즘에서 수행하는 역할을 규명 하고자 NAC047과 NAC102 유전자에 대해 분자생물학적 특성을 분 석하였다. NAC047과 NAC102 유전자 증폭을 위해PCR을 수행하였으 며, EcoRI 제한효소를 이용해 벡터에 삽입하고 대장균 형질전환과 플라스미드 추출을 통해 클로닝 성공 여부를 확 인하였다. 실험 결과 NAC047 유전자는 효모 형질전환과 β-gal filter assay 및 growth assay에서 전사 활성화 기능을 가짐","NAC 047, 유전자 클로닝, 형광단백질 분석, RT-PCR"
부산대학교,2024,화학,자_4_생물_31,포도당 수송체를 표적으로 하는 교모세포종,박소은･배강민･이한준･전예따,부산일과학고등학교,강옥화,윤부현,암세포는 GLUT3에 가장 의존적이므로 ‘GLUT3의 발현량을 낮추었을 때 암세포가 포도당을 공급받지 못해 사멸할 것이다’라는 가설을 세우고 실험을 수행하였다. 가설을 확인하기 위해 GLUT3의 발현을 확인하였다. 그리고 western blot을 통해 단백질의 발현량을 확인한 다음에 immunocytochemistry(ICC)를 통해서 단백질의 위치를 확인하였다. 그리고 GLUT3를 knock down시키고 transfection을 통해서 GLUT3의 중요성을 확인하였다. cell viability ass ay &,"교모세포종, GLUT3, 표적 저해제, 유전자 발현 조절"
부산대학교,2024,화학,자_4_생물_32,신규 아연 수송체를 표적으로 하는 교모세포종,유가영･오정연･허지효,부산일과학고등학교,강옥화,윤부현,"교모세포종(Glioblastoma)은 뇌 조직에 풍부한 신경교세포에서 발생하며 가장 공격적인 원발성 서는 방사선 저항성 세포주에서 과발현된 아연 수송 단백질인 ZIP4-variant을 표적으로 선정하고 그 결과 U87MG-RR에서 ZIP4-variant는 방사선 조사로 증가된 세포 내 ROS를 감소시켜서 ER stress를 완화시키고, 이는 곧 세포의 생존율을 증가시킨다는 것을 알 수 있었다. 이를 통하여 ZIP4-variant로 인한 Zinc 수송이 방사선 조사에 의한 세포 손상을 감소시키므로 Zip4-variant 의","Glioblastoma, ZIP4-variant,  ER stress, ROS, Radioresistanc e"
부산대학교,2025,생명과학,지정_생명과학_15,천연물에 의한 위장관 질환 관련 네트워크,권도현·김가윤·양승민,창원과학고등학교,강예진,김병주,"이 연구는 기능성 소화불량에 대해 한약의 작용 기전을 규명하기 위하여 감초, 복령, 백출을 대상 으로 네트워크 약리학과 DPPH 분석, 세포 실험을 수행하였다. TCMSP, ETCM2.0, TCM Bank를 통해 수집한 화합물 및 표적 단백질 정보를 기반으로 PPI 네트워크를 구축한 결과로는 분자 도킹 결과 각 약재의 주요 화합물은 우수한 결합 친화도를 보여주었다. DPPH 분석에서 감초&복령 열 추출물이 가장 높은 항산화 활성을 나타냈고, 세포 실험에서는 감초&복령 조합이","네트워크 약리학, 기능성 소화불량, DPPH, 세포 실험"
부산대학교,2025,융합,지정_융합_23,,"였다. 전기 회로의 기초 개념과 직렬 RLC 회로를 활용하여 교류 전류, 공진 주파수, 코일 간",충북과학고등학교,정승환,박관수,"본 연구에서는 Faraday 법칙을 기반으로 한 공진식 무선충전의 원리와 전력 전송 특성을 탐구하 간격에 따른 출력 전력 변화를 이론적으로 분석하였다. 또한, 유도식과 공진식 무선전력전송의 차이를 비교하고, 공진 조건에서 출력 전력이 최대가 되는 원리를 규명하였다. 유도식 무선전력전 송과 공진식 무선전력전송을 구현하고, 이후 공진식 무선전력전송 방식의 2차측 코일의 각도에 따른 효율 변화를 타구하였다. 연구 결과, 공진식 무선충전은 Faraday 법칙의 기본 원리를 따르","공진식 무선충전, Faraday 법칙, RLC 회로, 전력 전송, 공진 주파수ㄴ"
삼천중학교,2024,수학,자_1_수학_25,마르코프체인 몬테카를로 방법을 이용한 해양,김시우･김정원･정소연,대전과학고등학교,김근배,김한길,"본 연구는 라그랑지안 입자 기반 시뮬레이션을 활용하여 해양 오일 유출 사고 시 오일의 확산 경로와 면적을 예측하였다. 해류와 바람 데이터를 바탕으로 3차원 공간에서 오일 입자의 이동을 추적하였으며, 1000개의 입자가 시간에 따라 경도 , 위도, 수심 방향 으로 이동하는 과정을 시뮬레 이션하였다. 시뮬레이션 결과, 오일 입자들은 해류와 바람의 영향을 받아 초기 유출 지점에서부터 넓은 영역으로 확산되었고, 특정 지역에 오일 농도가 높게 나타나는 경향을 보였다. 본 연구는","몬테카를로, 해양 오일 유출, 라그랑지안 입자 시뮬레이션, 오일 확산 경로, MCMC"
서울대학교,2024,수학,자_1_수학_45,그래프 이론과 기하구조를 활용한 인천광역시 대중교통망의 분석과 고찰,김  겸 ･김상혁･강민준･박준우･임명준,인천과학고등학교,이재하,김서령,"교통망에 그래프 이론을 적용해 분석한 연구는 여러 가지 있지만, 구체적으로 노선망과 관련하여서, 최소 해밀턴 경로 산출을 통해 단일 노선을 선정하는 방법을 제시하였다. 여기에서는 인천광역시 10% 이상 감축시키는 버스 노선을 제안하였으며, 이에 그치지 않고 델로네 삼각분할을 응용한 기하 구조를 통해 효율적 교통망의 일반해를 제시함으로써 대다수의 일반적 경우에 적용할 수 있는 교통 문제 해결에 대한 방법론을 제시하였다.","그래프 이론, 복잡도, 최단 경로, 외판원 순환 문제, 델로네 삼각분할"
서울대학교,2024,수학,지_1_수학_63,민코프스키의 매장을 활용한 대수적 수 연구,김한별･정한성･이창주,대구과학고등학교,최재혁,김도형,"민코프스키 매장은 벡터에 대해서 특정한 곱셈법칙을 만족하는 집합을 정의하였을 때, 그 집합을 만들기 위한 연산을 행하는 함수를 말하며, 이를 활용하여 새로운 집합을 정의하였다. 벡터의 연산과 관련하여 새로운 집합을 정의하고, 이를 좌표평면에 점들로 나타내어 무한다각형의 꼭짓점을 집합의 꼭짓점의 규칙성을 확인하고, 이를 비교 분석하였다. 또한, 의 배수의 합 집합은 J를 정의하여, 무한다각형을 그리고 꼭짓점을 d값에 따라 비교 분석하고자","민코프스키 매장, 무한다각형, 벡터의 집합"
서울대학교,2024,물리,자_2_물리_71,측선 모방 관 형태의 수중 마이크의 공명,김영민･박민재,충남과학고등학교,김용실,석효준,"참돔이 소리를 어떻게 감지하는지 원리를 조사하고, 이를 기반으로 수중 마이크의 개발을 목표로 본 연구를 수행하였습니다. 참돔의 측선은 소리 감지와 물체 인식을 위한 중요한 감각 기관으로, 이를 모방하여 음파 감지 가능한 수중 마이크를 설계 및 제작하였습니다. 여러 형태의 관에 압전 압전소자를 이용해 감지하고, 이를 Wolfram Language를 이용하여 분석하여 어떠한 파동의 형 태가 어떠한 전류의 변화를 유도하는지를 알아보는 연구를 수행하였습니다. 이를 토대로 가장 적","측선, 압전 소자, 관형 수중 마이크"
서울대학교,2024,물리,자_2_물리_72,전기장 내 대전된 유체에 의한 산란광의,김건우･최정후,충남과학고등학교,김용실,석효준,"의 물리량을 측정할 수 있으며, 이는 미세 입자의 정밀 분석에 활용될 수 있다. 본 연구에서는 밀리컨 실험장치를 이용하여 전기장 내 기름방울의 산란 편광에 대한 분석을 진행하고 전하량과 산란 편광의 상관관계를 분석한다. 기름방울에 레이저를 쌌을 때 산란광과 편광판을 활용했을떄 수직, 수평 편광을 촬영한다. 실험을 통해 얻은 이미지를 분석함으로써 수직편광과 수평편광을 분 석했다. 전하량에 따른 수직편광과 수평편광의 상관성을 얻는데 어려움을 겪었으나, 편광 필름을","산란, 편광, 전기장, 레이저, 밀리컨 유적 실험 장치"
서울대학교,2024,융합,자_8_융합_21,인공지능을 활용한 재생에너지 생산량 및 에너지 소비량 예측을 통한 최소 화석연료,남의연･민가연･박가현･서유진,동신과학고등학교,서광운,남보우,"본 연구는 인공지능을 활용하여 재생에너지 생산량을 예측하고, 이를 바탕으로 최소 화석연료 소 비량 산정을 목적으로 한다. 다양한 기상 조건에서의 풍력발전 실험을 통해 발전량 데이터를 수 집하고, 이를 머신러닝 모델에 적용하여 재생에너지 생산량을 예측하였다. 이러한 예측 데이터를 문제에 대응하는 지속 가능한 에너지 관리 시스템의 가능성을 제시하였다. 연구 결과는 특정 지 역의 기상조건에 따라 변동하는 에너지 생산량을 사전에 파악하고, 이를 바탕으로 화석연료 사용","AI, 머신러닝, 신재생에너지, 환경보호, 기상"
서울대학교,2025,생명과학,지정_생명과학_13,제로슈거(zero-sugar) 음료에서 나타나는,"본 연구에서는 Ace-K, 아스파탐, 사카린, 수크랄로스 4종의 인공감미료를 대상으로 뒷맛",세종과학고등학교,이은지,최명환,(off-response) 발생 양상을 비교하였다. 총 59개의 데이터를 분석한 결과 사카린과 Ace-K는 뒷맛인지 비율과 gLMS 강도가 높았으며 수크랄로스와 아스파탐은 뒷맛이 거의 보고되지 않았다. 해석된다. 또한 감미료 혼합 시 단맛이 증가하고 뒷맛이 감소하는 경향이 관찰되었다. 본 연구는 연구의 기초자료로 활용될 수 있다.,"인공감미료, gLMS, 뒷맛, 임상실험"
서울대학교,2025,생명과학,지정_생명과학_18,제로슈거 음료에서 나타나는 뒷맛 연구,"하는지, 그리고 감미료의 조합에 따라 변형하는 수용체 결합 양상 및 지속시간에 대해 탐구하고",한성과학고등학교,이지선,최명환,"본 연구는 제로슈거 음료에서 흔히 보고되는 대체감미료의 뒷맛과 잔류감이 어떤 수용체에 결합 자 한다. 본 연구는 설탕과 같은 단맛의 스테비아, 알룰로스, 수크랄로스, 아세설팜칼륨, 사카린 용액을 제조한 뒤 혼합 용액을 포함하여 24명을 대상으로 2번씩, gLMS 감각평가를 실시하고 ANOVA와 선형 혼합 모델을 이용해 효과를 보정하였다. 결과적으로 각각의 감미료에 따른 단맛 증폭되고, 동일 쓴맛 수용체를 자극하는 감미료 조합에서는 뒷맛이 감소할 가능성을 확인하였고,","대체감미료, 단맛, 뒷맛, 잔류감, 수용체, 감각평가"
서울대학교,2025,정보,지정_공학_33,,"GC-MS로 지방산을 정량하였으며, 내부표준법과 검량선을 활용해 분석 정확도를 확보하였다. 두",대구과학고등학교,추재석,이윤우,"본 연구는 유탕처리 과자에 잔존하는 지방을 효과적으로 제거하기 위한 추출 기술을 비교하였다. 시판 과자를 대상으로 헥세인을 이용한 속슬렛 추출법과 초임계 이산화탄소 추출법을 적용하여 추출 수율과 지방 조성을 분석하였다. 속슬렛 추출로 회수한 지방은 FAME으로 전환한 뒤 반면, 초임계 추출은 친환경적이고 잔류 용매가 없어 식품 공정 적용 가능성이 높았다. 또한 지질",지질　추출，초임계추출，기름제거，탈지공정，식품공학
서울대학교,2025,융합,지정_융합_14,,"하였다. 분산관계식으로부터 계수 함수 ()를 계산하고, 이를 이용해 운동 방정식을 적분하여",경기과학고등학교,권민정,김웅태,"본 연구는 은하 원반에서 나타나는 나선팔 형성 과정을 스윙 증폭 이론에 기반해 수치적으로 분석 증폭 계수 를 산출하였다. ( , ) 파라미터 공간을 체계적으로 탐색한 결과, 증폭은 ≈1.4, ≈1.0에서 극대화되는 경향을 보였으며 이는 기존 이론과 값에서 차이가 나타난다. 또한, 일 부 조건에서는 =0부근에서 변위가 비정상적으로 소멸하거나 전역 분포에서 이상점이 발생하는 등 구조적 한계가 확인되었다. 이는 단순한 수치 오차가 아니라 분산관계식의 특성에서 비롯된","스윙 증폭, 나선팔, 은하 원반, 수치 해석, 증폭 계수"
서울대학교,2025,융합,지정_융합_19,은하 막대 형성에 필요한 N체 시뮬레이션의,"우주는 은하와 같은 거대 구조로 이루어져 있으며, 이들의 형성과 진화를 이해하기 위해 수치적",한성과학고등학교,서윤희,김웅태,"기법인 N체 시뮬레이션이 널리 활용된다. 본 연구는 은하에서 막대 구조가 안정적으로 형성되기 위해 필요한 N체 시뮬레이션의 최소 해상도를 규명하는 것을 목적으로 한다. 해상도를 1/2씩 단계적으로 감소시키며 막대 형성 여부, 강도(A2/A0값), 길이를 분석하였다. 분석 결과, 해상도가 입자 30,000개 이상일 때부터 막대 구조가 안정적으로 발생하는 것을 확인하였다. 이는 해상도에 따른 막대의 특성을 파악하고, 실제 은하의 구조를 재현하기 위한 N체 시뮬레이션의 최소 해상도","N체 시뮬레이션, 은하 진화, 막대 구조, 해상도, 중력"
성균관대학교,2024,수학,지_1_수학_71,개인맞춤형 AI 대입 수능 수학 문제집과 답안을 생산하여 제공하는 연구,김민소･손서휘･김지안,한성과학고등학교,김완규,이상구,"있다. 문제 생성의 기본 코드와 샘플 수능문제 세트는 지도 교수님이 제공하였으며, 본 연구에서는 이를 개선하여 실제 사용자가 활용가능한 단계까지 업그레이드하는 연구를 진행하였다. 특히 난이도 조절에 중점을 두고 있다. 문제의 복잡성이 증가할수록 난이도가 올라가며, 문제에서 요구하는 논리의 수가 많아지고 어떤 논리를 사용해야 할지 추론하기 어려울수록 문제가 어려워진다고 판단했다. 또한 문제 제시뿐만 아니라 다른 하위요소들, 객관식 보기, 문제의 변수, 설명 등에서도","생성형 AI, 문제의 난이도 조절, 변수, 다양한 유형, 정답과 풀이 제공, 자기주도 완전"
아주대학교,2024,정보,자_6_정보_02,산업제어 시스템에서의 머신러닝 및 딥러닝 기반 이상탐지,염상준･최현서,경기과학고등학교,채상미,최영준,"최근 4차 산업혁명 시대가 도래함에 따라 많은 양의 정보가 네트워크를 통해 오간다. 이와 동시 에 보안을 위협하려는 시도가 증가하고 있으며, 네트워크의 침입 탐지에 대한 연구 또한 활발하 게 진행되고 있다. 하지만 산업제어시스템의 경우 일반적인 시스템과 구조가 다르기에 기존의 침 입 탐지 알고리즘을 변형하여 적용할 필요가 있다. 본 연구에서는 산업 네트워크에서 가장 효율 적으로 작동하는 침입탐지 모델을 구현하고자 하였다. 머신러닝 및 딥러닝 기반 모델을 이용하여",": 이상 탐지, 인공지능, 정보보안, 데이터 분석"
연세대학교,2024,지구과학,자_5_지구과학_08,,,경기북과학고등학교,오병현,이준형,"본 연구는 2023년 2024년 발생한 지진과 그 이전의  규모가 큰 지진의 매커니즘을 분석하여 한 반도 단층의 분포 특성을 확인하고자 진행되었다. 본 연구에서는 Seismic Analysis Code(SAC)과 Shell script를 활용하여 지진파형을 분석, p파 초동분석법을 기반으로 단층면해를 결정하였다. 2023~2024년 발생한 지진과 2016년 경주지진에 대하여  14개의 단층면해를 구한 결과 한반도 내륙에는 주로 북동-남서 방향의 주향이동성 단층이 분포하는 반면 동해 해역에는 역단층의 분포","지진, 한반도, 단층면해"
연세대학교,2024,지구과학,자_5_지구과학_09,,서승재･박정환･이종원,경기북과학고등학교,오병현,이준형,에서 데이터 처리는 python으로 프로그램을 제작하여 효율적으로 수행한다. 본 연구를 통해서 일반인들의 지진 자료에 대한 접근성과 이해도가 높아질 것이다.,"지진, 진앙, 진원, PS시, python"
연세대학교,2024,융합,지_8_융합_57,나노물질로서 CQDs의 고차단성 고분자 복합소재 응용연구,최현서･김민건･서윤성･전경찬,대전동신과학고등학교,길성호,서종철,본 탐구에서는 식품 포장용 필름에 미강 가루를 전구체로 해 합성한 CQDs를 도입한 기능성 필 름을 합성한다. 미강 가루를 가열 및 가압하여 CQDs를 합성하고 분석기기들을 통해 합성된 심분리기를 통한 약 5nm 크기의 물질의 추출로 이루어진다. UV램프를 통해 합성된 CQDs의 자 식품 포장 필름으로써의 적합성을 판단한다.,"CQDs, PVA, TEM, IR, UV-vis"
연세대학교,2025,지구과학,자율_지구과학_09,머신러닝을 활용한 지진파 자동 분석 및 진원거리 추정 시스템 개발,"학습하고, 관측소–진앙 간 거리를 자동 추정한 뒤 가중 최소 제곱 삼각측량으로 진앙을 산출하였다.",경기북과학고등학교,오병현,이준형," 조합) 적용을 통해 단계적으로 성능을 향상시켰다. 그 결과 평균 오차 5.1 ㎞, 진앙 결정이 가능함을 확인하였다. 본 연구는 지진 조기경보의 자동화 및 고도화를 위한 기초적","지진파 자동 분석, 진앙 결정, 기계학습, 삼각측량, 가중치 최적화"
연세대학교,2025,정보,지정_공학_32,,"자외선(UV)의 유해성과 기존 상용 차단제의 안전성 문제 해결을 위해, 친환경 천연물인 녹차잎을",대구과학고등학교,배태윤,서종철,"전구체로 탄소 양자점(CQDs)을 합성하고 이를 적용한 다기능성 복합 필름을 개발하였다. 합성된 필름의 특성을 PL, UV-Vis, UTM, OTR 분석을 통해 종합적으로 평가하였다. 분석 결과, 필름 은 520 nm 파장에서 강한 녹색 형광을 나타냈으 며, 400 nm 이하의 자외선 영역을 효과적으로 차단하면서도 우수한 가시광 투과도를 보였다. 기계적 물성 평가에서는 약 25-26 MPa의 높은 인장 강도와 125%의 연신율을, 가스 투과도 분석 에서는 우수한 산소 차단 능력을 입증하였다.","QD 필름, UV 차단 소재, 광안정성, 광범위 흡수"
연세대학교,2025,정보,지정_공학_36,2D 나노소재를 이용한 산소 차단성 코팅소재,오정우·정연서·변재원·이동우,한성과학고등학교,김영호,서종철,"국본 연구에서는 MoS 2-CuQD 복합체를 활용한 PVA(polyvinyl Alcohol) 기반 필름을 제작하고, 사용된 시료의 광학적, 기계적, 열적 특성과 필름의 식품 보존 성능을 평가하였다. 합성된 복합 필름은 자외선 차단 효과와 높은 광투과율을 동시에 확보하였으며, 산소 투과율이 99% 이상 감소 강도가 향상됨을 확인하였다. 부패 억제 실험 결과, MoS 산화 방지 효과를 보여 식품의 신선도를 가장 오래 유지하였다. 이러한 결과는 MoS 2의 층상","MoS , CQD, CuQD, 산소투과성"
영남대학교,2024,화학,자_3_화학_16,실리카 내 형성된 페로브스카이트 퀀텀닷의,노현우･이연우･최민준,경산과학고등학교,이동권,윤석준,"페로브스카이트는 최근 연구된 발광체이다. 수용액 상태의 페로브스카이트는 가공과 보관, 활용성 측면에서 한계가 있어 디스플레이 소자로 사용하기 어렵다. 따라서 본 연구는 페로브스카이트 퀀텀 닷(PQD)이 발광체로서의 성질을 띤다는 것에 착안하여 고체 페로브스카이트 제작을 통한 디스플레 이의 활용 가능성을 확인하기 위해 진행되었다. 먼저 수용액 상의 페로브스카이트를 제작하고, 상온 에서 굳혀 고체상의 페로브스카이트를 제작한다. 그 후 가열한 뒤 Duetta로 흡·형광도를 측정하였","페로브스카이트, 양자점, 할로젠 교환 반응, 흡·형광, 디스플레이/발광체"
영남대학교,2024,화학,자_3_화학_27,다차원 페로브스카이트간 상호 작용 기반,남광록･김지헌･박전한결,대구일과학고등학교,박종인,윤석준,"할라이드 페로브스카이트는 페로브스카이트 구조를 지니는 물질의 일종이다. 매우 뛰어난 광학적, 전기적 특성을 지닌다. 할라이드 페로브스카이트를 3D bulk와 0D Quantum Dot으로 이용한","Halide Perovskite, Quantum Do t, Absorbance, PL intensity, interaction"
영남대학교,2024,화학,자_3_화학_28,코어쉘 퀀텀닷 기반 3차원 페로브스카이트 활성층 적층 거동 및 태양전지에의 응용 연구,박지훈･장재원,대구일과학고등학교,박종인,윤석준,"core-shell perovskite quantum dot을 이용하고 해당물질의 농도가 페로브스카이트 태양전지 의 grain 크기와 광전환 효율에 미치는 영향을 분석하였다. 다양한 농도를 가진 페로브스카이트 QD을 이용해 태양전지를 제작하고 표면의 결정립 크기를 주사전자현미경(SEM)을 통해 관찰하였 다 또한, 태양전지 소자의 전기적 특성을 측정하여 광전변환 효율의 변화를 평가하였다. 연구 결 과 QD의 농도가 높아질수록 grain size도 증가한다고 나타났고 태양전지의 효율은 특정한 QD","perovskite, Quantum Dot"
영남대학교,2024,화학,자_4_생물_22,세포추출과 검증,김태연･박서윤･최소율,대구일과학고등학교,권순환,홍철암,"본 연구에서는 암세포에서 비정상적으로 과발현하는 특정 miRNA 세포를 추출하고 검증하는 과정을 통해 암 진단 및 치료의 바이오마커로서의 가능성을 탐구하였다. 계대 배양을 통해 암세 포를 증식시키고 miRNA를 추출한 후, 분광광도계와 PAGE(polyacrylamide gel electrophoresis) 분석을 통해 miRNA의 농도, 순도, 분자량 및 염기서열을 확인하였다. 그 결과 특정 miRNA(miRNA-21)가 많이 발현된 것을 확인하였고 이를 통해 miRNA-21이 유방암 진","암세포, miRNA, 바이오마커, 암 진단, 세포추출"
영남대학교,2024,화학,자_4_생물_23,,김민준･이태준･황현준,대구일과학고등학교,권순환,홍철암,"siRNA는 긴 사슬의 이중 가닥 RNA(dsRN A)에서 갈라져 나온 20~25개의 염기쌍으로, 특정 가 닥의 mRNA를 인식하여 분해를 촉진함으로써 유전자의 발현을 촉진 또는 억제하는 역할을 한다. 우리는 이러한 siRNA를 이용하여 암세포의 발현을 효과적으로 억제하는 방법을 시도해 보려고 될 수 있기때문에, 이를 방지하기 위한 전달 매개체(vector)가 필요하다. 이에 따라 본 연구는 단백질의 발현 정도를 측정함으로써, 가장 효율적인 전달 매개체가 무엇인지 알아보는 것을 목표","siRNA, 표적유전자 발현율, 전달 매개체(vector), Lipofectamine, LPEI"
인하대학교,2024,화학,지_4_생물_65,우주환경에서의 뇌 기능 변화에 대한 연구 및 인지기능과 운동기능 저하의 치료 가능성 확인,최지우･이수연･최은정･이민재,세종과학고등학교,이혜인,양수근,"현재 새로운 생명체의 존재 가능성과 자원 탐색을 하기 위해서는 우주여행을 필수로 한다. 하지만 우주여행 후 우주 비행사들에게 대뇌피질과 다른 뇌 영역과의 연결성 감소, 뇌척수액 분포 변화 가진 인진오령산을 사용하였다. 이를 확인하기 위해 Rat에게 4G의 고중력을 가한 후 Y-maze와 Rota-rod test를 진행하여 인지기능과 운동기능을 각각 확인하였다. 그 결과 인진오령산을 투여 한 군이 투여하지 않은 군보다 운동기능 및 작업 기억 능력이 개선되었다. 이 실험을 통해 인진","인지기능, 우주 생명과학, 인진 오령산, 한방치료"
인하대학교,2024,정보,자_6_정보_42,딥러닝 기반 딥보이스 피싱 감지 애플리케이션,김도현･이서준･이서준･최진우,인천과학고등학교,양승원,남춘성,"본 연구는 보이스 피싱 피해를 예방하는 목적을 위해 딥러닝기반 보이스피싱 감지 방안을 제안한 다. 이 연구를 위해 딥러닝 기반 딥보이스 방안을 이용하여 통화 중 실시간으로 피싱 가능성을 분석하여 경고함으로써 사용자에게 신속한 대처를 할 수 있는 애플리케이션을 개발한다. 기존 딥 보이스 기반 피싱 방법은 외국어 기반으로 구성되어 있기 때문에 본 연구에서는 한국어 기반의 부를 판단하는 것으로 확인되었으며, 사용자 간 피싱 정보 공유 및 중복 신고 방지 체계를 통해","딥러닝, 딥보이스, 피싱, 감지, 애플리케이션"
인하대학교,2025,융합,지정_융합_31,우주 환경에서 암세포의 거동 변화,"최근 민간 우주 탐사와 장기 유인 임무가 본격화되면서, 우주 방사선이 세포 기능과 생존에 미치는",한성과학고등학교,홍지호,양수근,"영향에 대한 이해가 중요해지고 있다. 본 연구에서는 정상 폐 섬유아세포(MRC-5)와 비소세포폐 통해 세포의 노화 및 생존 반응을 분석하였다. Viability 분석 결과, MRC-5의 생존율은 조사 전 가적인 산화 스트레스에 둔감하지만, 정상세포는 새로운 ROS 자극에 민감하게 반응하는 특성을 보였다. 그러나 이러한 ROS 반응성의 차이에도 불구하고, 최종 생존율에서는 암세포가 더 크게 사멸되어, 높은 대사 불안 정성과 DNA 복구 기작의 취약성이 방사선 민감도로 이어졌음을 확인","우주 환경, 우주 방사선, 암, 세포 노화, 세포 사멸"
전남대학교,2024,수학,자_1_수학_51,회전변환행렬을 이용한 n차원 회전이동의 정의,고나연･서예준･이현찬･전지후,전남과학고등학교,윤형주,강성모,"본 연구에서는 회전변환행렬을 이용하여 다차원에서 새로운 회전이동을 정의하고, 새로운 회전이 동의 성질을 탐구하였다. 기존의 회전이동의 성질과 비교하여 새로운 회전이동이 직교행렬이라는 점에서 회전으로써의 가치가 있음을 확인하고 이 성질을 코딩을 통해 증명했다. 새로운 회전이동은 회전 공식과 같은 더 쉬운 정의가 필요하다는 것을 확인할 수 있었다. 하지만 모든 평면을 기준 으로 동일한 각도로 회전한다는 것에서 추후 컴퓨터 그래픽스, 로봇팔 회전 등에 활용될 가능성이","회전변환행렬, n차원 회전, 선형대수학, Rodrigues’ 회전 공식, 고차원 변환"
창원대학교,2024,물리,자_2_물리_66,,박상우･이영민･이채원,창원과학고등학교,김정민,진형진,"본 연구는 Wheelset의 각도 조정을 통한 에 너지 효율성의 개선을 목적 으로 진행되었다. 이러한 손 부족 문제 해결에 기여할 수 있다. 또한 다른 이동수단보다 CO 2 배출량이 적은 철도의 특성 을 활용하여 철도 수송 장려를 통해 현재 가속화되고 있는 기후변화에 대응할 수 있다. 되는 각도를 모색하고자 했고, Arduino와 PASCO Motion Sensor를 이용하여 실험을 진행하여 회전운동에너지에 대한 병진운동에너지의 비가 최대가 되는 각도를 탐색하였다.","효율성, 각도, 사행동, 안정성"
충남대학교,2024,수학,자_1_수학_57,스트링 아트에서의 타원 에피사이클로이드,김서율･김태욱･장윤호,충남과학고등학교,임지민,박진해,"본 연구의 목적은 타원형 사이클로이드를 스트링 아트로 시각화하는 방법을 제안하는 것이다. 기존 연구의 에피사이클로이드를 스트링 아트로 구현할 수 있다는 사실로부터, 타원의 궤적을 따라 생성 되는 사이클로이드도 스트링 아트로 표현 가능할 것이라 가정했다. 이를 위해 스트링 아트로 표현할 타원형 사이클로이드의 매개변수 방정식을 도출하였고, 이 과정에서 회전 변환, 행렬 연산, 그리고 타원의 기하학적 성질 등의 수학적 개념을 활용하였다. 도출된 매개변수 방정식을 바탕으로,","스트링 아트, 타원, 사이클로이드, 에피사이클로이드, 하이포사이클로이드"
충남대학교,2024,화학,자_4_생물_28,전류 자극이 애기장대( Arabidopsis thaliana ),김건우･김하랑,대전과학고등학교,장은영,오만호,"분석하여 수경재배의 효율성을 높이는 방법을 탐구하고자 하였다. 전기영동 장치를 활용해 전류 유의미하게 상향 조절됨을 확인하였다. 이 연구는 전류 자극이 식물 생장에 미치는 영향을 유전 자 수준에서 밝힘으로써, 농업에서의 전기 자극 활용 가능성을 제시하며, 수경재배 기술을 포함한 친환경 농업 기술 발전에 기여할 수 있을 것으로 기대된다. 향후 연구에서는 다양한 전류 조건을","전류 자극, 수경재배, 애기장대, 종자 발아, 생장률"
충남대학교,2024,화학,자_4_생물_43,애기장대에서 진동 자극에 의해 발현되는,"었다. 하지만 농약의 과도한 사용은 토양 및 수질 오염을 야기하고, 장기적으로는 인간 건강에도",세종과학예술영재학교,고유선,오만호,부정적인 영향을 미치게 된다. 본 연구에서는 애기장대의 진동 자극에 의한 살리실산 면역 작용 경로 활성화 확인 후 형질전환을 통해 유전자 과발현을 유도하여 식물체의 질병 저항 기작을 강 화하고자 하였다. HSPRO2는 식물 질병 저항성 유전자이자 진동 자극에 의해 발현됨이 선행연구 에서 확인된 유전자이다. 살리실산 면역 작용경로에 위치한 WRKYs이 HSPRO2 유전자와 함께 진동자극과 살리실산 처리에 의해 그 발현이 증가하는지 qRT-PCR을 통해 확인하였다.,"애기장대(Arabidopsis thaliana), 진동 자극, 면역기작, 살리실산, 형질전환"
충북과학고등학교,2024,융합,자_8_융합_19,카메라를 이용한 길 터주기 드론 시스템 구축,김주헌･김지후･유준영,대전과학고등학교,김진욱,안영균,"인명과 재산 피해를 최소화하는 방안을 제시한다. 화재 진압 및 응급 구조 활동에서 시간의 중요 성에 주목하여, 드론을 활용한 사전 경로 확보 시스템을 설계하였다. 본 시스템은 컴퓨터 비전 기 술 중 하나인 YOLOv5 모델을 적용하여 도로상의 차량과 장애물을 실시간으로 탐지하고, 통해 소방차가 보다 신속하게 현장에 도착할 수 있도록 최적의 경로를 제공하며, 골든아워를 준 수할 수 있게 한다. 실험 결과, 드론 기반의 도로 분석 시스템은 차량 및 장애물을 효과적으로","인공지능, 드론 기술, 화재 대응, 컴퓨터 비전, 경로 분석."
충북대학교,2024,융합,자_8_융합_42,,정윤서･김지환,충북과학고등학교,박종혁,황영배,"본 연구는 자율주행차량의 경로 계획에서 안전성과 승차감을 동시에 최적화하는 방법을 제안한다. 를 생성하며, ISO 2631-1 표준에 따라 경로 곡률을 기반으로 승차감을 정량화하였다. 또한, 사 용자가 경로 길이와 곡률에 부여하는 가중치에 따라 맞춤형 경로가 가능하도록 설계하여 다양한","자율주행시스템, 경로 계획, 승차감 최적화, Rational Bezier 곡선, 장애물 회피"
충북대학교,2025,화학,지정_화학_05,,"PVP와 각각 수소 결합을 형성함으로써 고분자에서 물을 끌어당기고, 이를 MOF로 전달하는 형",대전동신과학고등학교,강민호,교수,"최근 기후 위기가 심화함에 따라 인프라가 부족한 건조 기후 지역에서 물 부족 문제해결의 필요 성을 인식하였다. 따라서 금속-유기 골격체(MOF)의 수분 흡착 능력을 높이기 위해 친수성 고분 혼합한 경우에는 고분자가 MOF-801의 기공을 가 로막으며 수분 흡착 효 율이 다소 하락하였음을 확인하였다. 반면 UiO-66에 PVA, PVP를 혼합한 경우 UiO-66의 노출된 유기 리간드가 PVA, 태로 수분 흡착 메커니즘이 변화하며 단위 MOF의 질량 당 수분 흡착 효율이 일부 향상되었음을","금속-유기 골격체(MOFs), 고분자, 수분 흡착"
충북대학교,2025,화학,지정_화학_10,폐페트병을 이용한 금속-유기 골격체(MOF),"하여 암모니아 흡착 실험을 수행하였으며, 압력 감소 경향을 통해 흡착 능력을 검증하였다. 본",충북과학고등학교,김영주,교수,"본 연구는 폐플라스틱(PET)을 활용하여 금속-유기 골격체(MOF)인 MIL-101(Fe)를 합성하고, 이를 이용한 암모니아(NH 3) 기체 흡착 특성을 탐구하였다. 폐플라스틱(PET)에서 유기 리간드인 BDC(1,4-benzenedicarboxylic acid, 테레프탈산)를 추출하고, 이를 이용해 MIL-101( Fe)를 합성한 뒤 P-XRD를 통해 구조를 확인하였다. 또한 주사기 기반 밀폐형 기체 챔버를 자체 제작 연구는 폐플라스틱의 자원 순환과 악취 저감을 동시에 실현할 수 있는 지속 가능한 화학적 재자","금속-유기 골격체(MOF), MIL-101(Fe), 폐 플라스틱(PET) 재활용, 암모니아 흡착,"
충북자연과학교육원,2024,지구과학,글_5_지구과학_01,산수화에 나타나는 그라데이션 효과와 스푸마토 기법의 대기과학적 분석,김한결･이우진･김주영,대전과학고등학교,김진욱,황경하,"동서양의 산수화에서도 확인할 수 있으며, 미술에서는 이를 스푸마토 기법이라 칭한다. 본 연구는 라즈베리파이와 센서를 활용하여 신뢰할 수 있는 환경 데이터를 정밀하게 수집하고, 실시간 환경 모니터링을 통해 풍경의 색상 그러데이션과 차이를 환경적 요인과 연결 지어 분석하고자 한다. 주요변수라 판단한 온도와 습도를 측정하여 데이터베이스를 구축하고, 정해진 시간 간격으로 풍경 사진을 촬영해 색채(RGB) 차이를 측정한 후, RGB 데이터와 온습도와의 상관관계를 분석하였다.","산수화, 스푸마토 기법, RGB, 온도와 습도"
충청북도교육청,2025,물리,IP_물리_01,편광 소광현상을 이용한 광학 기반 정보 저장,"측정하고, 편광판과 센서를 각각 여섯 개로 확장하여 0°, 45°, 90°의 각도 조합으로 정보를",대전과학고등학교,김진욱,장학사,"정보 저장 방식을 제안하고, 그 물리적 가능성과 암호화적 의의를 실험적으로 검증했다. COB 저장했다. 엑셀 분석 결과는 말루스의 법칙과 부합하였으며, 각도에 따른 광도 패턴이 명확히 구분 되어 정보를 안정적으로 판독할 수 있었다. 특히 특정 편광 각도에서만 데이터가 해독되는 특성을 보여, 물리적 암호화 저장 방식으로의 응용 가능성을 확인했다. 실험 결과를 바탕으로 고밀도 정보 저장과 보안 기술의 융합이라는 새로운 연구 방향을 제시하고자 한다.","편광, 정보 저장 장치, 아두이노, 암호"
크립스항체연구소,2025,생명과학,지정_생명과학_11,,"마련하는 것으로, 이는 감염병의 빠르고 정확한 진단이 효과적인 방역과 치료를 위한 핵심 요소",세종과학고등학교,이지아,센터장,"이기 때문이다. 방법으로 indirect ELISA를 수행하였으며, 자체 발굴 항체 “84”와 대표적 중화 항체 “bamlanivimab”을 이용해 wild type 및 델타 변이 항원에 대한 반응성을 비교하였다. 그 결과, 항체 농도 증가에 따라 흡광도가 상승하였고, 84 항체와 Bamlanivimab의 특이성과 반응 성의 차이를 확인하였다. Negative control에서는 낮은 신호를 확인하여 비특이적 결합이 크지 않음을 검증하였다. 특히 “84” 항체는 변이체에서도 일정 수준의 반응성을 유지하여 향후","COVID-19, Indirect ELISA, 항원-항체 반응, 진단키트 개발"
한국과학기술연구원(KIST),2025,융합,지정_융합_04,노인건강 모니터링을 위한 On-Device sLLM 기반 라이프로그 시스템의 모델 구축,"기존의 병원 중심 관리 방식은 특정 시점의 진단에 그쳐, 연속적이고 실시간적인 모니터링에",세종과학고등학교,한정신,책임연구원,"최근 극심한 고령화로 인해 노인 건강 관리와 돌봄의 수요가 폭발적으로 증가하고 있다. 그러나 모니터링 시스템을 사용해 데이터를 클라우드로 전송하지 않고 기기 내에서 직접 처리함으로써 개인정보 보호를 강화하고, Wi-Fi CSI 및 센서 데이터를 활용해 행동과 상태를 실시간으로 분석 한다. 이를 통해 노인들에게 저비용의 연속적 건강 관리 서비스를 제공할 수 있으며, 의료 불평등","노인 건강 모니터링, On-Device sLLM, Wi-Fi CSI, 개인정보 보호"
한국과학기술연구원(KIST),2025,융합,지정_융합_26,,강재원·김강래·이수혁·이의찬·최연우,대전동신과학고등학교,노영우,선임연구원,"본 연구에서는 수분을 이용한 자발적 전압 생성을 정량적으로 측정하기 위하여 전압 생성 소자인 MEG(Moisture-Enabled Generator)를 제작 및 정량적인 분석을 진행하였다. CNT의 양을 달리하여 두 번 실험을 진행하였다. 실험 결과, MEG의 최대 출력 전압은 CNT가 적은 경우 200SmV, 많은 경우 50mV로 측정되었다. MEG의 특성 분석을 통해, 과도한 수분이 인가될 경우 이온 농도 구배가 형성되지 않아 전압이 감소하는 경향을 확인하였다. 아울러 소자의 재사용","MEG, 수분, 전압 생성"
한국과학기술연구원(KIST),2024,융합,지_8_융합_62,,차재민･강창역･주윤재･한지민･송수민,세종과학고등학교,이예린,고희동,구체적으로 행동 기록 프로그램을 제작하는 것을 목표로 한다. 증가하는 노인 인구 속에서 보호 사의 수가 절대적으로 부족함을 느꼈기에 이를 극복하고자 AI와 탈 중앙화 기술을 접목시킨 서비 용하여 P2P 네트워크를 구성하였다. 이후 rule-based과 machine learning 기반의 모델을 제 작하여 동작을 기계가 스스로 판단하도록 하였다.,"IoT, IPFS, 요양 서비스, MQTT, machine learning"
한국과학기술연구원(KIST),2024,융합,지_8_융합_63,,김준영･유선준･이정우･장현성,인천과학예술영재학교,김형섭,이병철,"초음파 무선 전력 전송 방식은 수중 기기와 인체삽입형 전자기기에 활용할 수 있는 전력 전송 방 구는 초음파 트랜스듀서의 송신부와 수신부 사이의 전력 전송에서 관련 변인에 따른 효율과 전송 특성을 탐구하였다. 선행 연구를 토대로 거리와 각도, 진동수에 따른 전력 전송 효율과, 감쇠 계 무선전력 전송의 변인에 대한 특성 및 전송 효율 최적화에 대한 기초 자료를 제공하고자 한다.","초음파, 에너지 전송 효율, 감쇠 계수"
한국과학기술연구원(KIST),2024,융합,지_8_융합_68,인공시각을 위한 명도에 따른 망막의 신경,김현경･명진우･윤준혁,한성과학고등학교,오지환,임매순,"사되었으며, 신경 세포 간 상관관계와 상호 정보량을 측정하였다. 분석 결과, 명도의 변화에 따른 신경 반응 특징을 밝혀내어, 인공 시각 시스템에서 명도에 따른 개체별 차이와 시각 자극과 반대 로 작용하는 신경 세포 간의 상호작용을 고려해 개인 맞춤형 자극이 필요함을 제안하였다. 연구 결과는 다양한 환경에서의 시스템 유연성을 높일 수 있는 기초 자료로 자리매김할 수 있다","인공 시각, 명도, 상호 정보량, 상호 상관 분석, 비모수 검정"
한국과학기술연구원(KIST),2025,생명과학,지정_생명과학_08,스트레스 과립 매개 미토콘드리아 핵 주변 군집과 열 충격 반응 조절 메커니즘 규명,이다인·김지호·윤여민·안규리,대전동신과학고등학교,육진경,조원기,"세포는 외부 스트레스에 노출될 때 다양한 방어 기전을 가동하여 항상성을 유지한다. 대표적인 반응으로는 액체-액체 상분리에 의해 형성되는 스트레스 과립(stress granule, SG)과, 미토콘 드리아가 세포질에서 핵 주변으로 재배치되는 perinuclear mitochondrial clustering이 있 다. 본 연구에서는 산화적 스트레스를 유도하는 약물인 sodium arsenite를 세포에 처리한 뒤, 공 초점 현미경을 이용하여 SG 형성과 미토콘드리아의 위치 변화를 관찰하였다. 이후 ImageJ와","Stress Granule, Perinuclear m itochondrial clustering, Cyto chrome c, Ca² +,"
한국과학기술정보연구원,2024,정보,지_6_정보_56,예측 프로그램 개발,강효승･박효원･최지우･한서진,대전동신과학고등학교,채지영,정찬석,"본 연구에서는 목적 단백질의 용해도를 실험으로 알아내는 것은 큰 시간과 비용이 소요되므로, 실험의 효율성을 높이기 위해 목적 단백질의 용해 가능성을 예측하는 프로그램을 개발하고자 하 였다. 구체적으로, 사용자가 목적 단백질의 아미노산 서열 입력 시 데이터베이스 내 타 단백질과 의 유사도와 그 용해 여부를 바탕으로 목적 단백질의 용해 가능성을 예측하도록 하였다. 이때 레 벤슈타인 유사도와 코사인 유사도를 사용하였으며, 용해 가능성 예측에는 로지스틱 회귀 및 랜덤","단백질, 유사도, 용해 가능성, 아미노산 서열, 회귀분석"
한국과학영재학교,2024,융합,글_8_융합_02,한국의 지형과 사계절을 고려한 태양광추적기 제작과 에너지효율에 대한 연구,이소담･유재원･강성진･정너울,부산일과학고등학교,김승만,이시카예프,"자 하였다. 첫 단계로 산속 골짜기에 위치한 우리학교 옥상에에 설치된 태양전지판의 구조와 및 태양 빛의 조도와 관련된 지형적 환경을 파악하기 위해서 드론촬영을 실시하였다. 둘째로 솔라트 레커의 작동과정, 각 모듈별 구조, 가상 출력에너지(power) 등 솔라트레커 제작 준비 단계인 공 학적 모델링(matlab) 수행하였다. 연구내용의 핵심과제인 솔라트레커 제작에서는 태양광 발전의 효율성을 극대화하기 위해 태양빛을 감지하는 CDs 조도센서를 부착하고 태양의 위치에 따라 패","솔라트래커, 솔라트레커 모델링, 태양전지판, 한국 산악지형, 전기에너지 효율"
한국교원대학교,2024,수학,자_1_수학_26,공간으로의 확장,오준호･정윤하･최광혁,대전과학고등학교,김기탁,조민식,"세 변에 내린 수선의 발들로 이루어진 삼각형이다. 첫째, 본 연구에서는 공학적 도구인 GSP와 지오지브라를 활용하여 Pedal 삼각형의 기하학적 성질들을 새롭게 찾아내고 증명하였다. 탐구한 결과로 내접원 위의 임의의 점에서 만든 Pedal 삼각형의 무게중심의 자취가 항상 타원임을 확인 했다. 둘째, 본 연구에서는 평면에서의 성질을 공간으로 확장하였다. Pedal 삼각형을 공간으로 하는 것을 확인하였다. 또한 대칭 Pedal 사면체를 정의한 후, Pedal 사면체와 대칭 Pedal 사면체","Pedal 삼각형, Pedal 사면체, 대칭 Pedal 삼각형, 대칭 Pedal 사면체, 등각켤레점"
한국교원대학교,2024,화학,자_4_생물_14,백색부후균을 이용한 방화복 PAHs 제거 키트,심보라･신은우･김병준･김다영･박미서･하연후,경산과학고등학교,김준호,엄안흠,"방화복에 흡착되어 소방관들의 피부와 호흡기로 인체로 유입되며, 방화복으로 인해 주변에 PAHs가 유출되어 2차 피해가 발생한다. 이 문제를 해결하기 위해 백색부후균의 난분해성 물질을 분해할 수 있는 리그닌 분해 효소를 사용하여 방화복의 PAHs를 제거할 수 있는 세척 키트를 제작하였다. 키트 제작에 사용하였다. 제작한 키트의 효능을 검증하기 위해 PAHs가 흡착된 방화복을 사용하 였으며, 방화복에 흡착된 PAHs를 추출하여 키트 사용 전후의 PAHs의 양을 비교하였다. 실험을","방화복, PAHs, 백색부후균, 리그닌 분해 효소"
한국교원대학교,2024,화학,자_4_생물_15,유해곤충 꽃매미( Lycorma delicatula )의 기주식물인 포도나무( Vitis.)와 가죽나무(Ailanthus altissima )를 활용한,최호영･김재한･김윤현,경산과학고등학교,김준호,김기대,"꽃매미(Lycorma delicatula )는 포도나무와 같은 작물에 주로 서식하며, 농업에 심각한 피해를 주 는 외래종 해충이다. 본 연구는 꽃매미의 효과적인 방제 방안을 모색하기 위해 가죽나무와 포도 나무의 추출물을 활용할 가능성을 탐색하였다. 이를 위해, 경상북도에서 가죽나무와 포도나무 시 료를 직접 채집하여, 환류 추출기를 이용해 메탄올 추출물을 제조하였다. 추출물의 유인 효과를 평가하기 위해 실험에 적합한 구조물을 설계하고, 이를 통해 꽃매미의 유인 반응을 관찰하였다.","꽃매미, 가죽나무, 포도나무, 친환경 방제, 외래 유입종"
한국교원대학교,2024,정보,자_7_공학_03,화재 현장을 감식하는 수륙양용 구형 로봇의,김시윤･박시준･황동환,경산과학고등학교,최재혁,이경택,"방 보조 구형 로봇을 개발하고, 프로토타입의 제작 및 구동을 통하여 화재 발생 시 인명을 구조 한 프로토타입의 로봇을 바탕으로 성능 향상을 위한 표면 재질 및 다양한 센서의 작동을 연구하 였고, 개선점을 거듭 해결하며 소방 보조 로봇을 개발하는 연구를 진행하였다.","자이로스피어, 소방 로봇, 소형 로봇, 화재 감식, 인명 구조"
한국교원대학교,2025,수학,자율_수학_28,,"존재성 및 유일성, 넓이 등 다양한 기하학적 성질에 대해 탐구하였다. 본 연구를 통해 다음과 같은",대전과학고등학교,조영민,윤종국,"본 연구에서는 삼각형의 Mandart Circumellipse를 정의하고, 삼각형의 Mandart Circumel lipse의","Mandart Circumellipse, Manda rt Inellipse, Orthic Inconic, 삼각형"
한국기계연구원,2024,융합,지_8_융합_54,내 말을 알아듣는 로봇: LLM을 이용한 로봇 제어,김고은･류언율･전다인,대구과학고등학교,,서준호,음성 인식 알고리즘과 LLM을 통해 사용자의 명령을 실시간으로 분석하고 YOLO 모델을 생성해 다양한 음식을 인식하여 최종적으로 로봇팔의 목표 지점 이동 시스템을 구축했다.,#LLM #로봇제어 #기계 #소통 #이미지분석
한국기술연구원,2024,융합,지_8_융합_58,,박종민･이의민･김완호･조재현,대전동신과학고등학교,이규혁,손장엽,"끝없는 화석연료의 사용으로 인해 석유는 고갈되고, 인간은 수소 등 새로운 에너지에 관심을 두 고 있다. 현재 생산되는 수소의 96%가 CO 2 가 발생하는 그레이수소이며, 오직 수소와 산소만 발생하는 그린수소를 사용하고자 하지만 기술적 ･효율적 제약이 많다. 이에 본 연구팀은 촉매(물 질, 비율), binder, 감압의 정도를 조절해가며 film을 직접 만들어보고, 교효율의 전극을 만들어 그린수소 생산 기술을 발전시키고자 연구를 진행했다.","전기분해, 촉매, 전극, Pt, 2차원 소재"
한국전자통신연구원,2024,정보,지_7_공학_46,플렉서블 이차전지 응용 연구,박서현･최헌서･고영민,충북과학고등학교,연광흠,신동옥,"본 연구에서는 손 마비 환자가 물건을 쉽게 잡을 수 있도록 돕는 착용형 로봇손을 개발하였다. 는 플렉서블 이차전지를 적용하기 위해 플랙서블 이차전지 제작 및 성능테스트를 진행하였고, 이 를 통해 로봇손은 구부러지는 신체 부위에 부착할 수 있는 장점을 갖추었다. 근전도 센서를 이용 해 모터를 제어하는 방식으로 설계하여 손가락의 움직임을 조정하였다. 최종적으로 제작된 손 로 봇은 플렉서블 이차전지가 응용되었기 때문에 신체적 움직임에 의한 내구성, 공간 활용적 측면과","착용형 로봇손, 플렉서블 이차전지, 근전도 센서, 재활, 웨어러블 기기"
한국전자통신연구원,2024,융합,지_8_융합_66,자율주행청소차를 위한 도로쓰레기 인식 방법,지주환･양태근･김지훈,충북과학고등학교,배성진,김성훈,"자율주행청소차는 투명한 물체 인식의 어려움으로 상용화에 어려움을 겪고 있다. 본 연구는 자율 주행청소차의 도로 청소 작업 효율성과 실용성을 높이기 위해, 투명한 물체를 인식할 수 있는 머 하고, 다양한 데이터 증강 기법을  적용하여 5000장의 학습 데이터를 구축하였다. 결과적으로, 모 델의 인식률은 90%를 넘었으나, 과적합 문제로 인한 오인식 현상이 발생하였다. 이를 해결하기 위해 고속도로에서 발견되는 물체를 추가 클래스로 분류하여 라벨링하는 방법을 도입하였다. 더","자율주행청소차, 투명물체인식, YOLO모델, 다중클래스분류, 데이터증강"
한국천문연구원,2025,지구과학,지정_지구과학_20,,"소행성의 형태는 궤도 예측, 탐사선 착륙 지점 선정, 태양계 형성과 진화의 이해에 있어 중요한",서울과학고등학교,여정필,책임연구원,"Lanzia로 선정하여 덕흥천문대에서 원격 관측을 진행했다. python 프로그램을 통해 소행성의 이용해 소행성의 장반경)/(단반경) 값을 계산했으며, meshlab에서 제공된 실제값과 비교했다. 추가 적으로, DAMIT 프로그램을 활용해 소행성의 모양을 예측했다. 본 연구는 소행성의 light curve 분석과 형상 추정을 통해 적은 양의 데이터로도 진행한 분석의 타당성을 밝히는 데 의의가 있다.","소행성, 광도곡선, 형태 추정"
한국천문연구원,2025,지구과학,지정_지구과학_26,측광분석을 통한 소행성 물리 특성 추정 및 궤도변경을 위한 충격량 계산,"본 연구는 교내 천체 관측 장비를 활용하여 소행성의 물리적 특성을 규명하고, 교내 장비의 연구적",충북과학고등학교,서진수,책임연구원,"원격 관측을 통해 자료 해석 및 분석 방법의 타당성을 검증한 뒤 이를 교내 관측에 적용하였다. 방법의 확장 가능성을 탐색하였다. 이어진 교내 관측에서는 색지수 산출 과정에서 일부 오차가 발생하였으며, 이는 대기 소광과 필터 대역 불일치에 기인한 것으로 분석하였다. 이러한 원인 규명과 개선 방안을 제시함으로써, 교내 장비를 활용한 천체 관측 연구의 실질적 가능성과 발전","소행성, 교내관측, 측광관측, 궤도, 행성방위ㄴ"
한국천문연구원,2024,지구과학,자_5_지구과학_03,도심에서 600mm 소형 망원경을 이용한 외계행성 트랜짓 분석,박주찬･신재헌･조윤성,경기과학고등학교,박기현,박윤수,"외계행성은 태양이 아닌 항성 주위를 공전하는 행성을 말하고, 외계행성의 발견 방법 중 외계행 성이 모항성을 가리며 발생하는 광도의 차이를 이용한 방법을 트랜짓이라 부른다. 이러한 트랜짓 현상은 모항성의 아주 작은 광도변화를 감지해야 하므로 성능이 매우 좋은 망원경과 관측 환경을 하지만 도심에서의 관측은 광공해로 인해 매우 어렵다. 이에 본 연구에서는 도심에서 소형 망원 경을 사용하여 외계행성의 트랜짓 현상을 촬영하고, flat, bias, dark보정 과정을 거쳐 전처리된","외계행성, 트랜짓, CCD, 소형 망원경, 데이터 전처리"
한국천문연구원,2024,지구과학,지_5_지구과학_29,소행성의 CCD관측을 통한 운동 분석 및 추락,김민찬･김주혜･양해성,충남과학고등학교,천종배,김명진,분석을 통해 충돌 위험도를 예측하도록 한다.,"소행성, CCD 관측, 광도 측정, 자전 주기, 공전 궤도"
한국천문연구원,2024,지구과학,지_5_지구과학_30,,안성준･김하늘･장지웅･손민기,충북과학고등학교,안영균,김명진,소행성의 광도곡선은 소행성의 3D 형상을 비롯한 각종 주요 물리량을 내포하고 있어 소행성 연구에 필수적인 데이터이다. 하지만 기존 소행성 3D 형상 모델링 연구들은 10년 이상의 관측 한다. 본 연구는 광도곡선 역산법을 Kolmogorov-Arnold Network (KAN)으로 모델링하여 분석 하고 3D 형상을 추출하는 딥 러닝 파이프라인을 제안한다. Kanpiler를 통해 Convex Profile Inversion (CPI) 수식을 모델링한 후 DAMIT 데이터셋에 대한 추가 학습을 통해 광도곡선 역산,"소행성, 광도곡선 역산법, 3D 형상, KAN"
한국표준과학연구원,2024,융합,지_8_융합_64,인공지능을 이용한 단백질 간 상호작용 예측 및 생물리학적 실험을 통한 검증,오승연･김수현,충북과학고등학교,김대용,김일환,"모델로 각각 단백질의 3차원 구조와 HIV-1 역전사효소의 결합 부위를 예측하는 AI 모델을 구현 Uniprot과 Alphafold 데이터로 모델을 구성해 대략적인 단백질 구조 예측에 성공하였고,","Attention Mechanism, Autoen coder, Transform er model, 단백질 간  상호작용"
한국표준과학연구원,2024,융합,지_8_융합_65,freudenreichii의 Vitamin B12 과발현에,심예준･민지원･이지효,충북과학고등학교,최병훈,김일환,"비타민 B12는 인체에서 합성되지 않아 외부 섭취가 필수적이며, 이에 따라 효율적인 비타민 선(UV) 조사를 통해 증대할 가능성을 탐구하였다. 배양한 균주에 UV A를 1, 2, 5, 10, 30분간 조사 후 비타민 B12 생산량을 비교 분석했다. 비타민 B12 정제 후 UV-vis 분광광도계를 통해 광도 값 또한 나타나지 않았다. 이러한 결과로부터 본 연구는 비타민 B12 과발현에 대한 UV 조 사 효과가 일부 제한적일 수 있음을 시사하며, 향후 연구에서는 실험 환경 최적화 및 조건 변화","엘리시터, 자외선, 과발현, vitamin B12, Propionibacterium freudenreichii"
한국항공우주연구원,2024,물리,자_2_물리_54,선박에서 자이로 스테빌라이져 전력 사용을 최소화하는 PD 제어기 계수 도출 방법 연구,김주헌･박준영･이준혁･정우식･제상후,인천과학고등학교,김병수,이선호,"세월호 참사가 어느덧 10주기를 맞이하였지만, 현재까지도 선박 침몰 사고는 지속적으로 일어나 하는 것이다. 평형을 유지하는 장치인 자이로 스테빌라이져를 활용하면 사고를 막을 수 있지만, 소모되는 전력이 많아 중대형 선박에선 많이 사용되지 않았고, 에너지적으로 더 효율적인 자이로 스테빌라이져의 작동을 연구하고자 했다. 자이로 스테빌라이져의 동역학은 PD 제어기를 따르기에 임의의 부유체에서 에너지 사용 정도를 최소화하는 PD 제어기의 계수를 구하는 방법을 시뮬레이","선박(shipping), 자이로 스테빌라이져(gyro s tabilizer), PD 제어기(PD contr oller)"
한국화학연구원,2025,융합,지정_융합_07,폐플라스틱의 화학적 재활용,본 연구에서는 사이클로헥사논을 이용하여 혼합 폐플라스틱 중 PVC를 선택적으로 용해·제거하는,대구과학고등학교,우태성,책임연구원,"공정을 검토하였다. FTIR 분석을 통해 처리 전후 시료의 흡수 피크 변화를 확인한 결과, PVC 특유의 피크가 제거된 시료에서 소실되어 PVC의 성공적인 분리가 입증되었다. 반면 PET, PP, PS 등의 PVC를 제외한 다른 플라스틱 성분에서는 주요 피크가 유지되어 공정이 다른 고분자의 구조적 손상을 유발하지 않는 비파괴적 처리임을 확인하였다. 본 연구는 플라스틱 재활용 공정에서","FTIR, 플라스틱, 재활용, 용매 추출"
한국화학연구원,2025,융합,지정_융합_48,인공지능 기계학습 기반 최적화 기법을 이용한 복잡유체 완화모듈러스 예측: Bayesian,"본 연구는 복잡유체의 선형 점탄성 응답을 나타내는 완화 모듈러스 G(t)를 대상으로, 기계학습 기반",한성과학고등학교,김채연,선임연구원,"최적화 기법을 적용하여 물성 예측의 효율성을 평가하였다. 베이지안 최적화(Bayesian 브리드 BO→RL 방식을 비교한 결과, 하이브리드 모 델이 MSE 0.1536, R² 0.9656으로 가장 결합은 탐색 효율성과 수렴 정밀도의 균형을 달성하였다. 본 연구는 복잡유체의 비선형 물성 분","유변학, 완화모듈러스, 베이지안최적화, 강화학습, 하이브리드최적화"
한국화학연구원,2025,융합,지정_융합_53,상향변환 나노입자의 피부 세포 항산화 능력에,"전달에 필수적인 역할을 하지만, 과량의 ROS 축적은 DNA 손상, 유전적 불안정성, 약물 내성",세종과학고등학교,박수연,최민석,"(ROS) 조절 및 항산화 효과를 증진시키는 가능성을 탐구하였다. ROS는 세포 항상성과 신호 등을 초래하여 세포 생존에 부정적인 영향을 미친다. 이를 해결하기 위해 본 연구에서는 근적외선 내부에서 비침습적으로 항산화 작용을 유도하고자 하였다. Detro it 573 피부세포를 배양한 뒤, 분석하였다. 형광현미경을 이용한 Bio-Imaging 결과, UCNP 농도 10 nM에서 가장 넓은 형광 분포와 높은 세포 생존 신호가 관찰되었으며, 이는 UCNP의 상향변환 발광이 세포 생존율 향상에","세포 회복, 활성산소종(ROS), 상향변환 나노입자, 항산화"
한국화학연구원,2025,융합,지정_융합_54,물체(소재)의 표면 성질에 따른 줄기세포 및,"현대 사회에서 대체당은 건강식품의 대안으로 널리 사용되고 있으나, 안전성 논란이 지속되고 있다.",세종과학예술영재학교,신현정,최민석,"분석하였다. 아스파탐, 아세설팜 칼륨, 수크랄로스를 코팅한 96-well에서 24h, 48h, 72h 동안 WST-8 분석을 수행한 결과, 아스파탐은 세포 증식에 큰 영향을 주지 않았으며, 아세설팜 칼륨은 중등도의 감소, 수크랄로스는 시간 의존적 생존율 감소를 보였다. 결론적으로 각 대체당은 세포 기질 상호작용을 다르게 교란하였으며, 아스파탐은 안전한 대조군, 수크랄로스는 주의가 필요한","대체당, 코팅, 대장암세포, 세포 생존율"
한국화학연구원,2025,융합,지정_융합_87,빛을 변환하는 나노입자를 활용한 암세포 재생,"상향변환 나노입자를 흡수함을 확인할 수 있었다. 또한, 나노 입자 처리 시 세포 생존율의 감소가",전북과학고등학교,최안나,최민석,"상향변환 나노입자는 더 적은 에너지의 근적외선 대역의 빛을 가시광선 대역으로 변환한다. 이러한 입자와 악성 종양의 상호작용은 아직 알려지지 않았다. 본 연구에서는 상향변환 나노입자를 통해 악성 종양에 대해 증식 촉진 효과를 얻을 수 있음을 밝힌다. 본 연구에서는 in vitro 환경에서 교모 할 수 있는 증식 효과를 낼 수 있다. 또한, 상향변환 나노입자가 피부세포 외에도 다른 세포종에도 활성을 나타낼 수 있는 것을 암시한다. 하지만 이 연구에서는 단일 암종을 대상으로 실험하였기에,","상향변환 나노입자, 근적외선, U-87 MG, 항암, 세포증식"
한국화학연구원,2024,정보,자_7_공학_39,자기장 유도를 통한 고분자 전해질막 연료전지용 CNT-Fe 3O4가 담지 된 캐소드 촉매층에서 물질 전달 및 촉매 활성화 성능 향상,오근환･최원종･강인구･김원종･최윤서,충남과학고등학교,김용실,오근환,있다. 따라서 새로운 촉매층 구조 개발은 상용화 가능성을 크게 향상시키고 지속 가능한 에너지 시스템으로의 전환을 가속화하는 데 있어 매우 중요하다. 효율을 향상시키는 것에 있다. 특히 산소의 효율적인 공급과 반응 생성물(H 이 연구에서는 CNT-Fe 3O4를 캐소드 촉매층에 도입하여 자기장 인가를 통해 내부 구조를 제어 하는 연구를 진행하였다. 그 결과 생성되는 물의 제거와 공급되는 산소의 이동을 용이하게 함으,"고분자 전해질막 연료전지(PEMFC), 캐소드 촉매층, 카본나노튜브, 자속 밀도, 물질"
한국화학연구원,2024,융합,지_8_융합_48,색이 조절되는 페로브스카이트 박막 구현,이승민･이상현･이주형,경기북과학고등학교,최재원,김영윤,"페로브스카이트 태양전지의 제작 공정에 따라 페로브스카이트 내 할로젠 원소의 비율을 다르게 하여 여러 가지 색깔의 태양전지를 제작하여 보고, 각각의 효율을 비교 및 분석한다.","페로브스카이트, 태양전지, 박막"
한국화학연구원,2024,융합,지_8_융합_60,곡률 반경에 따른 페로브스카이트 태양전지의,김근우･김기은･성강민･최현준,동신과학고등학교,강보경,김영윤,"본 연구는 페로브스카이트 태양전지의 곡률 반경에 따른 전기적 특성 및 광전 변환 효율(PCE)의 변화를 체계적으로 분석하였다. 유리 기판과 PET 기판에 각각 페로브스카이트 태양전지를 제작하 여, 곡률 반경이 0.5mm에서 9mm까지 다양한 조건에서 전기적 특성을 측정하였다. 실험 결과, 곡률을 가하지 않은 상태에서 최대 효율이 20% 이상 기록되었으며, 곡률 반경이 9mm에서 이 1mm 이하로 줄어들면 급격한 효율 감소가 발생하였고, 특히 0.5mm의 극단적인 곡률에서는","페로브스카이트 태양전지, 유연성, 곡률 반경, 전력 변환 효율(PCE), 기계적 안정성"
한양대학교,2024,물리,자_2_물리_20,종이접기 패턴을 이용한 정규분포 곡선의,박규민･신승민･황승현,경북과학고등학교,강종현,최준명,분기점을 제작하였다. 각각의 분기점들을 Galton board의 핀들을 대체하여 설치하였고 최종적 으로 퇴적 형태를 상수함수의 형태로 최적시키는데 성공했다. 이후 3D 프린터를 이용한 분기점들을,"종이접기, Miura fold, 정규분포, Galton board, 통계역학"
한양대학교,2024,지구과학,자_5_지구과학_05,2차원 조파수조에서 불규칙파 생성 가능한,김태균･김호현･이승현,경기과학고등학교,박기현,신성원,"본교에 비치된 조파 수조는 탈조 현상이 자주 일어난다는 점과 규칙파만 생성할 수 있다는 한계가 존재하여 이를 해결하기 위해 새로운 조파기를 제작하였다. DC 서보 모터와 리니어 액츄에어터, Raspberry pi를 이용해 구동부를 제작하고 이와  호환되는 프로그램들을 이용해 소프트웨어를 구 후 파도의 움직임을 트래킹하는 실험을 통해 조파기의 정확도를 측정할 것이다.","irregular wave tank, wave gauge, raspberry pi, DC servo mo tor"
한양대학교,2024,정보,자_7_공학_26,마그누스 풍력발전기의 셀에서 일어나는 와류,이찬영･김연준･배윤재･홍수민,세종과학예술영재학교,김지현,최준명,"마그누스 풍력발전기는 수직축 풍력발전기의 일종으로, 마그누스 힘을 이용해 전력을 생산하는 방 식이다. 본 연구에서는 마그누스 풍력발전기에서 발생하는 카르만 와류를 CFD(전산유체역학)를 이용해 시뮬레이션하고, 이를 실험적으로 검증하였다. CFD 시뮬레이션을 통해 원기둥 주위에서 발생하는 유체의 흐름을 관찰하고, 이 흐름이 마그누스 풍력발전기의 효율에 미치는 영향을 분석 하였다. 실험에서는 원기둥 사이의 간격을 변화시켜 와류의 특성을 조사하였으며, 이를 통해 마그","수직축 풍력발전기, CFD, 마그누스 힘, 와류, 효율"
한양대학교,2024,융합,자_8_융합_04,공간구문론과 GCN을 활용한 아파트 가격 예측,김정현·박상명·송주한·이유찬·이호연,경기과학고등학교,채상미,왕승현,"본 연구는 공간구문론(Space Syntax)을 활용하여 아파트 단위 세대의 공간 구성이 가격 형성에 미치는 영향을 분석하고, 이를 예측 모델에 통합하는 새로운 접근법을 제시했다. 서울특별시 구로 결과, 예측 모델의 평균제곱오차(MSE)가 기존 모델( 0.8112)보다 약 18.49% 감소한 0.6627을 을 실증적으로 입증하며, 공간적 특성을 효과적으로 반영하는 새로운 가격 예측 방법의 가능성을","공간구문론, 부동산, GCN, J-Graph, Visibillity Graph"
한양대학교,2024,융합,자_8_융합_40,남세균을 이용한 미생물 연료전지와 환경친화적 응용에 대한 연구,"성을 하며 전기를 발생시키는 동시에, 호흡으로 생성되는 이산화탄소를 광합성을 통해 다시 양분",충남과학고등학교,김시연,김태현,"본 연구는 남세균을 이용한 미생물 연료전지의 제작과 환경친화적 사용 방안을 마련하기 위한 목 적으로 진행되었다. 연료전지의 주 재료로 사용되는 남세균은 연료전지 내에서 세포 호흡과 광합 으로 전환하면서 탄소 중립을 유지하며 전기 에너지를 발전한다. 이렇게 친환경적인 방식으로 전 와 오염된 폐수 정화에 남세균 연료전지가 이용될 수 있는지에 대해서 연구를 진행하며 그 결과 를 확인하였다. 그 외에는 발전된 전기를 환경친화적 용도로 사용하거나, 연료전지로부터의 남세","남세균, 미생물 연료전지, 유기물, 녹조, 부영양화"
